order_id,user_id,order_date,product,price,currency,price_usd,region,acquisition_channel,customer_acquisition_cost,order_number
1,1,2024-10-21,Basic Frames,10.22,USD,10.22,US,Influencer,35,1
2,2,2023-04-25,Ray-Ban,164.58,USD,164.58,US,Social Media,25,1
3,3,2023-02-01,Basic Frames,17.91,USD,17.91,US,Email Marketing,10,1
4,3,2023-09-11,Basic Frames,14.32,USD,14.32,US,Email Marketing,0,2
5,4,2025-02-01,Fashion Frames,71.3,USD,71.3,US,Influencer,35,1
6,4,2025-03-08,Fashion Frames,43.7,USD,43.7,US,Influencer,0,2
7,4,2025-04-07,Fashion Frames,49.22,USD,49.22,US,Influencer,0,3
8,8,2023-05-24,Basic Frames,27.6,USD,27.6,US,Google Search,30,1
9,8,2023-08-10,Fashion Frames,47.42,USD,47.42,US,Google Search,0,2
10,8,2024-07-31,Basic Frames,16.3,USD,16.3,US,Google Search,0,3
11,9,2025-01-24,Fashion Frames,43.88,USD,43.88,US,Direct,5,1
12,9,2025-03-15,Basic Frames,29.4,USD,29.4,US,Direct,0,2
13,9,2025-04-18,Basic Frames,21.06,USD,21.06,US,Direct,0,3
14,9,2025-08-11,Basic Frames,17.91,USD,17.91,US,Direct,0,4
15,10,2023-05-06,Fashion Frames,33.72,USD,33.72,US,Social Media,25,1
16,10,2023-11-12,Fashion Frames,73.11,USD,73.11,US,Social Media,0,2
17,10,2024-01-23,Premium Frames,92.51,USD,92.51,US,Social Media,0,3
18,10,2024-10-20,Basic Frames,9.78,USD,9.78,US,Social Media,0,4
19,13,2025-07-09,Fashion Frames,36.65,USD,36.65,US,Google Search,30,1
20,15,2023-04-07,Basic Frames,26.61,USD,26.61,US,Social Media,25,1
21,15,2023-05-10,Fashion Frames,31.6,USD,31.6,US,Social Media,0,2
22,15,2023-08-06,Fashion Frames,33.25,USD,33.25,US,Social Media,0,3
23,15,2023-09-12,Fashion Frames,48.83,USD,48.83,US,Social Media,0,4
24,15,2023-11-21,Fashion Frames,76.09,USD,76.09,US,Social Media,0,5
25,16,2024-08-29,Fashion Frames,78.06,USD,78.06,US,Social Media,25,1
26,16,2025-01-18,Fashion Frames,32.73,USD,32.73,US,Social Media,0,2
27,16,2025-06-04,Basic Frames,25.27,USD,25.27,US,Social Media,0,3
28,17,2024-03-16,Basic Frames,21.74,USD,21.74,US,Social Media,25,1
29,17,2025-02-12,Premium Frames,96.49,USD,96.49,US,Social Media,0,2
30,18,2023-02-02,Premium Frames,144.19,USD,144.19,US,Google Search,30,1
31,18,2023-03-04,Oakley,145.59,USD,145.59,US,Google Search,0,2
32,18,2023-07-16,Premium Frames,137.99,USD,137.99,US,Google Search,0,3
33,18,2023-08-18,Fashion Frames,59.01,USD,59.01,US,Google Search,0,4
34,19,2023-02-12,Basic Frames,22.16,USD,22.16,US,Google Search,30,1
35,20,2023-04-10,Basic Frames,11.36,USD,11.36,US,Influencer,35,1
36,20,2023-09-13,Basic Frames,18.38,USD,18.38,US,Influencer,0,2
37,21,2023-08-15,Premium Frames,108.66,USD,108.66,US,Social Media,25,1
38,21,2023-09-14,Basic Frames,27.05,USD,27.05,US,Social Media,0,2
39,24,2024-09-18,Basic Frames,8.07,USD,8.07,US,Social Media,25,1
40,24,2024-11-24,Basic Frames,16.96,USD,16.96,US,Social Media,0,2
41,24,2025-03-29,Ray-Ban,187.52,USD,187.52,US,Social Media,0,3
42,25,2023-01-29,Basic Frames,24.83,USD,24.83,US,Social Media,25,1
43,25,2023-03-15,Basic Frames,23.75,USD,23.75,US,Social Media,0,2
44,25,2023-05-22,Basic Frames,11.82,USD,11.82,US,Social Media,0,3
45,26,2024-08-12,Basic Frames,29.32,USD,29.32,US,Google Search,30,1
46,30,2024-12-22,Fashion Frames,70.0,USD,70.0,US,Google Search,30,1
47,30,2025-02-11,Basic Frames,9.61,USD,9.61,US,Google Search,0,2
48,30,2025-03-13,Premium Frames,145.34,USD,145.34,US,Google Search,0,3
49,31,2024-07-30,Fashion Frames,57.54,USD,57.54,US,Social Media,25,1
50,31,2024-08-29,Basic Frames,21.26,USD,21.26,US,Social Media,0,2
51,31,2025-03-02,Premium Frames,128.85,USD,128.85,US,Social Media,0,3
52,31,2025-06-04,Fashion Frames,31.47,USD,31.47,US,Social Media,0,4
53,32,2024-03-27,Premium Frames,133.37,USD,133.37,US,Social Media,25,1
54,32,2024-07-24,Basic Frames,15.03,USD,15.03,US,Social Media,0,2
55,34,2024-04-11,Basic Frames,10.92,USD,10.92,US,Social Media,25,1
56,34,2024-08-03,Premium Frames,148.83,USD,148.83,US,Social Media,0,2
57,35,2024-08-30,Premium Frames,147.32,USD,147.32,US,Google Search,30,1
58,37,2025-04-12,Basic Frames,12.72,USD,12.72,US,Email Marketing,10,1
59,37,2025-05-12,Basic Frames,7.05,USD,7.05,US,Email Marketing,0,2
60,37,2025-06-11,Ray-Ban,173.92,USD,173.92,US,Email Marketing,0,3
61,39,2023-01-07,Premium Frames,142.79,USD,142.79,US,Social Media,25,1
62,39,2023-06-20,Fashion Frames,53.46,USD,53.46,US,Social Media,0,2
63,39,2024-03-25,Ray-Ban,225.04,USD,225.04,US,Social Media,0,3
64,39,2024-06-22,Fashion Frames,59.46,USD,59.46,US,Social Media,0,4
65,40,2025-03-03,Fashion Frames,62.22,USD,62.22,US,Direct,5,1
66,40,2025-04-02,Oakley,151.55,USD,151.55,US,Direct,0,2
67,41,2025-04-09,Fashion Frames,34.05,USD,34.05,US,Influencer,35,1
68,42,2023-06-15,Basic Frames,9.14,USD,9.14,US,Social Media,25,1
69,42,2023-08-08,Basic Frames,13.0,USD,13.0,US,Social Media,0,2
70,42,2024-02-20,Fashion Frames,72.69,USD,72.69,US,Social Media,0,3
71,42,2024-04-28,Fashion Frames,76.38,USD,76.38,US,Social Media,0,4
72,42,2024-05-28,Basic Frames,15.43,USD,15.43,US,Social Media,0,5
73,44,2024-03-09,Fashion Frames,53.19,USD,53.19,US,Google Search,30,1
74,44,2024-06-27,Oakley,138.69,USD,138.69,US,Google Search,0,2
75,44,2024-07-27,Fashion Frames,77.23,USD,77.23,US,Google Search,0,3
76,44,2024-09-15,Fashion Frames,37.67,USD,37.67,US,Google Search,0,4
77,44,2024-10-16,Basic Frames,24.48,USD,24.48,US,Google Search,0,5
78,44,2025-01-25,Basic Frames,8.62,USD,8.62,US,Google Search,0,6
79,45,2023-12-15,Ray-Ban,146.63,GBP,195.51,UK,Social Media,25,1
80,46,2023-10-16,Fashion Frames,36.92,USD,36.92,US,Direct,5,1
81,46,2024-01-24,Basic Frames,14.6,USD,14.6,US,Direct,0,2
82,46,2024-02-23,Fashion Frames,68.75,USD,68.75,US,Direct,0,3
83,46,2024-05-13,Basic Frames,16.85,USD,16.85,US,Direct,0,4
84,46,2024-07-12,Fashion Frames,53.7,USD,53.7,US,Direct,0,5
85,48,2023-08-21,Fashion Frames,70.57,USD,70.57,US,Email Marketing,10,1
86,48,2023-10-01,Premium Frames,101.99,USD,101.99,US,Email Marketing,0,2
87,49,2025-02-22,Basic Frames,20.48,USD,20.48,US,Social Media,25,1
88,49,2025-03-24,Basic Frames,11.16,USD,11.16,US,Social Media,0,2
89,51,2023-04-16,Basic Frames,23.07,USD,23.07,US,Social Media,25,1
90,51,2023-10-01,Basic Frames,29.24,USD,29.24,US,Social Media,0,2
91,51,2024-05-31,Fashion Frames,50.42,USD,50.42,US,Social Media,0,3
92,52,2023-04-11,Ray-Ban,180.59,USD,180.59,US,Google Search,30,1
93,54,2023-05-10,Fashion Frames,77.65,USD,77.65,US,Email Marketing,10,1
94,54,2023-09-01,Fashion Frames,72.88,USD,72.88,US,Email Marketing,0,2
95,54,2023-12-25,Basic Frames,19.34,USD,19.34,US,Email Marketing,0,3
96,55,2024-01-06,Ray-Ban,160.38,USD,160.38,US,Direct,5,1
97,56,2025-06-01,Basic Frames,25.05,USD,25.05,US,Social Media,25,1
98,57,2023-12-24,Fashion Frames,34.02,USD,34.02,US,Email Marketing,10,1
99,57,2024-05-23,Basic Frames,24.74,USD,24.74,US,Email Marketing,0,2
100,58,2024-09-14,Fashion Frames,40.71,USD,40.71,US,Social Media,25,1
101,58,2024-10-14,Premium Frames,108.64,USD,108.64,US,Social Media,0,2
102,58,2024-11-13,Basic Frames,22.47,USD,22.47,US,Social Media,0,3
103,58,2025-02-24,Fashion Frames,76.94,USD,76.94,US,Social Media,0,4
104,59,2023-10-02,Fashion Frames,59.72,USD,59.72,US,Email Marketing,10,1
105,59,2023-11-18,Fashion Frames,75.95,USD,75.95,US,Email Marketing,0,2
106,59,2024-09-10,Ray-Ban,158.42,USD,158.42,US,Email Marketing,0,3
107,61,2023-02-16,Fashion Frames,62.65,USD,62.65,US,Email Marketing,10,1
108,61,2023-04-02,Basic Frames,25.42,USD,25.42,US,Email Marketing,0,2
109,62,2025-01-17,Premium Frames,139.46,USD,139.46,US,Social Media,25,1
110,62,2025-04-18,Fashion Frames,70.64,USD,70.64,US,Social Media,0,2
111,62,2025-05-18,Basic Frames,8.94,USD,8.94,US,Social Media,0,3
112,64,2024-07-19,Premium Frames,144.77,USD,144.77,US,Social Media,25,1
113,64,2025-05-02,Basic Frames,16.4,USD,16.4,US,Social Media,0,2
114,64,2025-07-30,Premium Frames,130.99,USD,130.99,US,Social Media,0,3
115,65,2023-05-12,Fashion Frames,49.75,USD,49.75,US,Direct,5,1
116,65,2023-09-09,Fashion Frames,51.91,USD,51.91,US,Direct,0,2
117,65,2024-06-10,Fashion Frames,48.34,USD,48.34,US,Direct,0,3
118,65,2024-09-02,Basic Frames,27.8,USD,27.8,US,Direct,0,4
119,66,2025-08-07,Basic Frames,16.7,USD,16.7,US,Google Search,30,1
120,67,2024-01-30,Ray-Ban,211.8,USD,211.8,US,Google Search,30,1
121,67,2024-04-03,Basic Frames,20.81,USD,20.81,US,Google Search,0,2
122,67,2024-06-01,Fashion Frames,62.72,USD,62.72,US,Google Search,0,3
123,67,2024-07-01,Fashion Frames,55.45,USD,55.45,US,Google Search,0,4
124,67,2024-09-20,Fashion Frames,74.26,USD,74.26,US,Google Search,0,5
125,67,2024-11-13,Fashion Frames,54.47,USD,54.47,US,Google Search,0,6
126,68,2023-04-15,Fashion Frames,42.3,EUR,49.77,France,Google Search,30,1
127,68,2023-06-03,Basic Frames,13.65,EUR,16.06,France,Google Search,0,2
128,68,2023-07-03,Basic Frames,18.21,EUR,21.42,France,Google Search,0,3
129,70,2023-11-13,Fashion Frames,79.71,USD,79.71,US,Google Search,30,1
130,71,2025-05-07,Fashion Frames,31.96,USD,31.96,US,Direct,5,1
131,72,2024-10-07,Basic Frames,23.12,USD,23.12,US,Influencer,35,1
132,72,2025-01-03,Premium Frames,114.1,USD,114.1,US,Influencer,0,2
133,74,2025-06-26,Basic Frames,28.39,AUD,19.58,Australia,Email Marketing,10,1
134,75,2025-06-07,Basic Frames,12.49,USD,12.49,US,Google Search,30,1
135,76,2024-01-12,Basic Frames,20.33,USD,20.33,US,Google Search,30,1
136,77,2024-08-20,Fashion Frames,70.72,USD,70.72,US,Direct,5,1
137,77,2024-09-19,Premium Frames,100.38,USD,100.38,US,Direct,0,2
138,77,2025-06-30,Premium Frames,136.8,USD,136.8,US,Direct,0,3
139,78,2023-07-19,Premium Frames,105.66,USD,105.66,US,Influencer,35,1
140,78,2023-08-18,Fashion Frames,59.62,USD,59.62,US,Influencer,0,2
141,78,2024-08-17,Fashion Frames,42.41,USD,42.41,US,Influencer,0,3
142,78,2025-08-17,Fashion Frames,38.82,USD,38.82,US,Influencer,0,4
143,79,2024-12-24,Fashion Frames,42.82,USD,42.82,US,Google Search,30,1
144,79,2025-02-19,Fashion Frames,57.15,USD,57.15,US,Google Search,0,2
145,84,2025-03-09,Ray-Ban,248.28,USD,248.28,US,Direct,5,1
146,84,2025-04-08,Premium Frames,107.8,USD,107.8,US,Direct,0,2
147,87,2025-05-28,Basic Frames,11.68,USD,11.68,US,Google Search,30,1
148,87,2025-07-02,Fashion Frames,46.58,USD,46.58,US,Google Search,0,2
149,89,2025-06-08,Basic Frames,20.2,USD,20.2,US,Google Search,30,1
150,90,2023-04-26,Fashion Frames,48.23,USD,48.23,US,Social Media,25,1
151,91,2024-01-28,Ray-Ban,165.07,USD,165.07,US,Social Media,25,1
152,96,2024-01-13,Basic Frames,10.21,USD,10.21,US,Social Media,25,1
153,96,2024-05-29,Ray-Ban,154.76,USD,154.76,US,Social Media,0,2
154,97,2023-07-01,Basic Frames,20.44,USD,20.44,US,Social Media,25,1
155,98,2024-01-19,Fashion Frames,54.42,USD,54.42,US,Social Media,25,1
156,98,2024-03-07,Ray-Ban,183.84,USD,183.84,US,Social Media,0,2
157,98,2024-09-30,Fashion Frames,61.09,USD,61.09,US,Social Media,0,3
158,98,2024-10-30,Fashion Frames,70.52,USD,70.52,US,Social Media,0,4
159,99,2024-01-01,Basic Frames,14.88,AUD,10.26,Australia,Direct,5,1
160,99,2024-07-09,Fashion Frames,101.96,AUD,70.32,Australia,Direct,0,2
161,99,2024-08-23,Basic Frames,38.92,AUD,26.84,Australia,Direct,0,3
162,100,2023-08-04,Fashion Frames,38.24,USD,38.24,US,Social Media,25,1
163,101,2024-11-22,Fashion Frames,37.94,USD,37.94,US,Direct,5,1
164,101,2024-12-22,Basic Frames,8.66,USD,8.66,US,Direct,0,2
165,102,2023-10-15,Ray-Ban,187.12,USD,187.12,US,Social Media,25,1
166,102,2023-11-14,Basic Frames,7.74,USD,7.74,US,Social Media,0,2
167,103,2025-01-13,Oakley,172.97,USD,172.97,US,Google Search,30,1
168,103,2025-03-30,Basic Frames,20.06,USD,20.06,US,Google Search,0,2
169,105,2024-12-04,Basic Frames,29.42,USD,29.42,US,Social Media,25,1
170,105,2025-06-16,Fashion Frames,66.89,USD,66.89,US,Social Media,0,2
171,106,2024-11-10,Basic Frames,21.34,USD,21.34,US,Email Marketing,10,1
172,106,2025-03-18,Premium Frames,114.62,USD,114.62,US,Email Marketing,0,2
173,107,2023-03-17,Basic Frames,22.97,USD,22.97,US,Social Media,25,1
174,107,2023-12-06,Ray-Ban,206.64,USD,206.64,US,Social Media,0,2
175,107,2024-01-05,Fashion Frames,74.59,USD,74.59,US,Social Media,0,3
176,107,2024-04-09,Basic Frames,20.73,USD,20.73,US,Social Media,0,4
177,108,2024-09-23,Basic Frames,21.97,USD,21.97,US,Google Search,30,1
178,108,2025-04-12,Fashion Frames,70.91,USD,70.91,US,Google Search,0,2
179,109,2024-10-30,Fashion Frames,66.97,USD,66.97,US,Google Search,30,1
180,110,2023-06-27,Ray-Ban,168.59,USD,168.59,US,Google Search,30,1
181,110,2023-08-12,Basic Frames,6.04,USD,6.04,US,Google Search,0,2
182,111,2024-07-04,Basic Frames,19.75,USD,19.75,US,Google Search,30,1
183,111,2025-01-06,Basic Frames,26.42,USD,26.42,US,Google Search,0,2
184,113,2023-09-10,Premium Frames,93.56,USD,93.56,US,Social Media,25,1
185,113,2023-11-28,Premium Frames,102.96,USD,102.96,US,Social Media,0,2
186,113,2023-12-28,Basic Frames,25.41,USD,25.41,US,Social Media,0,3
187,113,2024-12-27,Fashion Frames,60.96,USD,60.96,US,Social Media,0,4
188,114,2023-06-25,Basic Frames,8.5,USD,8.5,US,Direct,5,1
189,114,2023-10-05,Fashion Frames,55.31,USD,55.31,US,Direct,0,2
190,115,2024-04-18,Basic Frames,7.87,USD,7.87,US,Email Marketing,10,1
191,115,2024-05-18,Fashion Frames,47.99,USD,47.99,US,Email Marketing,0,2
192,115,2024-06-17,Fashion Frames,46.66,USD,46.66,US,Email Marketing,0,3
193,116,2024-01-25,Fashion Frames,78.19,USD,78.19,US,Social Media,25,1
194,116,2024-10-21,Basic Frames,25.72,USD,25.72,US,Social Media,0,2
195,117,2023-10-09,Fashion Frames,66.74,USD,66.74,US,Email Marketing,10,1
196,117,2023-11-24,Fashion Frames,47.45,USD,47.45,US,Email Marketing,0,2
197,117,2023-12-26,Basic Frames,6.27,USD,6.27,US,Email Marketing,0,3
198,117,2024-02-20,Fashion Frames,41.27,USD,41.27,US,Email Marketing,0,4
199,117,2024-12-13,Fashion Frames,64.97,USD,64.97,US,Email Marketing,0,5
200,117,2025-04-15,Basic Frames,14.41,USD,14.41,US,Email Marketing,0,6
201,120,2024-12-27,Basic Frames,16.52,USD,16.52,US,Direct,5,1
202,120,2025-05-13,Ray-Ban,192.55,USD,192.55,US,Direct,0,2
203,120,2025-06-24,Premium Frames,92.48,USD,92.48,US,Direct,0,3
204,121,2024-07-24,Premium Frames,141.84,USD,141.84,US,Influencer,35,1
205,121,2025-03-08,Fashion Frames,48.21,USD,48.21,US,Influencer,0,2
206,122,2023-08-22,Fashion Frames,71.61,USD,71.61,US,Email Marketing,10,1
207,124,2023-12-06,Basic Frames,35.09,AUD,24.2,Australia,Google Search,30,1
208,124,2024-01-05,Basic Frames,16.54,AUD,11.41,Australia,Google Search,0,2
209,124,2024-04-08,Basic Frames,24.4,AUD,16.83,Australia,Google Search,0,3
210,124,2024-05-08,Fashion Frames,101.73,AUD,70.16,Australia,Google Search,0,4
211,124,2024-06-07,Premium Frames,120.8,AUD,83.31,Australia,Google Search,0,5
212,124,2024-08-25,Fashion Frames,46.37,AUD,31.98,Australia,Google Search,0,6
213,125,2025-05-16,Premium Frames,88.23,USD,88.23,US,Google Search,30,1
214,126,2025-03-27,Ray-Ban,238.91,USD,238.91,US,Direct,5,1
215,126,2025-07-04,Fashion Frames,38.88,USD,38.88,US,Direct,0,2
216,127,2025-03-08,Basic Frames,28.6,USD,28.6,US,Direct,5,1
217,127,2025-05-31,Fashion Frames,78.92,USD,78.92,US,Direct,0,2
218,128,2023-03-01,Fashion Frames,79.28,USD,79.28,US,Google Search,30,1
219,128,2023-06-29,Fashion Frames,74.77,USD,74.77,US,Google Search,0,2
220,128,2024-04-20,Premium Frames,129.61,USD,129.61,US,Google Search,0,3
221,128,2025-04-20,Fashion Frames,52.13,USD,52.13,US,Google Search,0,4
222,129,2023-08-23,Basic Frames,20.58,USD,20.58,US,Email Marketing,10,1
223,129,2023-09-22,Fashion Frames,52.28,USD,52.28,US,Email Marketing,0,2
224,129,2023-11-27,Basic Frames,7.29,USD,7.29,US,Email Marketing,0,3
225,130,2025-04-22,Basic Frames,29.39,USD,29.39,US,Direct,5,1
226,130,2025-06-24,Oakley,152.74,USD,152.74,US,Direct,0,2
227,130,2025-07-24,Basic Frames,19.3,USD,19.3,US,Direct,0,3
228,132,2025-04-07,Basic Frames,21.85,USD,21.85,US,Email Marketing,10,1
229,132,2025-07-07,Basic Frames,13.14,USD,13.14,US,Email Marketing,0,2
230,133,2023-11-25,Fashion Frames,50.25,USD,50.25,US,Social Media,25,1
231,133,2024-02-08,Fashion Frames,57.93,USD,57.93,US,Social Media,0,2
232,133,2024-09-09,Premium Frames,114.88,USD,114.88,US,Social Media,0,3
233,133,2024-10-09,Fashion Frames,33.67,USD,33.67,US,Social Media,0,4
234,134,2024-02-18,Basic Frames,8.1,USD,8.1,US,Influencer,35,1
235,136,2023-03-14,Ray-Ban,198.55,USD,198.55,US,Google Search,30,1
236,136,2023-06-30,Oakley,127.76,USD,127.76,US,Google Search,0,2
237,136,2023-07-30,Fashion Frames,41.14,USD,41.14,US,Google Search,0,3
238,137,2023-08-11,Fashion Frames,78.88,USD,78.88,US,Influencer,35,1
239,137,2024-01-14,Premium Frames,113.68,USD,113.68,US,Influencer,0,2
240,138,2025-08-03,Ray-Ban,228.7,USD,228.7,US,Google Search,30,1
241,139,2024-08-07,Fashion Frames,74.85,USD,74.85,US,Social Media,25,1
242,139,2024-09-06,Premium Frames,99.29,USD,99.29,US,Social Media,0,2
243,140,2025-06-18,Fashion Frames,49.99,USD,49.99,US,Google Search,30,1
244,141,2025-01-29,Premium Frames,155.61,AUD,107.32,Australia,Google Search,30,1
245,142,2023-11-20,Basic Frames,7.07,USD,7.07,US,Influencer,35,1
246,142,2024-02-24,Basic Frames,16.55,USD,16.55,US,Influencer,0,2
247,142,2024-04-30,Fashion Frames,43.91,USD,43.91,US,Influencer,0,3
248,142,2024-12-18,Fashion Frames,72.02,USD,72.02,US,Influencer,0,4
249,142,2025-02-10,Basic Frames,19.54,USD,19.54,US,Influencer,0,5
250,143,2023-08-07,Basic Frames,22.72,USD,22.72,US,Influencer,35,1
251,143,2023-09-29,Basic Frames,8.32,USD,8.32,US,Influencer,0,2
252,143,2024-04-05,Basic Frames,22.04,USD,22.04,US,Influencer,0,3
253,145,2024-06-03,Fashion Frames,57.86,EUR,68.07,France,Google Search,30,1
254,145,2024-08-13,Premium Frames,82.19,EUR,96.7,France,Google Search,0,2
255,146,2024-02-16,Premium Frames,107.71,USD,107.71,US,Direct,5,1
256,146,2024-04-24,Fashion Frames,56.61,USD,56.61,US,Direct,0,2
257,146,2024-05-24,Basic Frames,29.18,USD,29.18,US,Direct,0,3
258,146,2024-12-22,Basic Frames,22.49,USD,22.49,US,Direct,0,4
259,146,2025-01-21,Premium Frames,145.61,USD,145.61,US,Direct,0,5
260,147,2025-06-26,Fashion Frames,42.55,USD,42.55,US,Influencer,35,1
261,148,2025-07-31,Premium Frames,108.24,USD,108.24,US,Social Media,25,1
262,150,2024-04-20,Basic Frames,16.75,EUR,19.71,France,Influencer,35,1
263,151,2023-06-06,Basic Frames,19.72,USD,19.72,US,Google Search,30,1
264,151,2023-11-11,Fashion Frames,79.15,USD,79.15,US,Google Search,0,2
265,151,2023-12-11,Ray-Ban,165.6,USD,165.6,US,Google Search,0,3
266,153,2023-05-25,Basic Frames,28.78,USD,28.78,US,Email Marketing,10,1
267,153,2023-06-24,Fashion Frames,39.19,USD,39.19,US,Email Marketing,0,2
268,154,2023-09-14,Fashion Frames,40.44,USD,40.44,US,Email Marketing,10,1
269,154,2024-01-12,Basic Frames,7.02,USD,7.02,US,Email Marketing,0,2
270,154,2024-07-12,Fashion Frames,34.84,USD,34.84,US,Email Marketing,0,3
271,154,2024-11-16,Basic Frames,22.4,USD,22.4,US,Email Marketing,0,4
272,155,2025-02-02,Premium Frames,137.76,USD,137.76,US,Social Media,25,1
273,155,2025-06-04,Fashion Frames,38.25,USD,38.25,US,Social Media,0,2
274,156,2024-08-08,Ray-Ban,137.0,GBP,182.66,UK,Social Media,25,1
275,156,2025-01-10,Oakley,133.63,GBP,178.17,UK,Social Media,0,2
276,158,2023-09-29,Basic Frames,19.35,USD,19.35,US,Social Media,25,1
277,158,2024-02-13,Basic Frames,19.25,USD,19.25,US,Social Media,0,2
278,160,2024-08-29,Premium Frames,144.28,USD,144.28,US,Influencer,35,1
279,160,2024-09-28,Fashion Frames,31.61,USD,31.61,US,Influencer,0,2
280,160,2024-11-18,Premium Frames,129.33,USD,129.33,US,Influencer,0,3
281,160,2025-03-14,Fashion Frames,59.79,USD,59.79,US,Influencer,0,4
282,162,2025-07-18,Fashion Frames,55.58,AUD,38.33,Australia,Direct,5,1
283,163,2024-09-16,Fashion Frames,59.55,USD,59.55,US,Direct,5,1
284,163,2025-03-02,Basic Frames,29.16,USD,29.16,US,Direct,0,2
285,164,2024-02-13,Fashion Frames,36.18,USD,36.18,US,Direct,5,1
286,164,2024-03-17,Basic Frames,24.71,USD,24.71,US,Direct,0,2
287,164,2024-04-16,Basic Frames,24.86,USD,24.86,US,Direct,0,3
288,164,2024-05-16,Ray-Ban,236.88,USD,236.88,US,Direct,0,4
289,167,2023-05-24,Oakley,172.38,USD,172.38,US,Google Search,30,1
290,167,2023-07-18,Basic Frames,19.73,USD,19.73,US,Google Search,0,2
291,167,2023-08-17,Basic Frames,17.35,USD,17.35,US,Google Search,0,3
292,167,2024-08-16,Basic Frames,10.13,USD,10.13,US,Google Search,0,4
293,167,2025-06-20,Oakley,152.24,USD,152.24,US,Google Search,0,5
294,168,2024-06-05,Fashion Frames,64.36,USD,64.36,US,Social Media,25,1
295,169,2024-05-28,Premium Frames,108.31,USD,108.31,US,Social Media,25,1
296,169,2024-06-27,Basic Frames,27.09,USD,27.09,US,Social Media,0,2
297,169,2024-07-27,Basic Frames,22.57,USD,22.57,US,Social Media,0,3
298,169,2024-10-21,Basic Frames,7.18,USD,7.18,US,Social Media,0,4
299,170,2023-04-04,Basic Frames,12.45,USD,12.45,US,Google Search,30,1
300,170,2023-07-02,Ray-Ban,187.87,USD,187.87,US,Google Search,0,2
301,170,2023-08-30,Basic Frames,14.11,USD,14.11,US,Google Search,0,3
302,172,2023-02-19,Fashion Frames,72.3,USD,72.3,US,Direct,5,1
303,174,2023-04-29,Fashion Frames,78.65,USD,78.65,US,Influencer,35,1
304,175,2023-07-05,Basic Frames,13.21,USD,13.21,US,Social Media,25,1
305,178,2025-03-24,Basic Frames,23.49,USD,23.49,US,Social Media,25,1
306,178,2025-05-16,Premium Frames,122.74,USD,122.74,US,Social Media,0,2
307,179,2024-11-28,Premium Frames,111.48,USD,111.48,US,Google Search,30,1
308,179,2025-01-10,Fashion Frames,75.76,USD,75.76,US,Google Search,0,2
309,179,2025-04-09,Premium Frames,109.09,USD,109.09,US,Google Search,0,3
310,180,2024-03-25,Basic Frames,18.4,USD,18.4,US,Social Media,25,1
311,180,2024-05-01,Fashion Frames,49.32,USD,49.32,US,Social Media,0,2
312,181,2024-09-04,Ray-Ban,229.36,USD,229.36,US,Social Media,25,1
313,181,2024-10-04,Fashion Frames,34.22,USD,34.22,US,Social Media,0,2
314,181,2025-02-18,Fashion Frames,65.77,USD,65.77,US,Social Media,0,3
315,181,2025-07-10,Basic Frames,15.68,USD,15.68,US,Social Media,0,4
316,183,2024-01-30,Fashion Frames,58.86,USD,58.86,US,Direct,5,1
317,183,2024-06-10,Ray-Ban,168.2,USD,168.2,US,Direct,0,2
318,185,2024-09-05,Premium Frames,84.98,USD,84.98,US,Social Media,25,1
319,185,2024-10-05,Fashion Frames,32.62,USD,32.62,US,Social Media,0,2
320,185,2025-03-07,Ray-Ban,156.01,USD,156.01,US,Social Media,0,3
321,186,2024-05-10,Ray-Ban,170.71,USD,170.71,US,Social Media,25,1
322,186,2025-02-04,Basic Frames,14.84,USD,14.84,US,Social Media,0,2
323,187,2024-07-03,Premium Frames,108.39,USD,108.39,US,Google Search,30,1
324,187,2024-09-22,Premium Frames,144.69,USD,144.69,US,Google Search,0,2
325,187,2024-12-25,Fashion Frames,64.38,USD,64.38,US,Google Search,0,3
326,187,2025-01-24,Basic Frames,11.81,USD,11.81,US,Google Search,0,4
327,187,2025-07-01,Ray-Ban,199.39,USD,199.39,US,Google Search,0,5
328,187,2025-08-04,Basic Frames,16.71,USD,16.71,US,Google Search,0,6
329,189,2024-07-25,Basic Frames,19.23,USD,19.23,US,Social Media,25,1
330,189,2024-12-28,Fashion Frames,47.87,USD,47.87,US,Social Media,0,2
331,189,2025-05-06,Premium Frames,138.8,USD,138.8,US,Social Media,0,3
332,190,2025-06-04,Premium Frames,138.33,USD,138.33,US,Google Search,30,1
333,190,2025-07-04,Basic Frames,8.17,USD,8.17,US,Google Search,0,2
334,190,2025-08-03,Fashion Frames,32.35,USD,32.35,US,Google Search,0,3
335,191,2023-01-21,Basic Frames,26.49,USD,26.49,US,Google Search,30,1
336,193,2025-01-15,Basic Frames,11.31,USD,11.31,US,Social Media,25,1
337,193,2025-07-24,Basic Frames,11.4,USD,11.4,US,Social Media,0,2
338,194,2023-05-10,Premium Frames,125.96,USD,125.96,US,Email Marketing,10,1
339,194,2023-06-26,Fashion Frames,56.15,USD,56.15,US,Email Marketing,0,2
340,194,2023-07-26,Fashion Frames,73.37,USD,73.37,US,Email Marketing,0,3
341,196,2025-06-28,Basic Frames,17.38,USD,17.38,US,Google Search,30,1
342,197,2024-07-06,Premium Frames,92.95,USD,92.95,US,Direct,5,1
343,197,2024-08-30,Fashion Frames,70.24,USD,70.24,US,Direct,0,2
344,197,2024-10-24,Fashion Frames,41.96,USD,41.96,US,Direct,0,3
345,198,2025-02-07,Fashion Frames,77.21,USD,77.21,US,Google Search,30,1
346,199,2023-10-15,Fashion Frames,65.76,USD,65.76,US,Google Search,30,1
347,199,2024-01-05,Fashion Frames,44.49,USD,44.49,US,Google Search,0,2
348,199,2024-05-06,Fashion Frames,74.88,USD,74.88,US,Google Search,0,3
349,199,2024-07-18,Basic Frames,26.44,USD,26.44,US,Google Search,0,4
350,199,2024-08-17,Fashion Frames,53.49,USD,53.49,US,Google Search,0,5
351,200,2025-02-26,Ray-Ban,180.91,USD,180.91,US,Social Media,25,1
352,201,2024-10-20,Oakley,169.89,USD,169.89,US,Social Media,25,1
353,202,2023-12-27,Basic Frames,6.18,USD,6.18,US,Email Marketing,10,1
354,202,2024-05-23,Basic Frames,29.99,USD,29.99,US,Email Marketing,0,2
355,205,2024-04-07,Fashion Frames,51.08,EUR,60.09,France,Email Marketing,10,1
356,206,2023-06-15,Fashion Frames,64.54,USD,64.54,US,Direct,5,1
357,206,2023-09-09,Fashion Frames,54.61,USD,54.61,US,Direct,0,2
358,206,2023-10-09,Fashion Frames,47.48,USD,47.48,US,Direct,0,3
359,206,2024-03-06,Basic Frames,12.64,USD,12.64,US,Direct,0,4
360,207,2024-04-15,Basic Frames,12.65,USD,12.65,US,Google Search,30,1
361,207,2024-07-08,Premium Frames,126.27,USD,126.27,US,Google Search,0,2
362,207,2024-12-01,Basic Frames,28.85,USD,28.85,US,Google Search,0,3
363,208,2023-01-14,Basic Frames,10.52,USD,10.52,US,Social Media,25,1
364,208,2023-02-23,Ray-Ban,202.21,USD,202.21,US,Social Media,0,2
365,208,2023-04-17,Basic Frames,11.77,USD,11.77,US,Social Media,0,3
366,208,2023-08-05,Basic Frames,7.36,USD,7.36,US,Social Media,0,4
367,211,2025-01-09,Premium Frames,103.05,USD,103.05,US,Google Search,30,1
368,211,2025-03-14,Oakley,131.19,USD,131.19,US,Google Search,0,2
369,212,2023-10-11,Basic Frames,17.94,USD,17.94,US,Social Media,25,1
370,213,2024-05-29,Basic Frames,27.77,USD,27.77,US,Social Media,25,1
371,213,2024-07-18,Basic Frames,15.71,USD,15.71,US,Social Media,0,2
372,213,2024-08-20,Fashion Frames,67.1,USD,67.1,US,Social Media,0,3
373,214,2025-03-03,Fashion Frames,79.74,USD,79.74,US,Direct,5,1
374,216,2024-06-08,Fashion Frames,65.96,USD,65.96,US,Influencer,35,1
375,217,2025-07-27,Fashion Frames,62.28,USD,62.28,US,Influencer,35,1
376,218,2023-04-22,Basic Frames,28.58,USD,28.58,US,Social Media,25,1
377,218,2023-09-01,Premium Frames,105.74,USD,105.74,US,Social Media,0,2
378,218,2023-10-23,Basic Frames,13.2,USD,13.2,US,Social Media,0,3
379,219,2025-06-13,Fashion Frames,63.22,USD,63.22,US,Direct,5,1
380,219,2025-07-24,Fashion Frames,58.35,USD,58.35,US,Direct,0,2
381,220,2024-10-04,Fashion Frames,54.07,USD,54.07,US,Direct,5,1
382,223,2024-10-23,Premium Frames,143.97,USD,143.97,US,Email Marketing,10,1
383,223,2024-12-13,Fashion Frames,77.4,USD,77.4,US,Email Marketing,0,2
384,225,2024-09-15,Premium Frames,96.34,USD,96.34,US,Social Media,25,1
385,226,2023-07-24,Oakley,189.71,USD,189.71,US,Email Marketing,10,1
386,226,2023-12-22,Premium Frames,110.01,USD,110.01,US,Email Marketing,0,2
387,226,2024-01-21,Basic Frames,27.28,USD,27.28,US,Email Marketing,0,3
388,226,2024-07-01,Basic Frames,14.92,USD,14.92,US,Email Marketing,0,4
389,227,2023-06-07,Basic Frames,17.13,USD,17.13,US,Google Search,30,1
390,227,2023-07-07,Fashion Frames,36.77,USD,36.77,US,Google Search,0,2
391,228,2024-01-22,Basic Frames,21.23,USD,21.23,US,Influencer,35,1
392,228,2024-06-24,Ray-Ban,208.45,USD,208.45,US,Influencer,0,2
393,229,2025-02-23,Fashion Frames,54.14,USD,54.14,US,Social Media,25,1
394,230,2023-06-16,Ray-Ban,162.86,USD,162.86,US,Google Search,30,1
395,230,2023-08-28,Basic Frames,22.34,USD,22.34,US,Google Search,0,2
396,230,2024-01-22,Basic Frames,18.72,USD,18.72,US,Google Search,0,3
397,230,2024-02-28,Premium Frames,109.5,USD,109.5,US,Google Search,0,4
398,232,2025-03-10,Fashion Frames,79.63,USD,79.63,US,Direct,5,1
399,233,2025-08-08,Premium Frames,149.12,USD,149.12,US,Google Search,30,1
400,236,2023-01-08,Fashion Frames,73.26,USD,73.26,US,Social Media,25,1
401,236,2023-02-07,Fashion Frames,39.84,USD,39.84,US,Social Media,0,2
402,237,2024-09-08,Fashion Frames,47.3,USD,47.3,US,Direct,5,1
403,239,2024-05-15,Fashion Frames,33.84,USD,33.84,US,Social Media,25,1
404,240,2023-01-23,Premium Frames,95.45,USD,95.45,US,Influencer,35,1
405,240,2023-06-22,Premium Frames,134.37,USD,134.37,US,Influencer,0,2
406,241,2023-05-18,Basic Frames,9.8,USD,9.8,US,Google Search,30,1
407,244,2025-06-21,Premium Frames,110.93,USD,110.93,US,Social Media,25,1
408,245,2025-05-31,Fashion Frames,52.02,USD,52.02,US,Direct,5,1
409,246,2025-04-08,Basic Frames,6.11,USD,6.11,US,Influencer,35,1
410,247,2023-11-13,Fashion Frames,66.8,USD,66.8,US,Social Media,25,1
411,251,2025-07-10,Ray-Ban,152.77,USD,152.77,US,Social Media,25,1
412,252,2024-08-05,Fashion Frames,66.95,USD,66.95,US,Google Search,30,1
413,252,2024-10-09,Basic Frames,11.43,USD,11.43,US,Google Search,0,2
414,252,2025-04-24,Fashion Frames,73.97,USD,73.97,US,Google Search,0,3
415,253,2023-03-27,Premium Frames,88.09,USD,88.09,US,Social Media,25,1
416,253,2023-09-18,Basic Frames,18.08,USD,18.08,US,Social Media,0,2
417,253,2024-02-07,Ray-Ban,181.31,USD,181.31,US,Social Media,0,3
418,254,2023-04-12,Fashion Frames,33.24,USD,33.24,US,Google Search,30,1
419,254,2023-06-09,Basic Frames,28.76,USD,28.76,US,Google Search,0,2
420,254,2023-08-05,Ray-Ban,196.14,USD,196.14,US,Google Search,0,3
421,255,2025-01-23,Ray-Ban,202.89,USD,202.89,US,Direct,5,1
422,256,2024-05-13,Basic Frames,22.48,USD,22.48,US,Influencer,35,1
423,256,2024-09-02,Ray-Ban,164.25,USD,164.25,US,Influencer,0,2
424,256,2024-10-02,Basic Frames,29.91,USD,29.91,US,Influencer,0,3
425,257,2025-05-04,Fashion Frames,67.76,USD,67.76,US,Google Search,30,1
426,258,2023-03-12,Basic Frames,27.77,USD,27.77,US,Email Marketing,10,1
427,258,2023-10-28,Premium Frames,137.03,USD,137.03,US,Email Marketing,0,2
428,259,2025-03-01,Premium Frames,96.48,USD,96.48,US,Social Media,25,1
429,259,2025-07-07,Fashion Frames,79.26,USD,79.26,US,Social Media,0,2
430,260,2024-07-01,Fashion Frames,32.07,USD,32.07,US,Social Media,25,1
431,260,2024-10-11,Fashion Frames,55.73,USD,55.73,US,Social Media,0,2
432,260,2024-11-16,Premium Frames,89.5,USD,89.5,US,Social Media,0,3
433,260,2025-02-14,Basic Frames,23.07,USD,23.07,US,Social Media,0,4
434,260,2025-04-10,Premium Frames,135.66,USD,135.66,US,Social Media,0,5
435,261,2025-03-17,Basic Frames,21.37,USD,21.37,US,Google Search,30,1
436,261,2025-04-16,Fashion Frames,68.79,USD,68.79,US,Google Search,0,2
437,262,2023-05-12,Basic Frames,20.25,USD,20.25,US,Google Search,30,1
438,262,2023-06-11,Fashion Frames,33.35,USD,33.35,US,Google Search,0,2
439,262,2023-07-11,Fashion Frames,36.3,USD,36.3,US,Google Search,0,3
440,262,2023-10-11,Basic Frames,26.07,USD,26.07,US,Google Search,0,4
441,263,2023-05-23,Fashion Frames,36.67,USD,36.67,US,Social Media,25,1
442,263,2023-06-22,Fashion Frames,52.77,USD,52.77,US,Social Media,0,2
443,264,2024-11-19,Fashion Frames,43.38,USD,43.38,US,Google Search,30,1
444,264,2024-12-19,Basic Frames,22.84,USD,22.84,US,Google Search,0,2
445,265,2024-05-06,Fashion Frames,64.6,USD,64.6,US,Social Media,25,1
446,266,2024-07-20,Fashion Frames,51.62,USD,51.62,US,Social Media,25,1
447,266,2025-03-27,Basic Frames,8.42,USD,8.42,US,Social Media,0,2
448,266,2025-05-16,Ray-Ban,202.51,USD,202.51,US,Social Media,0,3
449,267,2023-07-03,Fashion Frames,65.34,USD,65.34,US,Direct,5,1
450,267,2024-03-23,Basic Frames,16.05,USD,16.05,US,Direct,0,2
451,267,2024-04-22,Fashion Frames,75.03,USD,75.03,US,Direct,0,3
452,267,2024-05-29,Fashion Frames,56.07,USD,56.07,US,Direct,0,4
453,267,2025-05-29,Fashion Frames,61.27,USD,61.27,US,Direct,0,5
454,268,2023-10-07,Basic Frames,24.83,USD,24.83,US,Social Media,25,1
455,268,2024-04-23,Ray-Ban,200.28,USD,200.28,US,Social Media,0,2
456,268,2024-07-07,Fashion Frames,60.84,USD,60.84,US,Social Media,0,3
457,268,2024-12-14,Fashion Frames,69.12,USD,69.12,US,Social Media,0,4
458,268,2025-03-19,Premium Frames,138.37,USD,138.37,US,Social Media,0,5
459,268,2025-05-29,Basic Frames,29.35,USD,29.35,US,Social Media,0,6
460,269,2024-07-13,Basic Frames,15.83,USD,15.83,US,Social Media,25,1
461,269,2025-01-28,Premium Frames,92.07,USD,92.07,US,Social Media,0,2
462,269,2025-06-25,Basic Frames,19.16,USD,19.16,US,Social Media,0,3
463,271,2024-09-28,Premium Frames,114.17,USD,114.17,US,Social Media,25,1
464,272,2024-03-16,Ray-Ban,152.26,USD,152.26,US,Social Media,25,1
465,272,2024-10-15,Ray-Ban,159.81,USD,159.81,US,Social Media,0,2
466,272,2025-06-15,Premium Frames,88.62,USD,88.62,US,Social Media,0,3
467,273,2023-08-11,Basic Frames,17.86,USD,17.86,US,Social Media,25,1
468,276,2025-02-19,Basic Frames,23.37,USD,23.37,US,Social Media,25,1
469,278,2024-12-08,Basic Frames,16.96,USD,16.96,US,Influencer,35,1
470,278,2025-01-07,Oakley,198.18,USD,198.18,US,Influencer,0,2
471,278,2025-04-19,Basic Frames,12.34,USD,12.34,US,Influencer,0,3
472,278,2025-06-10,Fashion Frames,33.45,USD,33.45,US,Influencer,0,4
473,282,2024-03-05,Basic Frames,22.24,USD,22.24,US,Social Media,25,1
474,283,2024-11-18,Fashion Frames,36.68,USD,36.68,US,Email Marketing,10,1
475,286,2024-03-27,Fashion Frames,37.78,USD,37.78,US,Google Search,30,1
476,287,2025-07-13,Basic Frames,13.89,USD,13.89,US,Email Marketing,10,1
477,290,2023-05-04,Fashion Frames,66.92,USD,66.92,US,Social Media,25,1
478,291,2023-09-14,Ray-Ban,184.93,USD,184.93,US,Direct,5,1
479,292,2023-08-27,Oakley,152.02,USD,152.02,US,Google Search,30,1
480,292,2023-11-10,Fashion Frames,53.37,USD,53.37,US,Google Search,0,2
481,292,2024-01-31,Fashion Frames,71.95,USD,71.95,US,Google Search,0,3
482,292,2024-04-03,Fashion Frames,64.81,USD,64.81,US,Google Search,0,4
483,292,2024-05-27,Fashion Frames,54.43,USD,54.43,US,Google Search,0,5
484,292,2025-01-30,Premium Frames,110.1,USD,110.1,US,Google Search,0,6
485,292,2025-03-02,Premium Frames,142.14,USD,142.14,US,Google Search,0,7
486,293,2023-03-07,Basic Frames,9.18,USD,9.18,US,Google Search,30,1
487,293,2023-08-07,Basic Frames,23.43,USD,23.43,US,Google Search,0,2
488,293,2023-12-04,Fashion Frames,79.1,USD,79.1,US,Google Search,0,3
489,295,2023-01-24,Fashion Frames,75.65,USD,75.65,US,Influencer,35,1
490,295,2023-06-23,Basic Frames,17.58,USD,17.58,US,Influencer,0,2
491,295,2023-08-07,Premium Frames,120.26,USD,120.26,US,Influencer,0,3
492,296,2024-08-26,Basic Frames,20.67,USD,20.67,US,Social Media,25,1
493,296,2025-01-14,Ray-Ban,228.14,USD,228.14,US,Social Media,0,2
494,296,2025-02-13,Basic Frames,20.67,USD,20.67,US,Social Media,0,3
495,301,2023-01-22,Basic Frames,17.71,USD,17.71,US,Email Marketing,10,1
496,301,2023-02-21,Basic Frames,27.3,USD,27.3,US,Email Marketing,0,2
497,301,2023-04-02,Basic Frames,16.58,USD,16.58,US,Email Marketing,0,3
498,301,2023-05-02,Premium Frames,85.37,USD,85.37,US,Email Marketing,0,4
499,302,2023-03-21,Basic Frames,6.3,USD,6.3,US,Google Search,30,1
500,302,2023-04-22,Fashion Frames,73.55,USD,73.55,US,Google Search,0,2
501,303,2025-01-24,Premium Frames,132.31,USD,132.31,US,Social Media,25,1
502,303,2025-02-23,Basic Frames,23.37,USD,23.37,US,Social Media,0,2
503,303,2025-06-04,Fashion Frames,41.98,USD,41.98,US,Social Media,0,3
504,306,2023-08-23,Fashion Frames,64.72,USD,64.72,US,Email Marketing,10,1
505,306,2024-01-10,Basic Frames,20.84,USD,20.84,US,Email Marketing,0,2
506,307,2023-03-11,Fashion Frames,66.61,USD,66.61,US,Google Search,30,1
507,308,2025-07-20,Fashion Frames,63.52,USD,63.52,US,Google Search,30,1
508,309,2023-02-08,Fashion Frames,38.28,USD,38.28,US,Social Media,25,1
509,309,2023-03-26,Basic Frames,25.83,USD,25.83,US,Social Media,0,2
510,311,2023-12-06,Basic Frames,6.28,USD,6.28,US,Google Search,30,1
511,311,2024-03-22,Basic Frames,28.42,USD,28.42,US,Google Search,0,2
512,312,2023-03-14,Basic Frames,17.26,USD,17.26,US,Email Marketing,10,1
513,313,2024-06-10,Basic Frames,9.97,USD,9.97,US,Google Search,30,1
514,313,2024-07-10,Basic Frames,24.03,USD,24.03,US,Google Search,0,2
515,314,2023-09-02,Basic Frames,13.94,USD,13.94,US,Direct,5,1
516,314,2024-02-23,Basic Frames,12.68,USD,12.68,US,Direct,0,2
517,314,2024-04-25,Basic Frames,18.17,USD,18.17,US,Direct,0,3
518,315,2023-10-23,Fashion Frames,49.55,USD,49.55,US,Direct,5,1
519,315,2024-01-17,Basic Frames,25.61,USD,25.61,US,Direct,0,2
520,316,2024-11-22,Premium Frames,111.65,USD,111.65,US,Direct,5,1
521,316,2025-04-09,Fashion Frames,59.08,USD,59.08,US,Direct,0,2
522,317,2024-05-12,Fashion Frames,55.42,USD,55.42,US,Direct,5,1
523,318,2023-08-12,Premium Frames,148.67,USD,148.67,US,Social Media,25,1
524,318,2023-11-16,Basic Frames,23.89,USD,23.89,US,Social Media,0,2
525,319,2024-07-09,Fashion Frames,50.77,USD,50.77,US,Social Media,25,1
526,319,2025-02-09,Fashion Frames,32.76,USD,32.76,US,Social Media,0,2
527,319,2025-03-11,Ray-Ban,205.36,USD,205.36,US,Social Media,0,3
528,319,2025-04-10,Fashion Frames,71.47,USD,71.47,US,Social Media,0,4
529,324,2024-08-09,Basic Frames,21.71,USD,21.71,US,Direct,5,1
530,324,2025-04-01,Fashion Frames,53.35,USD,53.35,US,Direct,0,2
531,324,2025-05-01,Ray-Ban,184.74,USD,184.74,US,Direct,0,3
532,328,2025-04-13,Fashion Frames,68.6,USD,68.6,US,Direct,5,1
533,329,2024-05-07,Premium Frames,130.45,USD,130.45,US,Influencer,35,1
534,330,2025-04-12,Basic Frames,16.86,USD,16.86,US,Google Search,30,1
535,330,2025-05-12,Fashion Frames,35.77,USD,35.77,US,Google Search,0,2
536,331,2024-03-14,Premium Frames,81.15,USD,81.15,US,Social Media,25,1
537,331,2024-04-13,Basic Frames,14.52,USD,14.52,US,Social Media,0,2
538,331,2024-07-16,Fashion Frames,62.05,USD,62.05,US,Social Media,0,3
539,331,2024-09-29,Premium Frames,136.19,USD,136.19,US,Social Media,0,4
540,332,2023-07-16,Premium Frames,106.8,USD,106.8,US,Google Search,30,1
541,332,2024-01-09,Ray-Ban,161.53,USD,161.53,US,Google Search,0,2
542,332,2024-02-08,Fashion Frames,74.95,USD,74.95,US,Google Search,0,3
543,332,2024-03-09,Fashion Frames,55.13,USD,55.13,US,Google Search,0,4
544,332,2024-04-08,Basic Frames,25.72,USD,25.72,US,Google Search,0,5
545,332,2024-05-08,Fashion Frames,67.38,USD,67.38,US,Google Search,0,6
546,333,2023-04-09,Basic Frames,12.1,USD,12.1,US,Social Media,25,1
547,334,2023-04-18,Fashion Frames,36.92,USD,36.92,US,Google Search,30,1
548,334,2024-04-02,Basic Frames,26.45,USD,26.45,US,Google Search,0,2
549,334,2025-04-02,Premium Frames,95.88,USD,95.88,US,Google Search,0,3
550,334,2025-07-17,Fashion Frames,71.4,USD,71.4,US,Google Search,0,4
551,335,2024-11-06,Ray-Ban,184.46,USD,184.46,US,Influencer,35,1
552,337,2024-01-07,Fashion Frames,62.03,USD,62.03,US,Social Media,25,1
553,337,2024-02-06,Ray-Ban,217.54,USD,217.54,US,Social Media,0,2
554,337,2024-03-07,Fashion Frames,37.04,USD,37.04,US,Social Media,0,3
555,337,2024-04-06,Fashion Frames,74.7,USD,74.7,US,Social Media,0,4
556,338,2024-03-20,Fashion Frames,59.88,USD,59.88,US,Google Search,30,1
557,338,2025-03-20,Fashion Frames,55.71,USD,55.71,US,Google Search,0,2
558,338,2025-04-19,Basic Frames,29.13,USD,29.13,US,Google Search,0,3
559,339,2024-02-26,Premium Frames,131.8,USD,131.8,US,Email Marketing,10,1
560,339,2024-07-23,Ray-Ban,205.77,USD,205.77,US,Email Marketing,0,2
561,339,2024-11-01,Basic Frames,16.39,USD,16.39,US,Email Marketing,0,3
562,339,2025-02-18,Fashion Frames,59.67,USD,59.67,US,Email Marketing,0,4
563,339,2025-03-20,Basic Frames,28.18,USD,28.18,US,Email Marketing,0,5
564,339,2025-07-07,Basic Frames,24.75,USD,24.75,US,Email Marketing,0,6
565,341,2025-06-13,Fashion Frames,39.51,USD,39.51,US,Email Marketing,10,1
566,341,2025-07-13,Basic Frames,25.57,USD,25.57,US,Email Marketing,0,2
567,342,2025-02-11,Basic Frames,21.78,USD,21.78,US,Google Search,30,1
568,342,2025-07-12,Basic Frames,20.55,USD,20.55,US,Google Search,0,2
569,343,2023-02-26,Fashion Frames,74.19,USD,74.19,US,Social Media,25,1
570,343,2023-07-06,Basic Frames,16.05,USD,16.05,US,Social Media,0,2
571,344,2024-11-27,Fashion Frames,64.93,USD,64.93,US,Social Media,25,1
572,344,2025-02-18,Basic Frames,11.96,USD,11.96,US,Social Media,0,2
573,345,2024-11-11,Fashion Frames,47.8,USD,47.8,US,Social Media,25,1
574,345,2024-12-11,Basic Frames,13.06,USD,13.06,US,Social Media,0,2
575,345,2025-01-13,Fashion Frames,70.44,USD,70.44,US,Social Media,0,3
576,346,2024-10-25,Fashion Frames,60.52,USD,60.52,US,Google Search,30,1
577,346,2025-02-04,Basic Frames,27.27,USD,27.27,US,Google Search,0,2
578,347,2023-04-13,Premium Frames,139.17,USD,139.17,US,Social Media,25,1
579,347,2023-06-24,Premium Frames,118.8,USD,118.8,US,Social Media,0,2
580,347,2023-07-24,Fashion Frames,46.38,USD,46.38,US,Social Media,0,3
581,347,2023-11-25,Fashion Frames,67.1,USD,67.1,US,Social Media,0,4
582,348,2023-03-04,Fashion Frames,41.65,USD,41.65,US,Email Marketing,10,1
583,348,2023-04-28,Fashion Frames,41.28,USD,41.28,US,Email Marketing,0,2
584,348,2023-06-29,Fashion Frames,66.0,USD,66.0,US,Email Marketing,0,3
585,349,2024-02-20,Fashion Frames,76.14,USD,76.14,US,Direct,5,1
586,349,2024-05-04,Ray-Ban,164.13,USD,164.13,US,Direct,0,2
587,349,2025-02-12,Premium Frames,130.02,USD,130.02,US,Direct,0,3
588,351,2023-12-16,Basic Frames,19.02,USD,19.02,US,Direct,5,1
589,351,2024-02-02,Fashion Frames,62.21,USD,62.21,US,Direct,0,2
590,351,2025-02-01,Basic Frames,23.05,USD,23.05,US,Direct,0,3
591,353,2025-06-06,Fashion Frames,59.56,USD,59.56,US,Email Marketing,10,1
592,353,2025-07-06,Basic Frames,28.62,USD,28.62,US,Email Marketing,0,2
593,354,2023-04-23,Premium Frames,127.52,USD,127.52,US,Social Media,25,1
594,354,2023-06-03,Fashion Frames,74.8,USD,74.8,US,Social Media,0,2
595,354,2023-12-01,Ray-Ban,203.86,USD,203.86,US,Social Media,0,3
596,356,2023-07-20,Premium Frames,81.88,USD,81.88,US,Google Search,30,1
597,356,2023-08-19,Premium Frames,88.35,USD,88.35,US,Google Search,0,2
598,356,2024-04-04,Fashion Frames,49.66,USD,49.66,US,Google Search,0,3
599,356,2024-06-23,Basic Frames,7.27,USD,7.27,US,Google Search,0,4
600,357,2023-08-02,Premium Frames,99.42,USD,99.42,US,Social Media,25,1
601,357,2023-12-03,Basic Frames,24.85,USD,24.85,US,Social Media,0,2
602,357,2024-01-28,Basic Frames,29.6,USD,29.6,US,Social Media,0,3
603,359,2024-04-06,Basic Frames,7.49,USD,7.49,US,Influencer,35,1
604,359,2024-09-07,Basic Frames,24.82,USD,24.82,US,Influencer,0,2
605,359,2025-01-30,Fashion Frames,41.0,USD,41.0,US,Influencer,0,3
606,359,2025-04-13,Basic Frames,18.99,USD,18.99,US,Influencer,0,4
607,359,2025-05-28,Basic Frames,14.61,USD,14.61,US,Influencer,0,5
608,360,2023-05-25,Fashion Frames,61.19,USD,61.19,US,Direct,5,1
609,360,2023-10-04,Fashion Frames,64.1,USD,64.1,US,Direct,0,2
610,360,2023-11-03,Basic Frames,19.49,USD,19.49,US,Direct,0,3
611,361,2024-03-26,Basic Frames,21.53,USD,21.53,US,Google Search,30,1
612,361,2024-04-25,Fashion Frames,50.06,USD,50.06,US,Google Search,0,2
613,361,2024-06-03,Basic Frames,18.26,USD,18.26,US,Google Search,0,3
614,364,2024-04-25,Basic Frames,7.13,USD,7.13,US,Social Media,25,1
615,365,2023-09-30,Basic Frames,16.0,USD,16.0,US,Social Media,25,1
616,365,2024-01-19,Fashion Frames,69.62,USD,69.62,US,Social Media,0,2
617,365,2024-07-15,Fashion Frames,64.57,USD,64.57,US,Social Media,0,3
618,365,2024-10-04,Ray-Ban,246.62,USD,246.62,US,Social Media,0,4
619,366,2025-06-20,Fashion Frames,67.44,USD,67.44,US,Google Search,30,1
620,370,2025-04-12,Fashion Frames,42.05,USD,42.05,US,Social Media,25,1
621,370,2025-06-29,Premium Frames,124.73,USD,124.73,US,Social Media,0,2
622,372,2025-05-27,Fashion Frames,59.83,USD,59.83,US,Direct,5,1
623,372,2025-06-26,Fashion Frames,67.18,USD,67.18,US,Direct,0,2
624,372,2025-08-14,Basic Frames,10.72,USD,10.72,US,Direct,0,3
625,374,2023-05-01,Fashion Frames,52.99,USD,52.99,US,Social Media,25,1
626,374,2023-07-30,Basic Frames,29.6,USD,29.6,US,Social Media,0,2
627,374,2023-10-31,Fashion Frames,34.65,USD,34.65,US,Social Media,0,3
628,374,2024-10-30,Oakley,197.0,USD,197.0,US,Social Media,0,4
629,376,2024-11-02,Ray-Ban,155.02,USD,155.02,US,Google Search,30,1
630,377,2024-07-15,Fashion Frames,37.36,EUR,43.95,France,Social Media,25,1
631,377,2024-08-14,Basic Frames,8.38,EUR,9.86,France,Social Media,0,2
632,379,2023-01-20,Basic Frames,17.19,USD,17.19,US,Direct,5,1
633,379,2023-04-25,Fashion Frames,76.94,USD,76.94,US,Direct,0,2
634,380,2023-04-08,Basic Frames,28.29,USD,28.29,US,Google Search,30,1
635,380,2023-09-18,Basic Frames,20.33,USD,20.33,US,Google Search,0,2
636,380,2024-04-30,Basic Frames,24.57,USD,24.57,US,Google Search,0,3
637,380,2024-09-22,Basic Frames,21.01,USD,21.01,US,Google Search,0,4
638,382,2025-02-22,Fashion Frames,69.71,USD,69.71,US,Google Search,30,1
639,383,2025-05-24,Basic Frames,7.75,USD,7.75,US,Google Search,30,1
640,383,2025-06-27,Ray-Ban,221.06,USD,221.06,US,Google Search,0,2
641,384,2023-09-02,Basic Frames,28.97,USD,28.97,US,Google Search,30,1
642,384,2023-10-02,Basic Frames,18.49,USD,18.49,US,Google Search,0,2
643,384,2023-12-25,Premium Frames,135.25,USD,135.25,US,Google Search,0,3
644,384,2024-08-18,Fashion Frames,38.81,USD,38.81,US,Google Search,0,4
645,385,2023-07-07,Basic Frames,15.68,USD,15.68,US,Social Media,25,1
646,385,2023-09-28,Basic Frames,14.39,USD,14.39,US,Social Media,0,2
647,385,2024-02-05,Oakley,190.67,USD,190.67,US,Social Media,0,3
648,385,2024-03-06,Premium Frames,126.77,USD,126.77,US,Social Media,0,4
649,386,2024-02-24,Basic Frames,13.05,USD,13.05,US,Social Media,25,1
650,388,2024-05-12,Basic Frames,17.4,USD,17.4,US,Influencer,35,1
651,389,2023-08-08,Basic Frames,24.05,USD,24.05,US,Google Search,30,1
652,389,2023-11-22,Fashion Frames,62.82,USD,62.82,US,Google Search,0,2
653,390,2025-06-05,Fashion Frames,47.95,USD,47.95,US,Social Media,25,1
654,391,2024-02-23,Premium Frames,125.32,USD,125.32,US,Google Search,30,1
655,391,2024-06-10,Premium Frames,144.38,USD,144.38,US,Google Search,0,2
656,391,2024-11-22,Fashion Frames,42.95,USD,42.95,US,Google Search,0,3
657,391,2025-01-05,Fashion Frames,32.95,USD,32.95,US,Google Search,0,4
658,393,2023-03-03,Basic Frames,25.11,USD,25.11,US,Social Media,25,1
659,393,2023-08-13,Premium Frames,88.82,USD,88.82,US,Social Media,0,2
660,393,2023-12-17,Basic Frames,12.16,USD,12.16,US,Social Media,0,3
661,393,2024-11-08,Oakley,177.92,USD,177.92,US,Social Media,0,4
662,394,2023-06-24,Fashion Frames,56.33,USD,56.33,US,Social Media,25,1
663,394,2024-03-14,Premium Frames,134.16,USD,134.16,US,Social Media,0,2
664,394,2025-03-14,Fashion Frames,56.2,USD,56.2,US,Social Media,0,3
665,395,2024-02-04,Oakley,158.94,USD,158.94,US,Social Media,25,1
666,395,2024-03-10,Basic Frames,13.11,USD,13.11,US,Social Media,0,2
667,396,2023-01-07,Basic Frames,13.69,USD,13.69,US,Influencer,35,1
668,396,2023-02-12,Basic Frames,7.98,USD,7.98,US,Influencer,0,2
669,396,2023-03-14,Basic Frames,8.3,USD,8.3,US,Influencer,0,3
670,396,2024-03-13,Basic Frames,29.32,USD,29.32,US,Influencer,0,4
671,398,2023-10-14,Fashion Frames,61.72,USD,61.72,US,Email Marketing,10,1
672,398,2023-11-21,Premium Frames,95.54,USD,95.54,US,Email Marketing,0,2
673,398,2024-02-22,Ray-Ban,213.32,USD,213.32,US,Email Marketing,0,3
674,398,2024-03-23,Basic Frames,11.12,USD,11.12,US,Email Marketing,0,4
675,398,2025-03-12,Basic Frames,22.45,USD,22.45,US,Email Marketing,0,5
676,400,2025-03-14,Fashion Frames,71.61,USD,71.61,US,Direct,5,1
677,400,2025-05-11,Premium Frames,141.63,USD,141.63,US,Direct,0,2
678,400,2025-06-10,Oakley,179.31,USD,179.31,US,Direct,0,3
679,400,2025-07-25,Fashion Frames,52.33,USD,52.33,US,Direct,0,4
680,402,2024-04-11,Fashion Frames,64.62,USD,64.62,US,Social Media,25,1
681,403,2023-10-31,Basic Frames,19.72,EUR,23.2,France,Social Media,25,1
682,404,2024-03-11,Fashion Frames,34.59,USD,34.59,US,Google Search,30,1
683,405,2025-01-13,Basic Frames,12.05,USD,12.05,US,Direct,5,1
684,405,2025-02-12,Basic Frames,7.69,USD,7.69,US,Direct,0,2
685,405,2025-04-16,Fashion Frames,71.26,USD,71.26,US,Direct,0,3
686,407,2025-04-01,Basic Frames,16.83,USD,16.83,US,Social Media,25,1
687,407,2025-05-14,Fashion Frames,50.82,USD,50.82,US,Social Media,0,2
688,407,2025-08-04,Fashion Frames,46.5,USD,46.5,US,Social Media,0,3
689,408,2024-07-27,Basic Frames,8.84,USD,8.84,US,Direct,5,1
690,408,2024-10-16,Ray-Ban,151.58,USD,151.58,US,Direct,0,2
691,408,2025-01-02,Basic Frames,23.29,USD,23.29,US,Direct,0,3
692,409,2024-11-12,Fashion Frames,67.55,USD,67.55,US,Google Search,30,1
693,410,2025-01-16,Fashion Frames,54.42,GBP,72.56,UK,Social Media,25,1
694,411,2024-05-21,Basic Frames,18.07,USD,18.07,US,Google Search,30,1
695,412,2023-06-08,Fashion Frames,64.61,USD,64.61,US,Email Marketing,10,1
696,412,2023-08-10,Ray-Ban,211.05,USD,211.05,US,Email Marketing,0,2
697,412,2023-11-01,Fashion Frames,44.79,USD,44.79,US,Email Marketing,0,3
698,414,2023-11-04,Fashion Frames,71.28,USD,71.28,US,Social Media,25,1
699,414,2023-12-04,Fashion Frames,32.51,USD,32.51,US,Social Media,0,2
700,414,2024-11-09,Fashion Frames,38.66,USD,38.66,US,Social Media,0,3
701,415,2023-08-19,Fashion Frames,67.59,USD,67.59,US,Direct,5,1
702,418,2025-01-31,Basic Frames,21.22,USD,21.22,US,Email Marketing,10,1
703,419,2024-07-16,Basic Frames,27.29,USD,27.29,US,Google Search,30,1
704,419,2024-09-17,Basic Frames,29.17,USD,29.17,US,Google Search,0,2
705,419,2024-10-17,Basic Frames,26.81,USD,26.81,US,Google Search,0,3
706,419,2025-01-17,Fashion Frames,62.75,USD,62.75,US,Google Search,0,4
707,419,2025-04-10,Basic Frames,28.98,USD,28.98,US,Google Search,0,5
708,420,2023-03-04,Premium Frames,141.36,USD,141.36,US,Google Search,30,1
709,420,2023-09-27,Basic Frames,9.39,USD,9.39,US,Google Search,0,2
710,420,2023-11-22,Fashion Frames,33.05,USD,33.05,US,Google Search,0,3
711,420,2024-03-27,Premium Frames,120.52,USD,120.52,US,Google Search,0,4
712,420,2024-04-26,Fashion Frames,50.31,USD,50.31,US,Google Search,0,5
713,420,2024-05-26,Basic Frames,19.14,USD,19.14,US,Google Search,0,6
714,421,2025-02-19,Fashion Frames,35.1,EUR,41.29,France,Social Media,25,1
715,424,2023-02-22,Basic Frames,27.74,USD,27.74,US,Email Marketing,10,1
716,426,2024-05-03,Basic Frames,10.42,USD,10.42,US,Social Media,25,1
717,426,2024-10-21,Fashion Frames,61.23,USD,61.23,US,Social Media,0,2
718,426,2025-03-25,Fashion Frames,43.38,USD,43.38,US,Social Media,0,3
719,427,2024-06-07,Fashion Frames,63.88,USD,63.88,US,Direct,5,1
720,428,2025-07-30,Basic Frames,7.31,USD,7.31,US,Email Marketing,10,1
721,431,2023-06-12,Fashion Frames,62.59,USD,62.59,US,Influencer,35,1
722,432,2023-03-15,Fashion Frames,63.91,USD,63.91,US,Google Search,30,1
723,433,2024-06-10,Basic Frames,10.74,USD,10.74,US,Social Media,25,1
724,433,2024-07-10,Ray-Ban,208.48,USD,208.48,US,Social Media,0,2
725,433,2024-10-15,Ray-Ban,245.2,USD,245.2,US,Social Media,0,3
726,434,2023-04-01,Fashion Frames,63.89,USD,63.89,US,Google Search,30,1
727,434,2024-02-06,Basic Frames,11.63,USD,11.63,US,Google Search,0,2
728,435,2025-05-25,Fashion Frames,34.42,USD,34.42,US,Direct,5,1
729,435,2025-06-24,Basic Frames,10.64,USD,10.64,US,Direct,0,2
730,436,2023-07-11,Basic Frames,13.88,USD,13.88,US,Direct,5,1
731,436,2024-07-10,Ray-Ban,216.28,USD,216.28,US,Direct,0,2
732,438,2024-09-01,Ray-Ban,207.12,USD,207.12,US,Social Media,25,1
733,438,2024-12-29,Premium Frames,136.73,USD,136.73,US,Social Media,0,2
734,440,2024-11-23,Basic Frames,13.52,USD,13.52,US,Direct,5,1
735,442,2023-08-30,Fashion Frames,62.4,USD,62.4,US,Direct,5,1
736,442,2023-10-18,Fashion Frames,44.56,USD,44.56,US,Direct,0,2
737,443,2024-02-18,Premium Frames,127.89,USD,127.89,US,Direct,5,1
738,443,2024-05-12,Premium Frames,103.88,USD,103.88,US,Direct,0,2
739,443,2024-06-11,Premium Frames,114.12,USD,114.12,US,Direct,0,3
740,444,2023-05-18,Premium Frames,20169.0,JPY,134.46,Japan,Social Media,25,1
741,444,2023-10-31,Basic Frames,2654.0,JPY,17.69,Japan,Social Media,0,2
742,445,2025-07-01,Fashion Frames,53.24,EUR,62.63,France,Google Search,30,1
743,446,2024-08-13,Ray-Ban,178.78,USD,178.78,US,Direct,5,1
744,446,2024-09-12,Fashion Frames,71.5,USD,71.5,US,Direct,0,2
745,446,2024-11-01,Fashion Frames,74.67,USD,74.67,US,Direct,0,3
746,447,2023-10-07,Fashion Frames,66.94,USD,66.94,US,Google Search,30,1
747,447,2023-12-29,Basic Frames,21.04,USD,21.04,US,Google Search,0,2
748,451,2024-09-28,Basic Frames,25.5,USD,25.5,US,Google Search,30,1
749,451,2025-01-03,Premium Frames,120.94,USD,120.94,US,Google Search,0,2
750,451,2025-02-02,Basic Frames,24.46,USD,24.46,US,Google Search,0,3
751,452,2023-04-22,Basic Frames,6.88,USD,6.88,US,Google Search,30,1
752,452,2023-05-24,Fashion Frames,43.77,USD,43.77,US,Google Search,0,2
753,452,2023-07-20,Fashion Frames,74.81,USD,74.81,US,Google Search,0,3
754,452,2023-09-01,Fashion Frames,57.44,USD,57.44,US,Google Search,0,4
755,452,2023-10-09,Basic Frames,21.69,USD,21.69,US,Google Search,0,5
756,453,2024-03-06,Basic Frames,15.42,USD,15.42,US,Google Search,30,1
757,453,2024-11-26,Basic Frames,27.39,USD,27.39,US,Google Search,0,2
758,454,2024-11-06,Ray-Ban,235.86,USD,235.86,US,Google Search,30,1
759,454,2024-12-13,Basic Frames,9.21,USD,9.21,US,Google Search,0,2
760,455,2024-08-21,Fashion Frames,35.44,USD,35.44,US,Email Marketing,10,1
761,456,2024-08-12,Premium Frames,81.73,USD,81.73,US,Social Media,25,1
762,456,2024-09-11,Basic Frames,11.73,USD,11.73,US,Social Media,0,2
763,461,2023-08-01,Fashion Frames,38.8,USD,38.8,US,Influencer,35,1
764,461,2023-08-31,Fashion Frames,58.75,USD,58.75,US,Influencer,0,2
765,461,2023-12-03,Premium Frames,120.04,USD,120.04,US,Influencer,0,3
766,463,2025-01-10,Fashion Frames,66.87,USD,66.87,US,Social Media,25,1
767,465,2023-09-04,Fashion Frames,68.31,USD,68.31,US,Social Media,25,1
768,465,2023-10-04,Basic Frames,11.56,USD,11.56,US,Social Media,0,2
769,465,2023-11-22,Premium Frames,99.24,USD,99.24,US,Social Media,0,3
770,465,2023-12-22,Fashion Frames,42.47,USD,42.47,US,Social Media,0,4
771,466,2023-10-08,Fashion Frames,56.38,USD,56.38,US,Direct,5,1
772,466,2023-11-11,Fashion Frames,69.78,USD,69.78,US,Direct,0,2
773,466,2023-12-11,Premium Frames,107.78,USD,107.78,US,Direct,0,3
774,466,2024-02-02,Fashion Frames,75.98,USD,75.98,US,Direct,0,4
775,466,2024-03-03,Basic Frames,27.16,USD,27.16,US,Direct,0,5
776,467,2024-02-14,Fashion Frames,62.78,USD,62.78,US,Google Search,30,1
777,467,2024-03-15,Fashion Frames,36.06,USD,36.06,US,Google Search,0,2
778,467,2024-05-07,Basic Frames,29.24,USD,29.24,US,Google Search,0,3
779,467,2024-06-24,Fashion Frames,62.04,USD,62.04,US,Google Search,0,4
780,468,2023-06-01,Ray-Ban,224.45,USD,224.45,US,Social Media,25,1
781,468,2023-10-17,Basic Frames,19.89,USD,19.89,US,Social Media,0,2
782,468,2024-01-17,Fashion Frames,58.94,USD,58.94,US,Social Media,0,3
783,469,2024-12-09,Fashion Frames,71.85,AUD,49.55,Australia,Google Search,30,1
784,469,2025-06-20,Fashion Frames,86.71,AUD,59.8,Australia,Google Search,0,2
785,469,2025-08-05,Fashion Frames,108.76,AUD,75.01,Australia,Google Search,0,3
786,470,2024-11-04,Basic Frames,12.04,USD,12.04,US,Direct,5,1
787,472,2024-04-16,Oakley,152.47,USD,152.47,US,Social Media,25,1
788,477,2023-03-25,Fashion Frames,74.22,USD,74.22,US,Social Media,25,1
789,478,2023-01-11,Basic Frames,11.52,USD,11.52,US,Social Media,25,1
790,478,2023-03-23,Ray-Ban,201.94,USD,201.94,US,Social Media,0,2
791,478,2023-06-29,Basic Frames,12.74,USD,12.74,US,Social Media,0,3
792,479,2024-04-24,Fashion Frames,38.71,USD,38.71,US,Direct,5,1
793,479,2024-05-26,Premium Frames,122.54,USD,122.54,US,Direct,0,2
794,479,2024-10-31,Fashion Frames,71.03,USD,71.03,US,Direct,0,3
795,480,2024-10-04,Basic Frames,15.95,USD,15.95,US,Google Search,30,1
796,480,2025-05-11,Premium Frames,103.79,USD,103.79,US,Google Search,0,2
797,481,2024-07-31,Premium Frames,127.59,USD,127.59,US,Google Search,30,1
798,481,2024-11-16,Premium Frames,114.05,USD,114.05,US,Google Search,0,2
799,481,2025-02-18,Basic Frames,20.18,USD,20.18,US,Google Search,0,3
800,481,2025-04-08,Basic Frames,21.53,USD,21.53,US,Google Search,0,4
801,482,2023-05-12,Oakley,139.49,USD,139.49,US,Direct,5,1
802,483,2023-03-18,Ray-Ban,209.64,USD,209.64,US,Influencer,35,1
803,483,2023-04-17,Fashion Frames,37.6,USD,37.6,US,Influencer,0,2
804,483,2023-05-17,Basic Frames,18.3,USD,18.3,US,Influencer,0,3
805,483,2023-06-16,Premium Frames,142.47,USD,142.47,US,Influencer,0,4
806,484,2024-07-17,Fashion Frames,39.15,USD,39.15,US,Social Media,25,1
807,484,2025-01-26,Premium Frames,144.65,USD,144.65,US,Social Media,0,2
808,484,2025-02-25,Fashion Frames,56.32,USD,56.32,US,Social Media,0,3
809,484,2025-03-27,Fashion Frames,50.87,USD,50.87,US,Social Media,0,4
810,484,2025-08-09,Oakley,197.54,USD,197.54,US,Social Media,0,5
811,485,2023-08-10,Premium Frames,141.62,USD,141.62,US,Email Marketing,10,1
812,489,2025-08-13,Premium Frames,122.85,USD,122.85,US,Social Media,25,1
813,490,2024-01-15,Basic Frames,2634.0,JPY,17.56,Japan,Direct,5,1
814,490,2024-07-11,Basic Frames,1689.0,JPY,11.26,Japan,Direct,0,2
815,491,2025-06-30,Basic Frames,9.43,USD,9.43,US,Direct,5,1
816,492,2023-03-21,Fashion Frames,68.61,USD,68.61,US,Influencer,35,1
817,492,2023-04-20,Ray-Ban,212.7,USD,212.7,US,Influencer,0,2
818,492,2023-07-23,Premium Frames,116.25,USD,116.25,US,Influencer,0,3
819,492,2024-04-05,Fashion Frames,39.22,USD,39.22,US,Influencer,0,4
820,492,2024-06-29,Fashion Frames,64.59,USD,64.59,US,Influencer,0,5
821,494,2023-09-14,Oakley,125.51,USD,125.51,US,Google Search,30,1
822,494,2023-12-31,Premium Frames,107.1,USD,107.1,US,Google Search,0,2
823,494,2024-06-23,Basic Frames,9.17,USD,9.17,US,Google Search,0,3
824,495,2024-01-24,Basic Frames,18.55,USD,18.55,US,Social Media,25,1
825,495,2024-02-23,Basic Frames,27.82,USD,27.82,US,Social Media,0,2
826,495,2024-05-18,Basic Frames,22.42,USD,22.42,US,Social Media,0,3
827,495,2024-08-26,Basic Frames,25.84,USD,25.84,US,Social Media,0,4
828,496,2023-10-21,Ray-Ban,168.56,USD,168.56,US,Social Media,25,1
829,496,2023-11-20,Fashion Frames,75.18,USD,75.18,US,Social Media,0,2
830,496,2024-09-25,Fashion Frames,60.39,USD,60.39,US,Social Media,0,3
831,498,2024-03-28,Basic Frames,24.06,USD,24.06,US,Direct,5,1
832,498,2024-06-06,Basic Frames,8.24,USD,8.24,US,Direct,0,2
833,499,2025-05-05,Fashion Frames,75.2,USD,75.2,US,Direct,5,1
834,499,2025-07-16,Premium Frames,118.21,USD,118.21,US,Direct,0,2
835,500,2024-07-18,Premium Frames,145.7,USD,145.7,US,Direct,5,1
836,501,2024-12-22,Basic Frames,16.36,USD,16.36,US,Social Media,25,1
837,501,2025-02-27,Ray-Ban,192.65,USD,192.65,US,Social Media,0,2
838,503,2024-09-21,Fashion Frames,52.02,USD,52.02,US,Social Media,25,1
839,503,2024-11-29,Basic Frames,28.52,USD,28.52,US,Social Media,0,2
840,504,2025-04-06,Basic Frames,24.45,USD,24.45,US,Google Search,30,1
841,504,2025-05-06,Basic Frames,14.41,USD,14.41,US,Google Search,0,2
842,508,2024-11-17,Fashion Frames,51.85,USD,51.85,US,Google Search,30,1
843,508,2024-12-17,Oakley,140.36,USD,140.36,US,Google Search,0,2
844,508,2025-01-16,Basic Frames,24.38,USD,24.38,US,Google Search,0,3
845,508,2025-03-03,Basic Frames,27.84,USD,27.84,US,Google Search,0,4
846,508,2025-04-02,Basic Frames,8.01,USD,8.01,US,Google Search,0,5
847,508,2025-05-13,Premium Frames,122.28,USD,122.28,US,Google Search,0,6
848,509,2025-04-23,Oakley,140.62,USD,140.62,US,Direct,5,1
849,510,2024-07-26,Basic Frames,23.85,USD,23.85,US,Email Marketing,10,1
850,510,2025-06-14,Oakley,120.57,USD,120.57,US,Email Marketing,0,2
851,511,2023-11-18,Ray-Ban,202.46,USD,202.46,US,Email Marketing,10,1
852,511,2024-01-22,Fashion Frames,49.38,USD,49.38,US,Email Marketing,0,2
853,512,2025-08-15,Basic Frames,25.3,USD,25.3,US,Direct,5,1
854,513,2024-11-18,Fashion Frames,36.22,USD,36.22,US,Google Search,30,1
855,513,2025-06-29,Basic Frames,16.23,USD,16.23,US,Google Search,0,2
856,513,2025-07-29,Fashion Frames,59.68,USD,59.68,US,Google Search,0,3
857,514,2023-04-23,Basic Frames,18.87,USD,18.87,US,Social Media,25,1
858,514,2024-02-28,Fashion Frames,58.67,USD,58.67,US,Social Media,0,2
859,514,2024-09-02,Basic Frames,20.69,USD,20.69,US,Social Media,0,3
860,514,2024-10-22,Premium Frames,149.43,USD,149.43,US,Social Media,0,4
861,515,2025-06-23,Fashion Frames,40.98,USD,40.98,US,Social Media,25,1
862,516,2023-06-05,Fashion Frames,49.57,EUR,58.32,France,Google Search,30,1
863,516,2023-07-05,Basic Frames,8.75,EUR,10.29,France,Google Search,0,2
864,517,2023-10-13,Premium Frames,114.38,USD,114.38,US,Google Search,30,1
865,517,2024-01-30,Basic Frames,29.72,USD,29.72,US,Google Search,0,2
866,517,2024-10-10,Fashion Frames,59.3,USD,59.3,US,Google Search,0,3
867,519,2025-07-09,Basic Frames,9.31,USD,9.31,US,Direct,5,1
868,521,2025-01-31,Basic Frames,11.51,USD,11.51,US,Direct,5,1
869,524,2023-10-12,Fashion Frames,55.91,USD,55.91,US,Direct,5,1
870,524,2024-10-11,Premium Frames,135.24,USD,135.24,US,Direct,0,2
871,524,2024-12-22,Premium Frames,136.26,USD,136.26,US,Direct,0,3
872,525,2023-10-18,Basic Frames,22.43,USD,22.43,US,Google Search,30,1
873,525,2024-03-18,Fashion Frames,33.55,USD,33.55,US,Google Search,0,2
874,526,2024-09-20,Premium Frames,124.88,USD,124.88,US,Google Search,30,1
875,526,2025-06-27,Fashion Frames,70.41,USD,70.41,US,Google Search,0,2
876,528,2025-01-04,Basic Frames,20.41,USD,20.41,US,Social Media,25,1
877,528,2025-03-21,Oakley,127.05,USD,127.05,US,Social Media,0,2
878,528,2025-05-27,Fashion Frames,43.89,USD,43.89,US,Social Media,0,3
879,529,2023-12-23,Fashion Frames,60.84,USD,60.84,US,Social Media,25,1
880,529,2024-12-22,Basic Frames,23.39,USD,23.39,US,Social Media,0,2
881,531,2024-12-04,Basic Frames,18.49,EUR,21.75,France,Email Marketing,10,1
882,531,2025-01-03,Basic Frames,10.95,EUR,12.88,France,Email Marketing,0,2
883,531,2025-06-16,Basic Frames,24.75,EUR,29.12,France,Email Marketing,0,3
884,532,2024-10-13,Premium Frames,134.38,USD,134.38,US,Google Search,30,1
885,532,2024-11-12,Basic Frames,10.21,USD,10.21,US,Google Search,0,2
886,532,2024-12-12,Fashion Frames,55.22,USD,55.22,US,Google Search,0,3
887,532,2025-04-30,Fashion Frames,31.52,USD,31.52,US,Google Search,0,4
888,532,2025-07-03,Basic Frames,26.41,USD,26.41,US,Google Search,0,5
889,534,2023-09-28,Fashion Frames,40.54,USD,40.54,US,Social Media,25,1
890,534,2023-10-28,Basic Frames,24.82,USD,24.82,US,Social Media,0,2
891,534,2024-07-21,Fashion Frames,56.02,USD,56.02,US,Social Media,0,3
892,534,2024-10-08,Fashion Frames,65.22,USD,65.22,US,Social Media,0,4
893,535,2024-06-02,Basic Frames,22.18,USD,22.18,US,Google Search,30,1
894,535,2024-08-20,Fashion Frames,48.63,USD,48.63,US,Google Search,0,2
895,535,2024-09-22,Fashion Frames,63.1,USD,63.1,US,Google Search,0,3
896,537,2023-09-15,Basic Frames,12.62,USD,12.62,US,Influencer,35,1
897,537,2024-01-03,Fashion Frames,50.57,USD,50.57,US,Influencer,0,2
898,537,2024-03-20,Basic Frames,22.07,USD,22.07,US,Influencer,0,3
899,537,2024-04-19,Premium Frames,108.98,USD,108.98,US,Influencer,0,4
900,537,2024-12-17,Fashion Frames,40.82,USD,40.82,US,Influencer,0,5
901,537,2025-04-26,Fashion Frames,31.75,USD,31.75,US,Influencer,0,6
902,538,2025-07-21,Basic Frames,28.06,USD,28.06,US,Google Search,30,1
903,539,2025-07-22,Fashion Frames,66.58,USD,66.58,US,Email Marketing,10,1
904,540,2025-05-16,Basic Frames,19.99,USD,19.99,US,Email Marketing,10,1
905,540,2025-07-18,Fashion Frames,48.03,USD,48.03,US,Email Marketing,0,2
906,542,2023-04-11,Fashion Frames,78.19,USD,78.19,US,Direct,5,1
907,542,2023-06-25,Basic Frames,16.91,USD,16.91,US,Direct,0,2
908,542,2023-10-18,Oakley,152.32,USD,152.32,US,Direct,0,3
909,543,2024-10-16,Basic Frames,10.2,USD,10.2,US,Direct,5,1
910,543,2024-11-15,Fashion Frames,55.81,USD,55.81,US,Direct,0,2
911,543,2024-12-15,Fashion Frames,58.37,USD,58.37,US,Direct,0,3
912,544,2024-03-21,Ray-Ban,184.66,USD,184.66,US,Social Media,25,1
913,545,2025-05-03,Fashion Frames,81.42,AUD,56.15,Australia,Direct,5,1
914,545,2025-06-09,Fashion Frames,63.26,AUD,43.63,Australia,Direct,0,2
915,546,2023-10-21,Fashion Frames,69.88,USD,69.88,US,Direct,5,1
916,547,2023-02-18,Fashion Frames,52.7,USD,52.7,US,Social Media,25,1
917,547,2023-05-19,Fashion Frames,49.48,USD,49.48,US,Social Media,0,2
918,547,2023-10-15,Basic Frames,17.61,USD,17.61,US,Social Media,0,3
919,548,2023-01-19,Fashion Frames,47.64,USD,47.64,US,Social Media,25,1
920,548,2023-10-20,Fashion Frames,69.0,USD,69.0,US,Social Media,0,2
921,548,2024-10-19,Fashion Frames,64.4,USD,64.4,US,Social Media,0,3
922,551,2023-05-20,Oakley,140.63,USD,140.63,US,Social Media,25,1
923,551,2023-07-23,Basic Frames,15.18,USD,15.18,US,Social Media,0,2
924,553,2023-09-28,Basic Frames,22.83,USD,22.83,US,Influencer,35,1
925,553,2023-11-27,Basic Frames,25.2,USD,25.2,US,Influencer,0,2
926,553,2024-05-17,Basic Frames,15.9,USD,15.9,US,Influencer,0,3
927,553,2025-01-26,Ray-Ban,185.96,USD,185.96,US,Influencer,0,4
928,553,2025-02-25,Oakley,162.85,USD,162.85,US,Influencer,0,5
929,553,2025-07-23,Fashion Frames,65.34,USD,65.34,US,Influencer,0,6
930,554,2023-06-21,Basic Frames,10.96,EUR,12.89,France,Direct,5,1
931,554,2023-10-15,Basic Frames,13.23,EUR,15.57,France,Direct,0,2
932,556,2024-04-02,Fashion Frames,58.17,USD,58.17,US,Social Media,25,1
933,557,2024-08-02,Fashion Frames,46.38,USD,46.38,US,Social Media,25,1
934,558,2024-12-27,Basic Frames,19.77,USD,19.77,US,Direct,5,1
935,559,2024-04-02,Basic Frames,23.91,USD,23.91,US,Social Media,25,1
936,559,2024-06-20,Fashion Frames,76.58,USD,76.58,US,Social Media,0,2
937,559,2024-07-24,Premium Frames,94.12,USD,94.12,US,Social Media,0,3
938,559,2024-11-19,Basic Frames,23.69,USD,23.69,US,Social Media,0,4
939,559,2025-03-11,Fashion Frames,42.51,USD,42.51,US,Social Media,0,5
940,560,2024-08-02,Basic Frames,12.37,USD,12.37,US,Direct,5,1
941,560,2025-01-28,Ray-Ban,173.69,USD,173.69,US,Direct,0,2
942,560,2025-03-22,Premium Frames,138.61,USD,138.61,US,Direct,0,3
943,562,2023-05-02,Basic Frames,24.69,USD,24.69,US,Google Search,30,1
944,562,2023-06-18,Ray-Ban,162.87,USD,162.87,US,Google Search,0,2
945,562,2023-11-01,Premium Frames,86.42,USD,86.42,US,Google Search,0,3
946,562,2023-12-08,Fashion Frames,77.83,USD,77.83,US,Google Search,0,4
947,563,2023-03-24,Basic Frames,6.16,USD,6.16,US,Direct,5,1
948,563,2023-04-23,Premium Frames,140.14,USD,140.14,US,Direct,0,2
949,566,2025-07-15,Basic Frames,13.57,USD,13.57,US,Social Media,25,1
950,566,2025-08-14,Basic Frames,27.55,USD,27.55,US,Social Media,0,2
951,568,2024-07-17,Basic Frames,12.59,USD,12.59,US,Google Search,30,1
952,569,2023-02-18,Ray-Ban,226.66,USD,226.66,US,Google Search,30,1
953,570,2025-05-07,Fashion Frames,50.5,USD,50.5,US,Direct,5,1
954,572,2024-08-22,Fashion Frames,56.76,USD,56.76,US,Social Media,25,1
955,572,2024-09-27,Basic Frames,16.16,USD,16.16,US,Social Media,0,2
956,574,2023-06-05,Basic Frames,14.33,USD,14.33,US,Direct,5,1
957,577,2023-02-17,Oakley,129.63,USD,129.63,US,Social Media,25,1
958,577,2023-08-01,Fashion Frames,56.39,USD,56.39,US,Social Media,0,2
959,577,2024-03-16,Basic Frames,13.58,USD,13.58,US,Social Media,0,3
960,577,2024-04-15,Fashion Frames,31.41,USD,31.41,US,Social Media,0,4
961,579,2024-01-18,Basic Frames,8.42,USD,8.42,US,Direct,5,1
962,580,2025-07-09,Basic Frames,26.68,USD,26.68,US,Google Search,30,1
963,580,2025-08-08,Basic Frames,10.49,USD,10.49,US,Google Search,0,2
964,582,2025-04-07,Basic Frames,29.0,USD,29.0,US,Social Media,25,1
965,583,2025-06-03,Fashion Frames,40.01,USD,40.01,US,Google Search,30,1
966,584,2023-03-03,Basic Frames,16.06,USD,16.06,US,Google Search,30,1
967,586,2024-01-11,Premium Frames,108.64,USD,108.64,US,Email Marketing,10,1
968,586,2024-02-14,Fashion Frames,53.09,USD,53.09,US,Email Marketing,0,2
969,586,2024-09-01,Basic Frames,19.71,USD,19.71,US,Email Marketing,0,3
970,586,2024-10-01,Basic Frames,29.5,USD,29.5,US,Email Marketing,0,4
971,587,2023-08-05,Fashion Frames,70.9,USD,70.9,US,Social Media,25,1
972,587,2023-10-18,Fashion Frames,66.32,USD,66.32,US,Social Media,0,2
973,587,2024-10-17,Fashion Frames,70.4,USD,70.4,US,Social Media,0,3
974,587,2025-02-05,Basic Frames,19.33,USD,19.33,US,Social Media,0,4
975,589,2023-09-21,Ray-Ban,230.2,USD,230.2,US,Google Search,30,1
976,589,2023-10-21,Basic Frames,23.73,USD,23.73,US,Google Search,0,2
977,589,2024-03-29,Basic Frames,17.35,USD,17.35,US,Google Search,0,3
978,589,2024-07-24,Fashion Frames,31.48,USD,31.48,US,Google Search,0,4
979,589,2024-09-08,Premium Frames,110.08,USD,110.08,US,Google Search,0,5
980,590,2024-11-14,Basic Frames,27.44,USD,27.44,US,Google Search,30,1
981,590,2025-01-23,Premium Frames,124.51,USD,124.51,US,Google Search,0,2
982,590,2025-04-08,Premium Frames,117.84,USD,117.84,US,Google Search,0,3
983,590,2025-05-25,Basic Frames,13.58,USD,13.58,US,Google Search,0,4
984,591,2023-04-25,Basic Frames,12.02,USD,12.02,US,Social Media,25,1
985,591,2023-07-15,Ray-Ban,235.99,USD,235.99,US,Social Media,0,2
986,591,2024-03-22,Basic Frames,7.15,USD,7.15,US,Social Media,0,3
987,591,2024-05-04,Fashion Frames,35.85,USD,35.85,US,Social Media,0,4
988,591,2024-06-03,Fashion Frames,39.0,USD,39.0,US,Social Media,0,5
989,592,2024-01-05,Fashion Frames,6519.0,JPY,43.46,Japan,Influencer,35,1
990,594,2024-07-28,Fashion Frames,67.49,USD,67.49,US,Google Search,30,1
991,594,2024-08-27,Basic Frames,12.23,USD,12.23,US,Google Search,0,2
992,594,2024-10-12,Basic Frames,14.65,USD,14.65,US,Google Search,0,3
993,595,2025-06-26,Basic Frames,25.44,USD,25.44,US,Google Search,30,1
994,596,2025-06-14,Basic Frames,15.88,USD,15.88,US,Google Search,30,1
995,596,2025-07-14,Premium Frames,105.23,USD,105.23,US,Google Search,0,2
996,597,2024-02-21,Premium Frames,122.78,USD,122.78,US,Social Media,25,1
997,597,2024-06-03,Basic Frames,19.84,USD,19.84,US,Social Media,0,2
998,598,2024-09-28,Premium Frames,118.15,USD,118.15,US,Influencer,35,1
999,600,2023-06-21,Basic Frames,13.8,USD,13.8,US,Google Search,30,1
1000,600,2023-07-21,Fashion Frames,56.01,USD,56.01,US,Google Search,0,2
1001,603,2023-09-01,Ray-Ban,211.75,USD,211.75,US,Social Media,25,1
1002,603,2024-01-11,Fashion Frames,53.72,USD,53.72,US,Social Media,0,2
1003,603,2024-04-22,Fashion Frames,77.87,USD,77.87,US,Social Media,0,3
1004,603,2024-10-16,Ray-Ban,236.96,USD,236.96,US,Social Media,0,4
1005,604,2025-06-10,Fashion Frames,76.5,USD,76.5,US,Direct,5,1
1006,604,2025-07-10,Fashion Frames,51.67,USD,51.67,US,Direct,0,2
1007,605,2023-06-19,Premium Frames,157.95,AUD,108.93,Australia,Social Media,25,1
1008,605,2023-08-21,Fashion Frames,109.4,AUD,75.45,Australia,Social Media,0,2
1009,606,2025-04-04,Basic Frames,14.25,USD,14.25,US,Social Media,25,1
1010,606,2025-05-04,Fashion Frames,46.36,USD,46.36,US,Social Media,0,2
1011,606,2025-07-26,Fashion Frames,63.0,USD,63.0,US,Social Media,0,3
1012,607,2025-04-16,Ray-Ban,210.93,USD,210.93,US,Social Media,25,1
1013,607,2025-05-16,Ray-Ban,190.15,USD,190.15,US,Social Media,0,2
1014,607,2025-06-15,Basic Frames,27.3,USD,27.3,US,Social Media,0,3
1015,607,2025-07-25,Fashion Frames,69.27,USD,69.27,US,Social Media,0,4
1016,610,2024-03-03,Fashion Frames,53.06,USD,53.06,US,Email Marketing,10,1
1017,610,2024-04-20,Fashion Frames,39.2,USD,39.2,US,Email Marketing,0,2
1018,610,2024-05-20,Basic Frames,26.5,USD,26.5,US,Email Marketing,0,3
1019,610,2024-10-09,Ray-Ban,163.38,USD,163.38,US,Email Marketing,0,4
1020,611,2023-01-26,Basic Frames,12.04,USD,12.04,US,Direct,5,1
1021,611,2023-06-07,Basic Frames,23.85,USD,23.85,US,Direct,0,2
1022,611,2023-07-07,Premium Frames,132.73,USD,132.73,US,Direct,0,3
1023,612,2023-07-03,Basic Frames,15.53,USD,15.53,US,Social Media,25,1
1024,613,2025-02-04,Basic Frames,28.48,USD,28.48,US,Social Media,25,1
1025,613,2025-04-26,Fashion Frames,54.19,USD,54.19,US,Social Media,0,2
1026,616,2025-03-13,Fashion Frames,79.8,USD,79.8,US,Social Media,25,1
1027,617,2025-08-15,Fashion Frames,61.29,USD,61.29,US,Social Media,25,1
1028,618,2024-03-17,Fashion Frames,76.65,USD,76.65,US,Social Media,25,1
1029,618,2024-09-16,Basic Frames,15.36,USD,15.36,US,Social Media,0,2
1030,619,2025-04-14,Oakley,179.01,USD,179.01,US,Direct,5,1
1031,619,2025-05-14,Basic Frames,16.64,USD,16.64,US,Direct,0,2
1032,619,2025-06-13,Basic Frames,9.03,USD,9.03,US,Direct,0,3
1033,620,2024-11-18,Basic Frames,10.09,USD,10.09,US,Social Media,25,1
1034,621,2025-06-04,Fashion Frames,48.49,USD,48.49,US,Google Search,30,1
1035,621,2025-07-04,Basic Frames,27.97,USD,27.97,US,Google Search,0,2
1036,623,2025-04-21,Ray-Ban,237.22,USD,237.22,US,Google Search,30,1
1037,623,2025-05-21,Basic Frames,28.44,USD,28.44,US,Google Search,0,2
1038,623,2025-08-09,Basic Frames,19.17,USD,19.17,US,Google Search,0,3
1039,624,2023-09-13,Basic Frames,28.76,USD,28.76,US,Google Search,30,1
1040,624,2023-10-16,Basic Frames,18.94,USD,18.94,US,Google Search,0,2
1041,624,2024-05-17,Basic Frames,20.18,USD,20.18,US,Google Search,0,3
1042,624,2024-11-01,Fashion Frames,53.37,USD,53.37,US,Google Search,0,4
1043,627,2025-03-20,Basic Frames,21.35,USD,21.35,US,Google Search,30,1
1044,627,2025-04-19,Fashion Frames,57.16,USD,57.16,US,Google Search,0,2
1045,629,2023-04-21,Basic Frames,11.45,USD,11.45,US,Google Search,30,1
1046,629,2023-12-28,Premium Frames,87.18,USD,87.18,US,Google Search,0,2
1047,629,2024-02-07,Basic Frames,13.39,USD,13.39,US,Google Search,0,3
1048,629,2024-08-13,Ray-Ban,191.81,USD,191.81,US,Google Search,0,4
1049,630,2024-01-28,Premium Frames,81.73,USD,81.73,US,Google Search,30,1
1050,630,2024-03-26,Premium Frames,117.11,USD,117.11,US,Google Search,0,2
1051,630,2024-05-22,Premium Frames,133.32,USD,133.32,US,Google Search,0,3
1052,631,2025-07-02,Fashion Frames,45.05,USD,45.05,US,Direct,5,1
1053,632,2023-02-09,Fashion Frames,64.7,USD,64.7,US,Influencer,35,1
1054,632,2023-04-02,Fashion Frames,55.1,USD,55.1,US,Influencer,0,2
1055,632,2023-05-19,Fashion Frames,68.02,USD,68.02,US,Influencer,0,3
1056,632,2023-12-12,Fashion Frames,45.68,USD,45.68,US,Influencer,0,4
1057,635,2023-08-18,Premium Frames,135.98,USD,135.98,US,Google Search,30,1
1058,635,2023-09-17,Basic Frames,19.16,USD,19.16,US,Google Search,0,2
1059,635,2024-06-25,Fashion Frames,40.24,USD,40.24,US,Google Search,0,3
1060,637,2025-04-29,Premium Frames,98.24,USD,98.24,US,Social Media,25,1
1061,638,2025-08-03,Ray-Ban,214.95,USD,214.95,US,Email Marketing,10,1
1062,640,2024-01-07,Basic Frames,7.9,USD,7.9,US,Email Marketing,10,1
1063,640,2024-08-16,Basic Frames,21.01,USD,21.01,US,Email Marketing,0,2
1064,641,2023-11-15,Fashion Frames,70.2,USD,70.2,US,Google Search,30,1
1065,642,2025-04-25,Premium Frames,96.66,GBP,128.88,UK,Direct,5,1
1066,643,2025-04-14,Basic Frames,21.56,USD,21.56,US,Social Media,25,1
1067,643,2025-05-14,Premium Frames,117.7,USD,117.7,US,Social Media,0,2
1068,644,2025-06-15,Basic Frames,10.51,USD,10.51,US,Social Media,25,1
1069,645,2023-08-31,Fashion Frames,37.69,USD,37.69,US,Google Search,30,1
1070,645,2023-12-21,Basic Frames,8.65,USD,8.65,US,Google Search,0,2
1071,646,2023-08-26,Basic Frames,16.87,USD,16.87,US,Direct,5,1
1072,646,2023-11-30,Ray-Ban,220.35,USD,220.35,US,Direct,0,2
1073,646,2024-11-29,Basic Frames,17.81,USD,17.81,US,Direct,0,3
1074,646,2025-02-06,Basic Frames,13.7,USD,13.7,US,Direct,0,4
1075,647,2023-02-14,Fashion Frames,78.52,USD,78.52,US,Email Marketing,10,1
1076,647,2023-03-25,Basic Frames,6.53,USD,6.53,US,Email Marketing,0,2
1077,647,2023-05-01,Fashion Frames,78.64,USD,78.64,US,Email Marketing,0,3
1078,648,2024-12-04,Basic Frames,9.0,USD,9.0,US,Social Media,25,1
1079,648,2025-01-19,Oakley,155.07,USD,155.07,US,Social Media,0,2
1080,648,2025-02-18,Premium Frames,81.57,USD,81.57,US,Social Media,0,3
1081,649,2023-07-20,Basic Frames,6.35,USD,6.35,US,Email Marketing,10,1
1082,650,2024-02-19,Premium Frames,110.0,USD,110.0,US,Email Marketing,10,1
1083,650,2024-04-03,Premium Frames,135.22,USD,135.22,US,Email Marketing,0,2
1084,650,2024-07-12,Basic Frames,17.96,USD,17.96,US,Email Marketing,0,3
1085,650,2024-08-22,Basic Frames,14.91,USD,14.91,US,Email Marketing,0,4
1086,651,2023-12-05,Basic Frames,6.76,USD,6.76,US,Social Media,25,1
1087,651,2024-01-12,Premium Frames,86.54,USD,86.54,US,Social Media,0,2
1088,651,2024-02-11,Fashion Frames,67.78,USD,67.78,US,Social Media,0,3
1089,651,2024-03-12,Fashion Frames,38.16,USD,38.16,US,Social Media,0,4
1090,651,2024-10-17,Fashion Frames,44.06,USD,44.06,US,Social Media,0,5
1091,652,2023-10-30,Fashion Frames,57.62,USD,57.62,US,Social Media,25,1
1092,652,2024-03-25,Fashion Frames,39.9,USD,39.9,US,Social Media,0,2
1093,652,2024-04-24,Fashion Frames,74.89,USD,74.89,US,Social Media,0,3
1094,652,2024-08-14,Fashion Frames,43.25,USD,43.25,US,Social Media,0,4
1095,652,2024-12-09,Basic Frames,15.16,USD,15.16,US,Social Media,0,5
1096,653,2025-06-09,Ray-Ban,247.49,USD,247.49,US,Social Media,25,1
1097,654,2023-03-13,Basic Frames,15.24,USD,15.24,US,Direct,5,1
1098,656,2023-10-15,Premium Frames,149.62,USD,149.62,US,Social Media,25,1
1099,656,2023-11-14,Basic Frames,10.78,USD,10.78,US,Social Media,0,2
1100,656,2023-12-14,Basic Frames,23.65,USD,23.65,US,Social Media,0,3
1101,656,2024-01-22,Fashion Frames,35.6,USD,35.6,US,Social Media,0,4
1102,656,2024-02-21,Fashion Frames,63.63,USD,63.63,US,Social Media,0,5
1103,657,2023-12-30,Ray-Ban,189.52,USD,189.52,US,Social Media,25,1
1104,660,2024-02-19,Basic Frames,23.48,USD,23.48,US,Google Search,30,1
1105,660,2024-04-29,Fashion Frames,67.49,USD,67.49,US,Google Search,0,2
1106,660,2024-05-29,Basic Frames,19.19,USD,19.19,US,Google Search,0,3
1107,660,2024-06-28,Oakley,129.77,USD,129.77,US,Google Search,0,4
1108,660,2024-07-28,Basic Frames,17.55,USD,17.55,US,Google Search,0,5
1109,660,2025-04-20,Fashion Frames,45.64,USD,45.64,US,Google Search,0,6
1110,661,2024-11-26,Basic Frames,7.25,USD,7.25,US,Social Media,25,1
1111,662,2025-05-17,Premium Frames,148.16,USD,148.16,US,Direct,5,1
1112,663,2024-07-16,Basic Frames,16.42,USD,16.42,US,Direct,5,1
1113,663,2025-03-07,Fashion Frames,31.74,USD,31.74,US,Direct,0,2
1114,665,2023-02-23,Basic Frames,15.5,USD,15.5,US,Google Search,30,1
1115,665,2023-03-25,Fashion Frames,42.91,USD,42.91,US,Google Search,0,2
1116,665,2023-08-25,Ray-Ban,246.91,USD,246.91,US,Google Search,0,3
1117,665,2023-10-26,Basic Frames,19.95,USD,19.95,US,Google Search,0,4
1118,666,2023-04-29,Fashion Frames,64.73,USD,64.73,US,Google Search,30,1
1119,666,2023-07-04,Fashion Frames,38.59,USD,38.59,US,Google Search,0,2
1120,666,2023-11-05,Basic Frames,24.5,USD,24.5,US,Google Search,0,3
1121,667,2025-06-18,Fashion Frames,47.17,EUR,55.5,France,Social Media,25,1
1122,668,2023-10-11,Ray-Ban,184.5,USD,184.5,US,Influencer,35,1
1123,668,2024-01-01,Basic Frames,29.27,USD,29.27,US,Influencer,0,2
1124,668,2024-06-25,Basic Frames,24.23,USD,24.23,US,Influencer,0,3
1125,668,2024-12-16,Premium Frames,85.14,USD,85.14,US,Influencer,0,4
1126,669,2023-07-03,Fashion Frames,38.54,USD,38.54,US,Email Marketing,10,1
1127,669,2023-09-06,Basic Frames,18.87,USD,18.87,US,Email Marketing,0,2
1128,669,2023-11-11,Fashion Frames,36.26,USD,36.26,US,Email Marketing,0,3
1129,669,2023-12-11,Basic Frames,17.71,USD,17.71,US,Email Marketing,0,4
1130,670,2024-08-26,Fashion Frames,58.36,USD,58.36,US,Email Marketing,10,1
1131,671,2023-09-29,Fashion Frames,48.02,USD,48.02,US,Influencer,35,1
1132,674,2024-09-18,Ray-Ban,188.4,USD,188.4,US,Social Media,25,1
1133,674,2024-12-25,Fashion Frames,66.5,USD,66.5,US,Social Media,0,2
1134,675,2024-03-25,Fashion Frames,32.93,USD,32.93,US,Google Search,30,1
1135,676,2023-12-20,Basic Frames,19.42,USD,19.42,US,Social Media,25,1
1136,676,2024-01-19,Fashion Frames,57.59,USD,57.59,US,Social Media,0,2
1137,676,2024-07-26,Fashion Frames,55.01,USD,55.01,US,Social Media,0,3
1138,677,2025-01-18,Fashion Frames,57.64,USD,57.64,US,Social Media,25,1
1139,677,2025-02-17,Basic Frames,13.77,USD,13.77,US,Social Media,0,2
1140,677,2025-06-05,Ray-Ban,197.37,USD,197.37,US,Social Media,0,3
1141,679,2023-11-20,Basic Frames,26.65,USD,26.65,US,Social Media,25,1
1142,679,2024-01-31,Premium Frames,92.06,USD,92.06,US,Social Media,0,2
1143,679,2024-03-21,Basic Frames,18.75,USD,18.75,US,Social Media,0,3
1144,679,2024-11-12,Fashion Frames,53.02,USD,53.02,US,Social Media,0,4
1145,679,2025-02-12,Premium Frames,137.54,USD,137.54,US,Social Media,0,5
1146,679,2025-05-03,Fashion Frames,57.54,USD,57.54,US,Social Media,0,6
1147,680,2024-03-25,Fashion Frames,69.02,USD,69.02,US,Email Marketing,10,1
1148,681,2024-09-12,Basic Frames,23.61,USD,23.61,US,Social Media,25,1
1149,681,2025-04-12,Fashion Frames,74.26,USD,74.26,US,Social Media,0,2
1150,681,2025-06-05,Fashion Frames,61.37,USD,61.37,US,Social Media,0,3
1151,682,2024-06-09,Oakley,169.62,USD,169.62,US,Google Search,30,1
1152,682,2024-08-17,Fashion Frames,46.71,USD,46.71,US,Google Search,0,2
1153,683,2023-05-17,Ray-Ban,246.75,USD,246.75,US,Google Search,30,1
1154,683,2024-05-08,Ray-Ban,232.09,USD,232.09,US,Google Search,0,2
1155,683,2024-11-26,Fashion Frames,40.3,USD,40.3,US,Google Search,0,3
1156,683,2025-07-07,Fashion Frames,64.48,USD,64.48,US,Google Search,0,4
1157,683,2025-08-06,Basic Frames,24.38,USD,24.38,US,Google Search,0,5
1158,684,2024-02-01,Basic Frames,12.8,USD,12.8,US,Direct,5,1
1159,684,2024-03-02,Basic Frames,15.84,USD,15.84,US,Direct,0,2
1160,684,2024-04-01,Premium Frames,103.22,USD,103.22,US,Direct,0,3
1161,685,2025-07-10,Fashion Frames,63.29,USD,63.29,US,Google Search,30,1
1162,686,2024-08-21,Premium Frames,145.71,USD,145.71,US,Direct,5,1
1163,686,2024-09-20,Fashion Frames,39.75,USD,39.75,US,Direct,0,2
1164,686,2024-10-24,Basic Frames,6.75,USD,6.75,US,Direct,0,3
1165,687,2023-08-06,Premium Frames,94.22,USD,94.22,US,Google Search,30,1
1166,687,2024-04-16,Fashion Frames,32.56,USD,32.56,US,Google Search,0,2
1167,687,2024-08-11,Basic Frames,21.4,USD,21.4,US,Google Search,0,3
1168,688,2023-09-24,Basic Frames,17.76,USD,17.76,US,Direct,5,1
1169,689,2023-02-15,Fashion Frames,86.88,AUD,59.92,Australia,Direct,5,1
1170,689,2023-03-17,Basic Frames,10.41,AUD,7.18,Australia,Direct,0,2
1171,690,2024-12-31,Fashion Frames,66.17,USD,66.17,US,Social Media,25,1
1172,690,2025-02-14,Premium Frames,81.9,USD,81.9,US,Social Media,0,2
1173,690,2025-05-19,Basic Frames,28.1,USD,28.1,US,Social Media,0,3
1174,691,2024-03-29,Oakley,194.27,USD,194.27,US,Google Search,30,1
1175,691,2024-07-25,Premium Frames,138.41,USD,138.41,US,Google Search,0,2
1176,691,2024-09-10,Fashion Frames,53.93,USD,53.93,US,Google Search,0,3
1177,691,2025-06-21,Premium Frames,125.09,USD,125.09,US,Google Search,0,4
1178,692,2023-01-06,Fashion Frames,67.43,USD,67.43,US,Social Media,25,1
1179,692,2023-02-05,Fashion Frames,74.63,USD,74.63,US,Social Media,0,2
1180,692,2023-03-07,Fashion Frames,71.28,USD,71.28,US,Social Media,0,3
1181,692,2023-09-18,Fashion Frames,69.92,USD,69.92,US,Social Media,0,4
1182,692,2024-04-26,Basic Frames,7.4,USD,7.4,US,Social Media,0,5
1183,697,2024-12-08,Fashion Frames,41.58,USD,41.58,US,Social Media,25,1
1184,697,2025-01-25,Fashion Frames,56.45,USD,56.45,US,Social Media,0,2
1185,697,2025-04-07,Basic Frames,8.43,USD,8.43,US,Social Media,0,3
1186,697,2025-05-13,Basic Frames,11.54,USD,11.54,US,Social Media,0,4
1187,698,2025-01-09,Fashion Frames,40.46,USD,40.46,US,Direct,5,1
1188,699,2025-02-04,Ray-Ban,207.43,USD,207.43,US,Social Media,25,1
1189,702,2023-07-25,Premium Frames,132.48,USD,132.48,US,Google Search,30,1
1190,702,2023-09-16,Basic Frames,24.39,USD,24.39,US,Google Search,0,2
1191,703,2024-01-08,Fashion Frames,64.05,USD,64.05,US,Direct,5,1
1192,703,2024-02-07,Premium Frames,129.48,USD,129.48,US,Direct,0,2
1193,703,2025-02-06,Basic Frames,16.25,USD,16.25,US,Direct,0,3
1194,703,2025-04-19,Fashion Frames,36.1,USD,36.1,US,Direct,0,4
1195,705,2023-03-14,Premium Frames,115.82,USD,115.82,US,Social Media,25,1
1196,705,2023-08-01,Basic Frames,21.78,USD,21.78,US,Social Media,0,2
1197,706,2024-11-21,Fashion Frames,60.4,USD,60.4,US,Social Media,25,1
1198,706,2025-01-05,Fashion Frames,76.74,USD,76.74,US,Social Media,0,2
1199,706,2025-07-06,Ray-Ban,240.35,USD,240.35,US,Social Media,0,3
1200,707,2025-08-02,Fashion Frames,79.85,USD,79.85,US,Direct,5,1
1201,709,2024-09-30,Basic Frames,21.2,USD,21.2,US,Google Search,30,1
1202,709,2024-10-30,Fashion Frames,71.48,USD,71.48,US,Google Search,0,2
1203,709,2025-01-16,Basic Frames,13.76,USD,13.76,US,Google Search,0,3
1204,709,2025-04-01,Basic Frames,11.78,USD,11.78,US,Google Search,0,4
1205,710,2023-12-02,Fashion Frames,49.38,USD,49.38,US,Google Search,30,1
1206,711,2024-11-16,Oakley,179.57,USD,179.57,US,Direct,5,1
1207,711,2025-07-29,Fashion Frames,48.64,USD,48.64,US,Direct,0,2
1208,712,2025-05-20,Basic Frames,29.04,USD,29.04,US,Social Media,25,1
1209,713,2023-05-22,Basic Frames,6.83,USD,6.83,US,Influencer,35,1
1210,714,2025-01-09,Fashion Frames,31.8,USD,31.8,US,Social Media,25,1
1211,714,2025-02-08,Ray-Ban,164.37,USD,164.37,US,Social Media,0,2
1212,716,2023-11-06,Fashion Frames,79.24,USD,79.24,US,Google Search,30,1
1213,716,2024-01-12,Ray-Ban,172.27,USD,172.27,US,Google Search,0,2
1214,716,2024-02-11,Basic Frames,13.56,USD,13.56,US,Google Search,0,3
1215,716,2024-10-23,Premium Frames,134.24,USD,134.24,US,Google Search,0,4
1216,720,2024-02-29,Basic Frames,19.7,USD,19.7,US,Google Search,30,1
1217,720,2024-04-16,Ray-Ban,207.59,USD,207.59,US,Google Search,0,2
1218,720,2024-05-29,Ray-Ban,160.33,USD,160.33,US,Google Search,0,3
1219,720,2024-07-02,Basic Frames,17.05,USD,17.05,US,Google Search,0,4
1220,721,2023-12-18,Basic Frames,12.36,USD,12.36,US,Social Media,25,1
1221,721,2024-09-01,Fashion Frames,74.59,USD,74.59,US,Social Media,0,2
1222,721,2025-04-03,Fashion Frames,43.24,USD,43.24,US,Social Media,0,3
1223,721,2025-05-03,Ray-Ban,176.37,USD,176.37,US,Social Media,0,4
1224,722,2024-02-28,Basic Frames,19.69,USD,19.69,US,Direct,5,1
1225,723,2024-12-19,Fashion Frames,41.65,USD,41.65,US,Email Marketing,10,1
1226,723,2025-08-12,Ray-Ban,158.64,USD,158.64,US,Email Marketing,0,2
1227,724,2023-11-07,Oakley,158.6,USD,158.6,US,Google Search,30,1
1228,724,2024-04-15,Basic Frames,17.72,USD,17.72,US,Google Search,0,2
1229,726,2023-05-30,Fashion Frames,71.16,USD,71.16,US,Social Media,25,1
1230,726,2023-07-01,Basic Frames,8.29,USD,8.29,US,Social Media,0,2
1231,726,2024-05-02,Premium Frames,125.32,USD,125.32,US,Social Media,0,3
1232,726,2024-07-03,Basic Frames,6.9,USD,6.9,US,Social Media,0,4
1233,726,2024-08-02,Basic Frames,25.4,USD,25.4,US,Social Media,0,5
1234,727,2023-07-16,Basic Frames,24.72,USD,24.72,US,Social Media,25,1
1235,727,2023-08-15,Basic Frames,28.12,USD,28.12,US,Social Media,0,2
1236,727,2023-12-15,Premium Frames,104.07,USD,104.07,US,Social Media,0,3
1237,727,2024-05-30,Premium Frames,141.71,USD,141.71,US,Social Media,0,4
1238,728,2024-03-07,Basic Frames,28.33,USD,28.33,US,Social Media,25,1
1239,728,2025-03-07,Oakley,129.64,USD,129.64,US,Social Media,0,2
1240,733,2025-07-26,Basic Frames,21.17,USD,21.17,US,Social Media,25,1
1241,734,2023-07-04,Fashion Frames,56.69,USD,56.69,US,Influencer,35,1
1242,734,2024-07-03,Fashion Frames,46.65,USD,46.65,US,Influencer,0,2
1243,734,2024-08-06,Ray-Ban,206.93,USD,206.93,US,Influencer,0,3
1244,734,2024-09-16,Basic Frames,13.84,USD,13.84,US,Influencer,0,4
1245,735,2024-09-24,Ray-Ban,166.17,USD,166.17,US,Social Media,25,1
1246,735,2025-04-08,Basic Frames,22.17,USD,22.17,US,Social Media,0,2
1247,739,2024-07-27,Fashion Frames,35.41,USD,35.41,US,Email Marketing,10,1
1248,739,2024-12-06,Fashion Frames,52.16,USD,52.16,US,Email Marketing,0,2
1249,741,2023-01-11,Basic Frames,20.4,AUD,14.07,Australia,Google Search,30,1
1250,742,2023-11-10,Fashion Frames,67.52,USD,67.52,US,Social Media,25,1
1251,742,2024-01-16,Premium Frames,118.82,USD,118.82,US,Social Media,0,2
1252,743,2023-10-22,Fashion Frames,50.53,USD,50.53,US,Google Search,30,1
1253,743,2024-10-08,Basic Frames,16.43,USD,16.43,US,Google Search,0,2
1254,744,2023-08-05,Fashion Frames,68.34,USD,68.34,US,Social Media,25,1
1255,745,2024-03-17,Basic Frames,10.75,USD,10.75,US,Social Media,25,1
1256,745,2024-07-13,Fashion Frames,50.37,USD,50.37,US,Social Media,0,2
1257,746,2025-03-23,Fashion Frames,58.5,USD,58.5,US,Influencer,35,1
1258,746,2025-04-22,Premium Frames,149.8,USD,149.8,US,Influencer,0,2
1259,747,2024-08-24,Basic Frames,11.82,USD,11.82,US,Social Media,25,1
1260,747,2025-04-04,Basic Frames,12.39,USD,12.39,US,Social Media,0,2
1261,747,2025-05-04,Basic Frames,16.32,USD,16.32,US,Social Media,0,3
1262,748,2024-09-23,Basic Frames,19.82,USD,19.82,US,Direct,5,1
1263,748,2025-02-17,Fashion Frames,36.51,USD,36.51,US,Direct,0,2
1264,749,2024-11-06,Basic Frames,14.77,USD,14.77,US,Google Search,30,1
1265,749,2025-02-11,Fashion Frames,40.33,USD,40.33,US,Google Search,0,2
1266,749,2025-05-24,Fashion Frames,47.88,USD,47.88,US,Google Search,0,3
1267,750,2023-11-28,Basic Frames,24.47,USD,24.47,US,Social Media,25,1
1268,750,2024-03-16,Fashion Frames,39.29,USD,39.29,US,Social Media,0,2
1269,750,2024-07-15,Basic Frames,14.39,USD,14.39,US,Social Media,0,3
1270,750,2024-08-29,Fashion Frames,71.26,USD,71.26,US,Social Media,0,4
1271,752,2024-03-28,Basic Frames,16.57,USD,16.57,US,Influencer,35,1
1272,754,2024-11-23,Fashion Frames,64.58,USD,64.58,US,Direct,5,1
1273,755,2023-08-24,Premium Frames,131.27,USD,131.27,US,Direct,5,1
1274,756,2024-07-07,Premium Frames,132.03,USD,132.03,US,Social Media,25,1
1275,756,2024-09-20,Fashion Frames,42.91,USD,42.91,US,Social Media,0,2
1276,756,2025-01-31,Basic Frames,20.9,USD,20.9,US,Social Media,0,3
1277,757,2024-05-09,Basic Frames,25.98,USD,25.98,US,Influencer,35,1
1278,757,2024-07-26,Fashion Frames,45.1,USD,45.1,US,Influencer,0,2
1279,757,2024-12-12,Basic Frames,14.24,USD,14.24,US,Influencer,0,3
1280,759,2025-07-12,Fashion Frames,54.09,USD,54.09,US,Social Media,25,1
1281,760,2025-04-02,Basic Frames,23.76,USD,23.76,US,Google Search,30,1
1282,760,2025-05-02,Basic Frames,11.09,USD,11.09,US,Google Search,0,2
1283,760,2025-07-06,Premium Frames,118.7,USD,118.7,US,Google Search,0,3
1284,762,2023-06-28,Premium Frames,123.99,USD,123.99,US,Direct,5,1
1285,762,2024-01-28,Premium Frames,149.47,USD,149.47,US,Direct,0,2
1286,762,2024-03-17,Premium Frames,128.96,USD,128.96,US,Direct,0,3
1287,763,2024-11-09,Fashion Frames,49.45,USD,49.45,US,Influencer,35,1
1288,763,2025-04-03,Basic Frames,27.74,USD,27.74,US,Influencer,0,2
1289,764,2023-04-07,Basic Frames,12.13,USD,12.13,US,Google Search,30,1
1290,764,2023-05-07,Fashion Frames,33.95,USD,33.95,US,Google Search,0,2
1291,765,2023-10-26,Ray-Ban,219.96,USD,219.96,US,Email Marketing,10,1
1292,765,2024-03-13,Fashion Frames,44.29,USD,44.29,US,Email Marketing,0,2
1293,765,2024-04-12,Fashion Frames,53.78,USD,53.78,US,Email Marketing,0,3
1294,765,2024-07-20,Fashion Frames,77.31,USD,77.31,US,Email Marketing,0,4
1295,765,2025-07-20,Basic Frames,7.6,USD,7.6,US,Email Marketing,0,5
1296,766,2024-06-20,Basic Frames,21.91,USD,21.91,US,Influencer,35,1
1297,768,2024-10-24,Fashion Frames,36.29,USD,36.29,US,Social Media,25,1
1298,769,2024-10-26,Fashion Frames,74.29,USD,74.29,US,Google Search,30,1
1299,769,2024-11-25,Fashion Frames,49.94,USD,49.94,US,Google Search,0,2
1300,771,2023-04-18,Basic Frames,23.03,USD,23.03,US,Influencer,35,1
1301,771,2023-05-29,Basic Frames,27.69,USD,27.69,US,Influencer,0,2
1302,772,2025-04-20,Ray-Ban,210.11,USD,210.11,US,Social Media,25,1
1303,772,2025-06-03,Basic Frames,8.11,USD,8.11,US,Social Media,0,2
1304,773,2025-02-22,Premium Frames,147.71,USD,147.71,US,Email Marketing,10,1
1305,773,2025-07-25,Basic Frames,19.46,USD,19.46,US,Email Marketing,0,2
1306,774,2023-09-06,Fashion Frames,32.95,USD,32.95,US,Direct,5,1
1307,774,2023-10-06,Basic Frames,28.13,USD,28.13,US,Direct,0,2
1308,774,2023-12-07,Fashion Frames,45.94,USD,45.94,US,Direct,0,3
1309,774,2024-05-01,Premium Frames,114.81,USD,114.81,US,Direct,0,4
1310,776,2023-12-13,Ray-Ban,218.75,USD,218.75,US,Google Search,30,1
1311,776,2024-08-15,Basic Frames,14.53,USD,14.53,US,Google Search,0,2
1312,777,2023-08-19,Basic Frames,29.9,USD,29.9,US,Google Search,30,1
1313,777,2023-12-22,Fashion Frames,78.95,USD,78.95,US,Google Search,0,2
1314,777,2024-01-21,Fashion Frames,44.52,USD,44.52,US,Google Search,0,3
1315,777,2024-07-31,Fashion Frames,34.04,USD,34.04,US,Google Search,0,4
1316,777,2024-08-30,Fashion Frames,43.63,USD,43.63,US,Google Search,0,5
1317,778,2025-04-07,Basic Frames,30.0,USD,30.0,US,Social Media,25,1
1318,782,2023-02-20,Fashion Frames,47.75,USD,47.75,US,Social Media,25,1
1319,782,2024-02-12,Ray-Ban,189.89,USD,189.89,US,Social Media,0,2
1320,783,2023-09-09,Premium Frames,131.36,USD,131.36,US,Influencer,35,1
1321,784,2024-05-01,Fashion Frames,64.22,USD,64.22,US,Google Search,30,1
1322,786,2025-05-23,Basic Frames,16.02,USD,16.02,US,Direct,5,1
1323,787,2025-03-15,Premium Frames,110.43,USD,110.43,US,Email Marketing,10,1
1324,787,2025-05-14,Fashion Frames,46.31,USD,46.31,US,Email Marketing,0,2
1325,787,2025-06-13,Fashion Frames,60.66,USD,60.66,US,Email Marketing,0,3
1326,788,2023-03-23,Fashion Frames,37.46,USD,37.46,US,Direct,5,1
1327,788,2023-07-27,Basic Frames,21.66,USD,21.66,US,Direct,0,2
1328,788,2023-10-30,Fashion Frames,59.47,USD,59.47,US,Direct,0,3
1329,789,2024-04-13,Fashion Frames,40.91,USD,40.91,US,Direct,5,1
1330,790,2024-02-29,Basic Frames,22.52,USD,22.52,US,Email Marketing,10,1
1331,790,2025-02-28,Basic Frames,27.57,USD,27.57,US,Email Marketing,0,2
1332,790,2025-04-17,Basic Frames,27.83,USD,27.83,US,Email Marketing,0,3
1333,791,2025-06-29,Fashion Frames,75.54,USD,75.54,US,Google Search,30,1
1334,793,2024-08-23,Basic Frames,19.56,USD,19.56,US,Social Media,25,1
1335,793,2024-09-22,Ray-Ban,166.65,USD,166.65,US,Social Media,0,2
1336,793,2025-04-15,Fashion Frames,34.32,USD,34.32,US,Social Media,0,3
1337,794,2023-07-20,Premium Frames,130.64,USD,130.64,US,Social Media,25,1
1338,794,2023-09-08,Basic Frames,10.42,USD,10.42,US,Social Media,0,2
1339,794,2023-10-23,Basic Frames,26.15,USD,26.15,US,Social Media,0,3
1340,794,2024-10-22,Fashion Frames,38.13,USD,38.13,US,Social Media,0,4
1341,794,2025-01-20,Ray-Ban,153.92,USD,153.92,US,Social Media,0,5
1342,795,2025-01-06,Fashion Frames,78.67,USD,78.67,US,Google Search,30,1
1343,795,2025-03-30,Fashion Frames,78.1,USD,78.1,US,Google Search,0,2
1344,795,2025-08-16,Basic Frames,13.28,USD,13.28,US,Google Search,0,3
1345,798,2024-05-27,Basic Frames,23.72,USD,23.72,US,Social Media,25,1
1346,798,2024-09-26,Premium Frames,91.49,USD,91.49,US,Social Media,0,2
1347,799,2024-02-15,Basic Frames,9.16,USD,9.16,US,Social Media,25,1
1348,799,2024-03-16,Fashion Frames,32.28,USD,32.28,US,Social Media,0,2
1349,799,2024-05-17,Basic Frames,29.66,USD,29.66,US,Social Media,0,3
1350,799,2025-01-21,Fashion Frames,61.23,USD,61.23,US,Social Media,0,4
1351,800,2023-09-11,Basic Frames,20.7,USD,20.7,US,Influencer,35,1
1352,800,2023-12-15,Premium Frames,122.15,USD,122.15,US,Influencer,0,2
1353,801,2023-06-01,Fashion Frames,32.28,USD,32.28,US,Influencer,35,1
1354,801,2023-10-01,Basic Frames,7.91,USD,7.91,US,Influencer,0,2
1355,801,2024-03-13,Fashion Frames,69.21,USD,69.21,US,Influencer,0,3
1356,801,2025-01-15,Basic Frames,9.22,USD,9.22,US,Influencer,0,4
1357,803,2024-12-10,Basic Frames,21.59,USD,21.59,US,Direct,5,1
1358,803,2025-07-21,Basic Frames,10.42,USD,10.42,US,Direct,0,2
1359,804,2023-01-15,Basic Frames,14.76,EUR,17.37,France,Direct,5,1
1360,805,2025-07-09,Basic Frames,16.57,AUD,11.43,Australia,Direct,5,1
1361,806,2025-02-12,Basic Frames,29.25,USD,29.25,US,Direct,5,1
1362,809,2025-07-04,Fashion Frames,63.9,USD,63.9,US,Google Search,30,1
1363,809,2025-08-03,Basic Frames,10.87,USD,10.87,US,Google Search,0,2
1364,810,2023-04-21,Fashion Frames,39.68,USD,39.68,US,Google Search,30,1
1365,810,2023-08-11,Basic Frames,28.91,USD,28.91,US,Google Search,0,2
1366,810,2024-02-07,Basic Frames,16.54,USD,16.54,US,Google Search,0,3
1367,811,2025-03-25,Premium Frames,128.46,USD,128.46,US,Email Marketing,10,1
1368,811,2025-06-12,Basic Frames,26.8,USD,26.8,US,Email Marketing,0,2
1369,813,2023-08-24,Basic Frames,24.63,USD,24.63,US,Direct,5,1
1370,813,2023-09-23,Fashion Frames,60.79,USD,60.79,US,Direct,0,2
1371,816,2024-12-18,Fashion Frames,77.02,USD,77.02,US,Social Media,25,1
1372,817,2024-06-28,Basic Frames,18.87,USD,18.87,US,Social Media,25,1
1373,817,2025-03-10,Fashion Frames,62.43,USD,62.43,US,Social Media,0,2
1374,818,2024-04-20,Basic Frames,6.92,USD,6.92,US,Google Search,30,1
1375,818,2024-08-19,Fashion Frames,36.36,USD,36.36,US,Google Search,0,2
1376,819,2023-03-10,Basic Frames,27.07,USD,27.07,US,Email Marketing,10,1
1377,819,2023-05-03,Fashion Frames,74.01,USD,74.01,US,Email Marketing,0,2
1378,819,2023-07-08,Basic Frames,11.9,USD,11.9,US,Email Marketing,0,3
1379,819,2023-08-07,Fashion Frames,57.36,USD,57.36,US,Email Marketing,0,4
1380,819,2024-08-06,Fashion Frames,79.21,USD,79.21,US,Email Marketing,0,5
1381,820,2024-07-24,Basic Frames,15.3,USD,15.3,US,Google Search,30,1
1382,820,2024-10-03,Basic Frames,24.36,USD,24.36,US,Google Search,0,2
1383,822,2025-08-05,Premium Frames,161.43,AUD,111.33,Australia,Google Search,30,1
1384,825,2024-04-21,Basic Frames,10.0,USD,10.0,US,Social Media,25,1
1385,825,2024-08-31,Premium Frames,101.31,USD,101.31,US,Social Media,0,2
1386,827,2025-04-16,Basic Frames,27.69,USD,27.69,US,Social Media,25,1
1387,827,2025-05-16,Premium Frames,112.99,USD,112.99,US,Social Media,0,2
1388,827,2025-06-15,Premium Frames,125.58,USD,125.58,US,Social Media,0,3
1389,827,2025-07-21,Premium Frames,87.24,USD,87.24,US,Social Media,0,4
1390,828,2024-05-02,Basic Frames,10.31,USD,10.31,US,Google Search,30,1
1391,828,2024-06-26,Fashion Frames,59.69,USD,59.69,US,Google Search,0,2
1392,830,2024-06-27,Premium Frames,108.12,USD,108.12,US,Social Media,25,1
1393,830,2024-07-27,Oakley,145.88,USD,145.88,US,Social Media,0,2
1394,831,2024-08-01,Basic Frames,16.89,USD,16.89,US,Direct,5,1
1395,835,2025-07-12,Basic Frames,13.78,USD,13.78,US,Influencer,35,1
1396,835,2025-08-11,Basic Frames,21.57,USD,21.57,US,Influencer,0,2
1397,837,2024-09-19,Fashion Frames,66.93,USD,66.93,US,Social Media,25,1
1398,837,2025-04-11,Fashion Frames,35.47,USD,35.47,US,Social Media,0,2
1399,837,2025-06-30,Premium Frames,129.73,USD,129.73,US,Social Media,0,3
1400,838,2025-04-19,Fashion Frames,35.18,USD,35.18,US,Direct,5,1
1401,838,2025-07-26,Basic Frames,22.97,USD,22.97,US,Direct,0,2
1402,841,2024-05-31,Basic Frames,9.84,USD,9.84,US,Social Media,25,1
1403,841,2025-01-15,Basic Frames,19.21,USD,19.21,US,Social Media,0,2
1404,842,2024-03-12,Basic Frames,10.1,USD,10.1,US,Email Marketing,10,1
1405,842,2024-07-05,Fashion Frames,47.42,USD,47.42,US,Email Marketing,0,2
1406,845,2024-07-15,Fashion Frames,38.09,USD,38.09,US,Social Media,25,1
1407,845,2024-08-14,Oakley,181.53,USD,181.53,US,Social Media,0,2
1408,845,2024-12-04,Fashion Frames,33.51,USD,33.51,US,Social Media,0,3
1409,846,2024-04-19,Fashion Frames,66.78,USD,66.78,US,Social Media,25,1
1410,846,2024-05-19,Fashion Frames,78.09,USD,78.09,US,Social Media,0,2
1411,847,2025-07-13,Fashion Frames,39.85,USD,39.85,US,Google Search,30,1
1412,850,2025-06-07,Basic Frames,35.34,AUD,24.37,Australia,Social Media,25,1
1413,851,2024-05-10,Basic Frames,26.01,AUD,17.94,Australia,Influencer,35,1
1414,851,2024-06-09,Premium Frames,167.34,AUD,115.41,Australia,Influencer,0,2
1415,851,2024-08-28,Premium Frames,198.23,AUD,136.71,Australia,Influencer,0,3
1416,851,2024-10-12,Basic Frames,29.86,AUD,20.59,Australia,Influencer,0,4
1417,851,2025-03-05,Ray-Ban,289.78,AUD,199.85,Australia,Influencer,0,5
1418,851,2025-04-04,Premium Frames,139.14,AUD,95.96,Australia,Influencer,0,6
1419,852,2024-04-05,Fashion Frames,53.23,USD,53.23,US,Google Search,30,1
1420,852,2024-05-05,Basic Frames,16.61,USD,16.61,US,Google Search,0,2
1421,853,2023-10-05,Premium Frames,81.45,USD,81.45,US,Direct,5,1
1422,853,2024-01-01,Ray-Ban,238.33,USD,238.33,US,Direct,0,2
1423,853,2024-08-11,Fashion Frames,44.63,USD,44.63,US,Direct,0,3
1424,854,2025-02-08,Basic Frames,25.68,USD,25.68,US,Social Media,25,1
1425,854,2025-03-10,Premium Frames,95.33,USD,95.33,US,Social Media,0,2
1426,855,2023-09-15,Basic Frames,7.32,USD,7.32,US,Direct,5,1
1427,855,2024-09-14,Premium Frames,105.08,USD,105.08,US,Direct,0,2
1428,855,2024-10-14,Ray-Ban,165.39,USD,165.39,US,Direct,0,3
1429,856,2025-05-17,Fashion Frames,59.33,USD,59.33,US,Social Media,25,1
1430,857,2024-10-18,Basic Frames,13.95,USD,13.95,US,Direct,5,1
1431,858,2023-10-12,Premium Frames,88.51,USD,88.51,US,Google Search,30,1
1432,858,2023-11-11,Premium Frames,149.57,USD,149.57,US,Google Search,0,2
1433,859,2025-02-27,Fashion Frames,44.93,USD,44.93,US,Social Media,25,1
1434,859,2025-07-09,Fashion Frames,63.39,USD,63.39,US,Social Media,0,2
1435,860,2025-03-17,Basic Frames,19.73,USD,19.73,US,Email Marketing,10,1
1436,860,2025-08-10,Premium Frames,119.79,USD,119.79,US,Email Marketing,0,2
1437,863,2024-10-04,Basic Frames,6.86,USD,6.86,US,Social Media,25,1
1438,865,2023-10-27,Fashion Frames,74.98,USD,74.98,US,Google Search,30,1
1439,865,2023-12-06,Basic Frames,25.69,USD,25.69,US,Google Search,0,2
1440,865,2024-01-05,Oakley,180.68,USD,180.68,US,Google Search,0,3
1441,867,2023-04-18,Ray-Ban,197.61,USD,197.61,US,Google Search,30,1
1442,867,2023-06-11,Premium Frames,89.42,USD,89.42,US,Google Search,0,2
1443,867,2023-11-25,Ray-Ban,236.08,USD,236.08,US,Google Search,0,3
1444,867,2024-01-08,Fashion Frames,47.13,USD,47.13,US,Google Search,0,4
1445,868,2025-01-10,Basic Frames,11.04,USD,11.04,US,Google Search,30,1
1446,868,2025-02-19,Fashion Frames,41.24,USD,41.24,US,Google Search,0,2
1447,868,2025-05-01,Fashion Frames,33.85,USD,33.85,US,Google Search,0,3
1448,868,2025-08-03,Basic Frames,19.71,USD,19.71,US,Google Search,0,4
1449,870,2023-09-02,Fashion Frames,35.3,USD,35.3,US,Social Media,25,1
1450,870,2024-06-16,Fashion Frames,66.48,USD,66.48,US,Social Media,0,2
1451,871,2023-10-18,Oakley,183.05,USD,183.05,US,Social Media,25,1
1452,873,2023-12-01,Basic Frames,26.35,USD,26.35,US,Google Search,30,1
1453,873,2023-12-31,Basic Frames,12.23,USD,12.23,US,Google Search,0,2
1454,873,2024-02-10,Basic Frames,19.8,USD,19.8,US,Google Search,0,3
1455,873,2024-05-16,Basic Frames,20.96,USD,20.96,US,Google Search,0,4
1456,875,2024-07-09,Basic Frames,17.91,USD,17.91,US,Influencer,35,1
1457,875,2024-10-15,Premium Frames,131.31,USD,131.31,US,Influencer,0,2
1458,875,2024-11-14,Basic Frames,17.95,USD,17.95,US,Influencer,0,3
1459,878,2023-06-16,Premium Frames,101.04,USD,101.04,US,Email Marketing,10,1
1460,879,2023-09-15,Basic Frames,8.84,USD,8.84,US,Social Media,25,1
1461,880,2024-02-01,Basic Frames,25.12,USD,25.12,US,Email Marketing,10,1
1462,880,2025-01-31,Fashion Frames,67.14,USD,67.14,US,Email Marketing,0,2
1463,880,2025-04-12,Basic Frames,10.98,USD,10.98,US,Email Marketing,0,3
1464,880,2025-07-09,Oakley,169.22,USD,169.22,US,Email Marketing,0,4
1465,881,2024-12-14,Ray-Ban,155.5,USD,155.5,US,Direct,5,1
1466,882,2023-06-13,Basic Frames,25.35,USD,25.35,US,Email Marketing,10,1
1467,882,2023-07-20,Premium Frames,95.65,USD,95.65,US,Email Marketing,0,2
1468,882,2024-04-25,Fashion Frames,62.39,USD,62.39,US,Email Marketing,0,3
1469,882,2024-05-25,Ray-Ban,219.31,USD,219.31,US,Email Marketing,0,4
1470,882,2024-10-17,Fashion Frames,43.47,USD,43.47,US,Email Marketing,0,5
1471,882,2025-02-03,Fashion Frames,34.32,USD,34.32,US,Email Marketing,0,6
1472,882,2025-04-19,Premium Frames,101.72,USD,101.72,US,Email Marketing,0,7
1473,883,2024-12-24,Basic Frames,24.41,USD,24.41,US,Social Media,25,1
1474,884,2023-08-08,Basic Frames,14.0,USD,14.0,US,Direct,5,1
1475,885,2023-03-13,Fashion Frames,58.88,USD,58.88,US,Google Search,30,1
1476,888,2024-01-04,Ray-Ban,233.55,USD,233.55,US,Email Marketing,10,1
1477,890,2024-05-03,Basic Frames,17.39,USD,17.39,US,Social Media,25,1
1478,891,2024-03-03,Fashion Frames,37.65,USD,37.65,US,Influencer,35,1
1479,892,2023-03-07,Basic Frames,17.05,USD,17.05,US,Direct,5,1
1480,892,2024-03-06,Premium Frames,140.7,USD,140.7,US,Direct,0,2
1481,892,2025-03-06,Fashion Frames,74.9,USD,74.9,US,Direct,0,3
1482,893,2023-08-12,Fashion Frames,70.89,USD,70.89,US,Google Search,30,1
1483,893,2023-09-23,Premium Frames,145.02,USD,145.02,US,Google Search,0,2
1484,893,2024-05-11,Fashion Frames,33.75,USD,33.75,US,Google Search,0,3
1485,894,2025-05-07,Basic Frames,19.56,USD,19.56,US,Google Search,30,1
1486,896,2024-02-09,Basic Frames,6.45,USD,6.45,US,Direct,5,1
1487,897,2025-07-15,Fashion Frames,47.25,USD,47.25,US,Social Media,25,1
1488,900,2024-12-17,Basic Frames,9.58,USD,9.58,US,Direct,5,1
1489,900,2025-04-05,Fashion Frames,72.2,USD,72.2,US,Direct,0,2
1490,900,2025-06-19,Basic Frames,14.14,USD,14.14,US,Direct,0,3
1491,901,2023-01-31,Ray-Ban,203.89,USD,203.89,US,Email Marketing,10,1
1492,902,2025-06-13,Fashion Frames,60.68,USD,60.68,US,Social Media,25,1
1493,902,2025-07-13,Fashion Frames,40.18,USD,40.18,US,Social Media,0,2
1494,903,2025-07-18,Premium Frames,134.98,USD,134.98,US,Influencer,35,1
1495,904,2025-02-22,Basic Frames,26.59,USD,26.59,US,Google Search,30,1
1496,905,2024-08-13,Premium Frames,99.73,USD,99.73,US,Google Search,30,1
1497,906,2024-01-27,Premium Frames,141.52,USD,141.52,US,Direct,5,1
1498,906,2024-05-11,Basic Frames,14.92,USD,14.92,US,Direct,0,2
1499,906,2024-12-01,Basic Frames,25.91,USD,25.91,US,Direct,0,3
1500,906,2025-04-24,Fashion Frames,45.83,USD,45.83,US,Direct,0,4
1501,907,2024-05-14,Fashion Frames,39.58,USD,39.58,US,Social Media,25,1
1502,907,2024-06-13,Fashion Frames,49.34,USD,49.34,US,Social Media,0,2
1503,907,2024-07-24,Basic Frames,6.9,USD,6.9,US,Social Media,0,3
1504,907,2025-04-29,Fashion Frames,40.9,USD,40.9,US,Social Media,0,4
1505,908,2023-01-15,Premium Frames,115.91,USD,115.91,US,Email Marketing,10,1
1506,908,2023-02-14,Fashion Frames,70.15,USD,70.15,US,Email Marketing,0,2
1507,908,2023-03-16,Fashion Frames,75.34,USD,75.34,US,Email Marketing,0,3
1508,909,2023-12-29,Fashion Frames,47.67,USD,47.67,US,Influencer,35,1
1509,909,2024-01-28,Ray-Ban,198.86,USD,198.86,US,Influencer,0,2
1510,909,2024-05-02,Fashion Frames,73.82,USD,73.82,US,Influencer,0,3
1511,910,2023-11-19,Fashion Frames,47.04,USD,47.04,US,Email Marketing,10,1
1512,910,2024-04-11,Oakley,181.56,USD,181.56,US,Email Marketing,0,2
1513,910,2024-05-11,Fashion Frames,35.81,USD,35.81,US,Email Marketing,0,3
1514,910,2024-06-12,Fashion Frames,79.13,USD,79.13,US,Email Marketing,0,4
1515,910,2024-12-26,Ray-Ban,202.1,USD,202.1,US,Email Marketing,0,5
1516,910,2025-03-08,Premium Frames,149.5,USD,149.5,US,Email Marketing,0,6
1517,911,2025-02-25,Basic Frames,6.88,USD,6.88,US,Email Marketing,10,1
1518,911,2025-03-30,Ray-Ban,189.37,USD,189.37,US,Email Marketing,0,2
1519,911,2025-04-29,Basic Frames,26.76,USD,26.76,US,Email Marketing,0,3
1520,911,2025-07-03,Fashion Frames,36.68,USD,36.68,US,Email Marketing,0,4
1521,912,2024-02-12,Fashion Frames,33.16,USD,33.16,US,Email Marketing,10,1
1522,912,2024-04-09,Fashion Frames,72.56,USD,72.56,US,Email Marketing,0,2
1523,912,2024-05-30,Basic Frames,26.93,USD,26.93,US,Email Marketing,0,3
1524,912,2024-08-11,Fashion Frames,47.33,USD,47.33,US,Email Marketing,0,4
1525,914,2025-07-06,Premium Frames,133.87,USD,133.87,US,Direct,5,1
1526,916,2024-03-05,Basic Frames,24.2,USD,24.2,US,Social Media,25,1
1527,916,2024-06-13,Premium Frames,125.08,USD,125.08,US,Social Media,0,2
1528,916,2024-08-21,Ray-Ban,171.77,USD,171.77,US,Social Media,0,3
1529,916,2024-09-28,Fashion Frames,40.83,USD,40.83,US,Social Media,0,4
1530,916,2024-12-02,Fashion Frames,45.04,USD,45.04,US,Social Media,0,5
1531,916,2025-06-14,Basic Frames,18.77,USD,18.77,US,Social Media,0,6
1532,916,2025-07-14,Fashion Frames,68.87,USD,68.87,US,Social Media,0,7
1533,917,2024-07-11,Fashion Frames,44.36,USD,44.36,US,Social Media,25,1
1534,917,2025-07-11,Ray-Ban,166.59,USD,166.59,US,Social Media,0,2
1535,918,2025-02-10,Fashion Frames,77.96,USD,77.96,US,Google Search,30,1
1536,918,2025-06-11,Fashion Frames,58.42,USD,58.42,US,Google Search,0,2
1537,919,2025-01-23,Basic Frames,19.02,USD,19.02,US,Social Media,25,1
1538,920,2024-07-17,Ray-Ban,177.83,USD,177.83,US,Direct,5,1
1539,920,2024-10-30,Basic Frames,28.64,USD,28.64,US,Direct,0,2
1540,922,2024-09-12,Basic Frames,10.11,USD,10.11,US,Google Search,30,1
1541,922,2025-01-29,Fashion Frames,46.26,USD,46.26,US,Google Search,0,2
1542,922,2025-03-08,Premium Frames,142.56,USD,142.56,US,Google Search,0,3
1543,923,2025-07-21,Basic Frames,7.22,USD,7.22,US,Direct,5,1
1544,924,2023-08-27,Basic Frames,27.68,USD,27.68,US,Google Search,30,1
1545,924,2024-05-20,Fashion Frames,33.47,USD,33.47,US,Google Search,0,2
1546,924,2024-08-17,Basic Frames,15.21,USD,15.21,US,Google Search,0,3
1547,925,2024-05-19,Fashion Frames,50.2,USD,50.2,US,Social Media,25,1
1548,925,2024-11-21,Fashion Frames,65.53,USD,65.53,US,Social Media,0,2
1549,925,2024-12-28,Premium Frames,142.5,USD,142.5,US,Social Media,0,3
1550,925,2025-04-16,Fashion Frames,61.84,USD,61.84,US,Social Media,0,4
1551,926,2023-08-24,Basic Frames,16.7,USD,16.7,US,Influencer,35,1
1552,926,2024-01-24,Basic Frames,14.53,USD,14.53,US,Influencer,0,2
1553,926,2024-03-20,Basic Frames,13.98,USD,13.98,US,Influencer,0,3
1554,927,2023-10-10,Ray-Ban,226.08,USD,226.08,US,Google Search,30,1
1555,927,2023-12-19,Premium Frames,136.84,USD,136.84,US,Google Search,0,2
1556,928,2024-04-12,Premium Frames,144.67,USD,144.67,US,Direct,5,1
1557,928,2024-10-04,Basic Frames,24.35,USD,24.35,US,Direct,0,2
1558,928,2024-11-04,Ray-Ban,207.21,USD,207.21,US,Direct,0,3
1559,928,2025-01-26,Basic Frames,8.23,USD,8.23,US,Direct,0,4
1560,930,2023-02-02,Basic Frames,8.33,USD,8.33,US,Google Search,30,1
1561,931,2024-02-10,Ray-Ban,214.8,USD,214.8,US,Social Media,25,1
1562,931,2024-05-05,Basic Frames,24.4,USD,24.4,US,Social Media,0,2
1563,932,2023-12-13,Fashion Frames,77.42,USD,77.42,US,Social Media,25,1
1564,932,2024-06-09,Fashion Frames,38.04,USD,38.04,US,Social Media,0,2
1565,932,2024-10-06,Fashion Frames,74.89,USD,74.89,US,Social Media,0,3
1566,933,2024-11-20,Fashion Frames,48.81,USD,48.81,US,Influencer,35,1
1567,933,2025-04-12,Basic Frames,10.4,USD,10.4,US,Influencer,0,2
1568,933,2025-05-12,Fashion Frames,75.95,USD,75.95,US,Influencer,0,3
1569,933,2025-08-08,Basic Frames,13.93,USD,13.93,US,Influencer,0,4
1570,935,2025-04-02,Basic Frames,17.7,USD,17.7,US,Social Media,25,1
1571,935,2025-06-21,Basic Frames,7.57,USD,7.57,US,Social Media,0,2
1572,935,2025-07-21,Premium Frames,88.79,USD,88.79,US,Social Media,0,3
1573,936,2024-03-04,Basic Frames,26.3,USD,26.3,US,Direct,5,1
1574,936,2025-01-18,Fashion Frames,44.83,USD,44.83,US,Direct,0,2
1575,937,2025-01-14,Ray-Ban,207.89,USD,207.89,US,Social Media,25,1
1576,937,2025-06-04,Basic Frames,18.19,USD,18.19,US,Social Media,0,2
1577,937,2025-07-04,Basic Frames,15.74,USD,15.74,US,Social Media,0,3
1578,937,2025-08-09,Basic Frames,23.14,USD,23.14,US,Social Media,0,4
1579,938,2023-06-25,Basic Frames,19.35,USD,19.35,US,Social Media,25,1
1580,938,2023-07-25,Basic Frames,7.7,USD,7.7,US,Social Media,0,2
1581,939,2025-05-13,Basic Frames,17.06,USD,17.06,US,Influencer,35,1
1582,940,2024-05-02,Premium Frames,97.46,USD,97.46,US,Google Search,30,1
1583,940,2025-04-13,Basic Frames,11.85,USD,11.85,US,Google Search,0,2
1584,941,2025-08-05,Basic Frames,17.58,USD,17.58,US,Direct,5,1
1585,942,2023-05-14,Basic Frames,11.0,USD,11.0,US,Social Media,25,1
1586,942,2023-06-13,Premium Frames,128.89,USD,128.89,US,Social Media,0,2
1587,942,2023-07-13,Fashion Frames,52.13,USD,52.13,US,Social Media,0,3
1588,944,2024-07-17,Fashion Frames,47.77,USD,47.77,US,Direct,5,1
1589,944,2025-01-17,Basic Frames,22.66,USD,22.66,US,Direct,0,2
1590,944,2025-05-01,Premium Frames,92.94,USD,92.94,US,Direct,0,3
1591,947,2024-02-27,Basic Frames,26.08,USD,26.08,US,Google Search,30,1
1592,948,2024-08-29,Premium Frames,122.13,USD,122.13,US,Social Media,25,1
1593,948,2024-10-26,Basic Frames,13.81,USD,13.81,US,Social Media,0,2
1594,949,2024-08-08,Fashion Frames,52.82,USD,52.82,US,Direct,5,1
1595,949,2024-12-12,Premium Frames,102.25,USD,102.25,US,Direct,0,2
1596,949,2025-02-18,Basic Frames,15.74,USD,15.74,US,Direct,0,3
1597,950,2024-12-09,Fashion Frames,64.59,USD,64.59,US,Social Media,25,1
1598,950,2025-02-09,Fashion Frames,60.22,USD,60.22,US,Social Media,0,2
1599,950,2025-04-14,Premium Frames,137.57,USD,137.57,US,Social Media,0,3
1600,950,2025-07-02,Premium Frames,103.59,USD,103.59,US,Social Media,0,4
1601,951,2023-02-09,Fashion Frames,34.01,USD,34.01,US,Email Marketing,10,1
1602,951,2023-03-11,Basic Frames,11.22,USD,11.22,US,Email Marketing,0,2
1603,951,2023-04-10,Premium Frames,90.59,USD,90.59,US,Email Marketing,0,3
1604,951,2023-09-05,Basic Frames,19.94,USD,19.94,US,Email Marketing,0,4
1605,956,2025-06-08,Premium Frames,101.11,USD,101.11,US,Google Search,30,1
1606,956,2025-07-08,Oakley,169.25,USD,169.25,US,Google Search,0,2
1607,957,2024-04-22,Oakley,136.45,USD,136.45,US,Direct,5,1
1608,957,2024-05-24,Fashion Frames,73.99,USD,73.99,US,Direct,0,2
1609,958,2023-07-10,Oakley,183.55,USD,183.55,US,Social Media,25,1
1610,958,2023-08-09,Fashion Frames,64.3,USD,64.3,US,Social Media,0,2
1611,961,2024-02-09,Premium Frames,144.14,USD,144.14,US,Direct,5,1
1612,961,2024-03-10,Fashion Frames,79.52,USD,79.52,US,Direct,0,2
1613,961,2024-09-02,Oakley,166.62,USD,166.62,US,Direct,0,3
1614,962,2023-12-05,Fashion Frames,56.01,USD,56.01,US,Social Media,25,1
1615,962,2024-04-11,Basic Frames,26.34,USD,26.34,US,Social Media,0,2
1616,962,2024-05-11,Basic Frames,26.46,USD,26.46,US,Social Media,0,3
1617,962,2024-07-19,Basic Frames,7.5,USD,7.5,US,Social Media,0,4
1618,965,2023-12-01,Fashion Frames,58.44,USD,58.44,US,Social Media,25,1
1619,965,2023-12-31,Oakley,198.3,USD,198.3,US,Social Media,0,2
1620,965,2024-02-17,Fashion Frames,36.38,USD,36.38,US,Social Media,0,3
1621,965,2024-08-16,Ray-Ban,178.94,USD,178.94,US,Social Media,0,4
1622,965,2025-02-01,Fashion Frames,32.53,USD,32.53,US,Social Media,0,5
1623,966,2023-12-27,Fashion Frames,59.92,USD,59.92,US,Google Search,30,1
1624,966,2024-01-26,Ray-Ban,212.9,USD,212.9,US,Google Search,0,2
1625,967,2025-02-19,Premium Frames,109.02,USD,109.02,US,Google Search,30,1
1626,968,2025-07-13,Basic Frames,11.07,USD,11.07,US,Social Media,25,1
1627,968,2025-08-12,Fashion Frames,39.5,USD,39.5,US,Social Media,0,2
1628,969,2024-01-24,Fashion Frames,58.22,USD,58.22,US,Social Media,25,1
1629,969,2024-04-13,Basic Frames,26.24,USD,26.24,US,Social Media,0,2
1630,970,2023-11-07,Fashion Frames,51.44,USD,51.44,US,Direct,5,1
1631,970,2023-12-07,Basic Frames,12.92,USD,12.92,US,Direct,0,2
1632,970,2024-03-08,Basic Frames,26.95,USD,26.95,US,Direct,0,3
1633,971,2025-02-14,Basic Frames,6.28,USD,6.28,US,Social Media,25,1
1634,971,2025-05-14,Premium Frames,125.74,USD,125.74,US,Social Media,0,2
1635,972,2025-05-22,Basic Frames,27.24,USD,27.24,US,Google Search,30,1
1636,973,2024-03-26,Fashion Frames,78.77,USD,78.77,US,Google Search,30,1
1637,973,2024-04-25,Basic Frames,9.26,USD,9.26,US,Google Search,0,2
1638,973,2024-05-25,Fashion Frames,37.72,USD,37.72,US,Google Search,0,3
1639,977,2024-05-01,Basic Frames,28.33,USD,28.33,US,Google Search,30,1
1640,977,2024-06-09,Basic Frames,20.96,USD,20.96,US,Google Search,0,2
1641,977,2025-03-12,Fashion Frames,53.27,USD,53.27,US,Google Search,0,3
1642,978,2023-01-29,Ray-Ban,232.19,USD,232.19,US,Email Marketing,10,1
1643,978,2023-03-02,Basic Frames,15.23,USD,15.23,US,Email Marketing,0,2
1644,978,2023-07-22,Oakley,138.06,USD,138.06,US,Email Marketing,0,3
1645,978,2024-01-04,Basic Frames,16.19,USD,16.19,US,Email Marketing,0,4
1646,978,2024-03-09,Basic Frames,6.18,USD,6.18,US,Email Marketing,0,5
1647,979,2025-02-18,Premium Frames,131.43,USD,131.43,US,Email Marketing,10,1
1648,979,2025-04-08,Ray-Ban,221.5,USD,221.5,US,Email Marketing,0,2
1649,979,2025-05-08,Premium Frames,99.58,USD,99.58,US,Email Marketing,0,3
1650,981,2023-03-06,Basic Frames,6.8,USD,6.8,US,Direct,5,1
1651,981,2023-04-06,Fashion Frames,32.86,USD,32.86,US,Direct,0,2
1652,981,2023-08-19,Basic Frames,17.6,USD,17.6,US,Direct,0,3
1653,981,2024-01-02,Basic Frames,14.85,USD,14.85,US,Direct,0,4
1654,981,2024-07-10,Basic Frames,19.93,USD,19.93,US,Direct,0,5
1655,983,2023-09-01,Fashion Frames,66.78,USD,66.78,US,Social Media,25,1
1656,983,2023-11-06,Fashion Frames,56.79,USD,56.79,US,Social Media,0,2
1657,983,2024-07-05,Oakley,188.75,USD,188.75,US,Social Media,0,3
1658,983,2025-07-05,Basic Frames,24.01,USD,24.01,US,Social Media,0,4
1659,984,2024-11-10,Basic Frames,18.41,USD,18.41,US,Social Media,25,1
1660,985,2023-03-14,Fashion Frames,60.89,USD,60.89,US,Social Media,25,1
1661,985,2023-05-07,Oakley,139.62,USD,139.62,US,Social Media,0,2
1662,985,2023-12-09,Fashion Frames,61.9,USD,61.9,US,Social Media,0,3
1663,986,2025-03-20,Fashion Frames,63.77,USD,63.77,US,Social Media,25,1
1664,986,2025-04-19,Basic Frames,22.42,USD,22.42,US,Social Media,0,2
1665,986,2025-06-19,Fashion Frames,57.42,USD,57.42,US,Social Media,0,3
1666,987,2024-11-06,Fashion Frames,61.04,USD,61.04,US,Direct,5,1
1667,989,2025-02-17,Fashion Frames,31.53,USD,31.53,US,Google Search,30,1
1668,989,2025-04-06,Fashion Frames,53.25,USD,53.25,US,Google Search,0,2
1669,991,2023-09-25,Basic Frames,13.96,USD,13.96,US,Social Media,25,1
1670,992,2023-07-27,Fashion Frames,78.91,USD,78.91,US,Direct,5,1
1671,992,2024-01-06,Fashion Frames,45.44,USD,45.44,US,Direct,0,2
1672,992,2024-07-25,Fashion Frames,39.21,USD,39.21,US,Direct,0,3
1673,992,2024-08-24,Fashion Frames,65.06,USD,65.06,US,Direct,0,4
1674,992,2024-10-31,Fashion Frames,60.28,USD,60.28,US,Direct,0,5
1675,992,2025-05-23,Fashion Frames,45.9,USD,45.9,US,Direct,0,6
1676,994,2023-01-21,Basic Frames,21.1,USD,21.1,US,Social Media,25,1
1677,994,2023-03-31,Basic Frames,19.88,USD,19.88,US,Social Media,0,2
1678,994,2024-03-30,Fashion Frames,59.07,USD,59.07,US,Social Media,0,3
1679,995,2024-09-30,Fashion Frames,45.3,USD,45.3,US,Social Media,25,1
1680,995,2024-12-16,Fashion Frames,67.13,USD,67.13,US,Social Media,0,2
1681,996,2023-06-16,Fashion Frames,54.75,USD,54.75,US,Google Search,30,1
1682,996,2023-10-26,Basic Frames,9.04,USD,9.04,US,Google Search,0,2
1683,997,2023-10-02,Fashion Frames,69.4,USD,69.4,US,Social Media,25,1
1684,997,2023-11-01,Fashion Frames,43.35,USD,43.35,US,Social Media,0,2
1685,997,2023-12-01,Ray-Ban,211.96,USD,211.96,US,Social Media,0,3
1686,998,2023-05-20,Fashion Frames,43.59,USD,43.59,US,Direct,5,1
1687,998,2024-05-19,Premium Frames,132.16,USD,132.16,US,Direct,0,2
1688,998,2025-05-19,Fashion Frames,60.59,USD,60.59,US,Direct,0,3
1689,998,2025-06-18,Fashion Frames,75.6,USD,75.6,US,Direct,0,4
1690,1000,2024-11-20,Basic Frames,14.87,USD,14.87,US,Email Marketing,10,1
1691,1001,2023-05-01,Ray-Ban,228.47,USD,228.47,US,Google Search,30,1
1692,1001,2023-06-03,Basic Frames,11.67,USD,11.67,US,Google Search,0,2
1693,1001,2023-07-03,Fashion Frames,39.86,USD,39.86,US,Google Search,0,3
1694,1002,2024-08-13,Premium Frames,83.28,USD,83.28,US,Social Media,25,1
1695,1002,2025-08-13,Ray-Ban,248.42,USD,248.42,US,Social Media,0,2
1696,1004,2024-04-23,Basic Frames,25.72,USD,25.72,US,Email Marketing,10,1
1697,1004,2024-07-04,Fashion Frames,72.04,USD,72.04,US,Email Marketing,0,2
1698,1006,2023-09-28,Basic Frames,12.92,EUR,15.2,France,Social Media,25,1
1699,1007,2025-02-28,Fashion Frames,66.57,USD,66.57,US,Social Media,25,1
1700,1008,2024-01-14,Basic Frames,19.87,USD,19.87,US,Influencer,35,1
1701,1010,2024-10-11,Fashion Frames,43.96,USD,43.96,US,Social Media,25,1
1702,1012,2025-02-06,Oakley,157.12,USD,157.12,US,Social Media,25,1
1703,1012,2025-08-07,Basic Frames,17.43,USD,17.43,US,Social Media,0,2
1704,1013,2025-01-12,Premium Frames,146.43,USD,146.43,US,Direct,5,1
1705,1015,2025-03-10,Ray-Ban,218.67,USD,218.67,US,Social Media,25,1
1706,1015,2025-05-21,Basic Frames,15.36,USD,15.36,US,Social Media,0,2
1707,1016,2025-05-18,Premium Frames,117.6,USD,117.6,US,Direct,5,1
1708,1017,2023-07-05,Basic Frames,12.93,USD,12.93,US,Google Search,30,1
1709,1017,2024-05-05,Basic Frames,25.14,USD,25.14,US,Google Search,0,2
1710,1018,2023-11-16,Basic Frames,13.58,USD,13.58,US,Direct,5,1
1711,1018,2023-12-16,Fashion Frames,56.98,USD,56.98,US,Direct,0,2
1712,1018,2024-09-24,Ray-Ban,245.63,USD,245.63,US,Direct,0,3
1713,1018,2024-10-24,Basic Frames,8.34,USD,8.34,US,Direct,0,4
1714,1018,2024-11-26,Basic Frames,18.75,USD,18.75,US,Direct,0,5
1715,1018,2024-12-26,Basic Frames,14.49,USD,14.49,US,Direct,0,6
1716,1020,2024-08-27,Basic Frames,21.65,USD,21.65,US,Direct,5,1
1717,1020,2024-09-26,Basic Frames,12.54,USD,12.54,US,Direct,0,2
1718,1020,2024-10-26,Fashion Frames,44.25,USD,44.25,US,Direct,0,3
1719,1020,2024-11-25,Fashion Frames,70.31,USD,70.31,US,Direct,0,4
1720,1021,2023-02-01,Basic Frames,20.02,USD,20.02,US,Direct,5,1
1721,1021,2023-03-03,Premium Frames,112.82,USD,112.82,US,Direct,0,2
1722,1022,2025-08-15,Fashion Frames,42.85,USD,42.85,US,Social Media,25,1
1723,1023,2023-11-26,Ray-Ban,227.28,USD,227.28,US,Direct,5,1
1724,1023,2024-07-10,Premium Frames,116.88,USD,116.88,US,Direct,0,2
1725,1023,2025-07-10,Fashion Frames,64.21,USD,64.21,US,Direct,0,3
1726,1025,2024-12-01,Fashion Frames,31.52,USD,31.52,US,Google Search,30,1
1727,1026,2025-07-18,Fashion Frames,34.33,USD,34.33,US,Social Media,25,1
1728,1027,2024-02-02,Ray-Ban,203.0,USD,203.0,US,Google Search,30,1
1729,1027,2024-04-25,Fashion Frames,64.59,USD,64.59,US,Google Search,0,2
1730,1027,2024-10-13,Fashion Frames,48.22,USD,48.22,US,Google Search,0,3
1731,1029,2025-01-04,Basic Frames,6.82,USD,6.82,US,Social Media,25,1
1732,1030,2023-08-13,Fashion Frames,33.79,USD,33.79,US,Social Media,25,1
1733,1030,2024-06-21,Premium Frames,122.0,USD,122.0,US,Social Media,0,2
1734,1032,2024-08-29,Premium Frames,122.36,USD,122.36,US,Direct,5,1
1735,1032,2024-10-08,Basic Frames,8.92,USD,8.92,US,Direct,0,2
1736,1032,2025-04-22,Fashion Frames,77.93,USD,77.93,US,Direct,0,3
1737,1033,2024-12-19,Fashion Frames,60.63,USD,60.63,US,Direct,5,1
1738,1033,2025-01-18,Basic Frames,15.02,USD,15.02,US,Direct,0,2
1739,1033,2025-04-04,Fashion Frames,68.43,USD,68.43,US,Direct,0,3
1740,1033,2025-08-09,Fashion Frames,62.75,USD,62.75,US,Direct,0,4
1741,1035,2024-10-12,Fashion Frames,36.43,USD,36.43,US,Google Search,30,1
1742,1035,2025-03-26,Basic Frames,10.42,USD,10.42,US,Google Search,0,2
1743,1036,2023-09-09,Fashion Frames,63.36,USD,63.36,US,Direct,5,1
1744,1036,2023-10-09,Fashion Frames,34.71,USD,34.71,US,Direct,0,2
1745,1036,2023-11-08,Basic Frames,16.88,USD,16.88,US,Direct,0,3
1746,1036,2024-03-17,Basic Frames,29.89,USD,29.89,US,Direct,0,4
1747,1036,2025-03-17,Premium Frames,134.09,USD,134.09,US,Direct,0,5
1748,1037,2023-04-18,Fashion Frames,63.71,USD,63.71,US,Email Marketing,10,1
1749,1037,2023-09-15,Basic Frames,24.48,USD,24.48,US,Email Marketing,0,2
1750,1037,2023-10-26,Fashion Frames,43.61,USD,43.61,US,Email Marketing,0,3
1751,1037,2023-12-18,Premium Frames,134.87,USD,134.87,US,Email Marketing,0,4
1752,1037,2024-04-22,Basic Frames,12.65,USD,12.65,US,Email Marketing,0,5
1753,1038,2024-12-15,Basic Frames,15.33,USD,15.33,US,Influencer,35,1
1754,1038,2025-01-27,Basic Frames,29.9,USD,29.9,US,Influencer,0,2
1755,1039,2025-03-06,Fashion Frames,70.83,USD,70.83,US,Email Marketing,10,1
1756,1039,2025-07-19,Fashion Frames,39.72,USD,39.72,US,Email Marketing,0,2
1757,1040,2023-11-14,Oakley,198.35,USD,198.35,US,Social Media,25,1
1758,1040,2024-04-03,Fashion Frames,40.83,USD,40.83,US,Social Media,0,2
1759,1041,2025-05-29,Fashion Frames,9394.0,JPY,62.63,Japan,Social Media,25,1
1760,1042,2024-12-10,Basic Frames,18.98,USD,18.98,US,Influencer,35,1
1761,1042,2025-04-27,Basic Frames,16.35,USD,16.35,US,Influencer,0,2
1762,1043,2024-09-13,Basic Frames,8.55,USD,8.55,US,Social Media,25,1
1763,1044,2025-04-20,Premium Frames,98.87,USD,98.87,US,Google Search,30,1
1764,1044,2025-05-20,Fashion Frames,32.71,USD,32.71,US,Google Search,0,2
1765,1044,2025-07-08,Premium Frames,85.86,USD,85.86,US,Google Search,0,3
1766,1047,2024-08-04,Basic Frames,17.94,USD,17.94,US,Direct,5,1
1767,1047,2024-10-11,Basic Frames,21.67,USD,21.67,US,Direct,0,2
1768,1047,2025-01-01,Fashion Frames,31.04,USD,31.04,US,Direct,0,3
1769,1047,2025-03-24,Fashion Frames,32.85,USD,32.85,US,Direct,0,4
1770,1047,2025-04-23,Premium Frames,107.94,USD,107.94,US,Direct,0,5
1771,1048,2025-03-12,Fashion Frames,47.16,USD,47.16,US,Direct,5,1
1772,1048,2025-04-27,Fashion Frames,50.18,USD,50.18,US,Direct,0,2
1773,1048,2025-06-09,Fashion Frames,31.18,USD,31.18,US,Direct,0,3
1774,1049,2023-02-14,Premium Frames,134.2,USD,134.2,US,Google Search,30,1
1775,1049,2023-04-13,Fashion Frames,54.43,USD,54.43,US,Google Search,0,2
1776,1049,2023-08-16,Basic Frames,15.69,USD,15.69,US,Google Search,0,3
1777,1052,2024-03-16,Basic Frames,11.42,USD,11.42,US,Influencer,35,1
1778,1052,2024-04-28,Basic Frames,15.23,USD,15.23,US,Influencer,0,2
1779,1053,2024-11-08,Premium Frames,134.81,USD,134.81,US,Google Search,30,1
1780,1053,2025-03-05,Basic Frames,8.91,USD,8.91,US,Google Search,0,2
1781,1053,2025-05-06,Fashion Frames,57.23,USD,57.23,US,Google Search,0,3
1782,1055,2023-03-18,Fashion Frames,45.84,USD,45.84,US,Direct,5,1
1783,1056,2024-06-02,Premium Frames,149.79,USD,149.79,US,Social Media,25,1
1784,1056,2024-07-06,Basic Frames,21.53,USD,21.53,US,Social Media,0,2
1785,1056,2024-09-05,Premium Frames,106.21,USD,106.21,US,Social Media,0,3
1786,1056,2024-10-05,Fashion Frames,72.81,USD,72.81,US,Social Media,0,4
1787,1056,2024-11-04,Basic Frames,14.16,USD,14.16,US,Social Media,0,5
1788,1056,2024-12-25,Basic Frames,26.19,USD,26.19,US,Social Media,0,6
1789,1056,2025-08-06,Premium Frames,133.47,USD,133.47,US,Social Media,0,7
1790,1057,2024-10-27,Fashion Frames,40.95,USD,40.95,US,Direct,5,1
1791,1057,2025-04-04,Basic Frames,19.31,USD,19.31,US,Direct,0,2
1792,1059,2023-01-15,Premium Frames,101.62,USD,101.62,US,Google Search,30,1
1793,1059,2023-02-14,Basic Frames,15.36,USD,15.36,US,Google Search,0,2
1794,1059,2023-08-17,Fashion Frames,36.23,USD,36.23,US,Google Search,0,3
1795,1059,2023-09-16,Fashion Frames,64.75,USD,64.75,US,Google Search,0,4
1796,1059,2024-02-21,Basic Frames,17.68,USD,17.68,US,Google Search,0,5
1797,1061,2024-03-16,Fashion Frames,40.28,USD,40.28,US,Social Media,25,1
1798,1061,2024-07-24,Basic Frames,6.86,USD,6.86,US,Social Media,0,2
1799,1062,2025-04-24,Basic Frames,29.91,USD,29.91,US,Email Marketing,10,1
1800,1063,2024-05-25,Premium Frames,156.34,AUD,107.82,Australia,Google Search,30,1
1801,1065,2024-04-03,Ray-Ban,200.47,USD,200.47,US,Influencer,35,1
1802,1069,2025-05-02,Fashion Frames,47.62,USD,47.62,US,Social Media,25,1
1803,1069,2025-07-02,Ray-Ban,184.43,USD,184.43,US,Social Media,0,2
1804,1071,2025-01-02,Basic Frames,1662.0,JPY,11.08,Japan,Social Media,25,1
1805,1073,2024-03-21,Fashion Frames,77.06,USD,77.06,US,Social Media,25,1
1806,1073,2024-06-24,Basic Frames,26.88,USD,26.88,US,Social Media,0,2
1807,1073,2024-10-21,Basic Frames,18.88,USD,18.88,US,Social Media,0,3
1808,1075,2025-02-04,Basic Frames,7.73,USD,7.73,US,Influencer,35,1
1809,1075,2025-06-18,Basic Frames,23.65,USD,23.65,US,Influencer,0,2
1810,1076,2024-06-24,Premium Frames,82.32,USD,82.32,US,Social Media,25,1
1811,1076,2024-10-14,Fashion Frames,75.45,USD,75.45,US,Social Media,0,2
1812,1076,2025-04-18,Ray-Ban,212.22,USD,212.22,US,Social Media,0,3
1813,1076,2025-06-13,Fashion Frames,42.89,USD,42.89,US,Social Media,0,4
1814,1077,2024-10-31,Premium Frames,81.99,USD,81.99,US,Google Search,30,1
1815,1078,2023-10-08,Ray-Ban,240.56,USD,240.56,US,Social Media,25,1
1816,1078,2023-11-07,Basic Frames,25.7,USD,25.7,US,Social Media,0,2
1817,1079,2024-09-26,Fashion Frames,51.81,EUR,60.95,France,Direct,5,1
1818,1079,2024-10-31,Premium Frames,117.84,EUR,138.64,France,Direct,0,2
1819,1080,2025-04-14,Premium Frames,137.41,USD,137.41,US,Direct,5,1
1820,1081,2025-07-31,Premium Frames,122.05,USD,122.05,US,Social Media,25,1
1821,1082,2024-07-12,Fashion Frames,34.09,USD,34.09,US,Google Search,30,1
1822,1082,2024-11-12,Premium Frames,94.98,USD,94.98,US,Google Search,0,2
1823,1083,2025-03-04,Basic Frames,26.06,USD,26.06,US,Social Media,25,1
1824,1083,2025-04-03,Basic Frames,23.71,USD,23.71,US,Social Media,0,2
1825,1084,2024-05-11,Oakley,129.66,USD,129.66,US,Social Media,25,1
1826,1084,2024-08-14,Basic Frames,22.42,USD,22.42,US,Social Media,0,2
1827,1084,2025-03-22,Basic Frames,19.1,USD,19.1,US,Social Media,0,3
1828,1085,2024-05-06,Premium Frames,147.56,USD,147.56,US,Social Media,25,1
1829,1085,2024-08-16,Basic Frames,11.12,USD,11.12,US,Social Media,0,2
1830,1086,2024-03-25,Fashion Frames,39.5,USD,39.5,US,Google Search,30,1
1831,1086,2024-11-08,Fashion Frames,34.1,USD,34.1,US,Google Search,0,2
1832,1086,2025-01-25,Basic Frames,12.57,USD,12.57,US,Google Search,0,3
1833,1086,2025-02-24,Ray-Ban,226.0,USD,226.0,US,Google Search,0,4
1834,1086,2025-04-10,Premium Frames,92.6,USD,92.6,US,Google Search,0,5
1835,1087,2025-05-01,Premium Frames,92.39,USD,92.39,US,Social Media,25,1
1836,1087,2025-06-08,Fashion Frames,42.94,USD,42.94,US,Social Media,0,2
1837,1088,2025-01-27,Fashion Frames,37.54,USD,37.54,US,Direct,5,1
1838,1088,2025-05-16,Fashion Frames,69.76,USD,69.76,US,Direct,0,2
1839,1088,2025-06-15,Basic Frames,21.17,USD,21.17,US,Direct,0,3
1840,1089,2024-09-11,Basic Frames,9.79,USD,9.79,US,Google Search,30,1
1841,1091,2023-12-06,Basic Frames,6.17,USD,6.17,US,Google Search,30,1
1842,1093,2023-09-10,Basic Frames,20.25,USD,20.25,US,Email Marketing,10,1
1843,1093,2024-02-13,Fashion Frames,44.9,USD,44.9,US,Email Marketing,0,2
1844,1094,2025-05-04,Ray-Ban,229.43,USD,229.43,US,Influencer,35,1
1845,1096,2023-04-01,Fashion Frames,38.01,USD,38.01,US,Google Search,30,1
1846,1096,2023-05-17,Fashion Frames,44.28,USD,44.28,US,Google Search,0,2
1847,1097,2023-10-20,Fashion Frames,42.72,USD,42.72,US,Email Marketing,10,1
1848,1097,2023-12-09,Basic Frames,10.19,USD,10.19,US,Email Marketing,0,2
1849,1097,2024-01-08,Basic Frames,22.6,USD,22.6,US,Email Marketing,0,3
1850,1098,2025-06-22,Basic Frames,23.21,USD,23.21,US,Social Media,25,1
1851,1099,2024-04-17,Basic Frames,8.11,USD,8.11,US,Direct,5,1
1852,1099,2024-06-29,Fashion Frames,71.5,USD,71.5,US,Direct,0,2
1853,1100,2023-09-11,Ray-Ban,279.07,AUD,192.46,Australia,Social Media,25,1
1854,1100,2024-01-19,Ray-Ban,299.0,AUD,206.21,Australia,Social Media,0,2
1855,1100,2024-02-18,Fashion Frames,58.58,AUD,40.4,Australia,Social Media,0,3
1856,1103,2024-08-22,Fashion Frames,73.27,USD,73.27,US,Direct,5,1
1857,1103,2024-09-21,Premium Frames,149.09,USD,149.09,US,Direct,0,2
1858,1103,2024-10-25,Basic Frames,18.18,USD,18.18,US,Direct,0,3
1859,1104,2024-09-20,Basic Frames,21.04,USD,21.04,US,Social Media,25,1
1860,1104,2025-03-02,Basic Frames,10.99,USD,10.99,US,Social Media,0,2
1861,1104,2025-04-03,Basic Frames,7.27,USD,7.27,US,Social Media,0,3
1862,1105,2024-11-20,Premium Frames,91.3,USD,91.3,US,Social Media,25,1
1863,1105,2024-12-20,Basic Frames,26.25,USD,26.25,US,Social Media,0,2
1864,1105,2025-01-19,Fashion Frames,75.66,USD,75.66,US,Social Media,0,3
1865,1106,2024-02-16,Basic Frames,9.83,USD,9.83,US,Influencer,35,1
1866,1106,2024-11-20,Fashion Frames,76.21,USD,76.21,US,Influencer,0,2
1867,1106,2024-12-20,Fashion Frames,33.65,USD,33.65,US,Influencer,0,3
1868,1107,2023-12-23,Ray-Ban,171.75,USD,171.75,US,Social Media,25,1
1869,1107,2024-03-11,Fashion Frames,43.32,USD,43.32,US,Social Media,0,2
1870,1107,2024-04-10,Basic Frames,20.8,USD,20.8,US,Social Media,0,3
1871,1107,2024-05-19,Basic Frames,27.36,USD,27.36,US,Social Media,0,4
1872,1108,2023-02-02,Oakley,128.35,USD,128.35,US,Social Media,25,1
1873,1108,2023-03-04,Fashion Frames,33.57,USD,33.57,US,Social Media,0,2
1874,1108,2023-07-06,Basic Frames,18.9,USD,18.9,US,Social Media,0,3
1875,1109,2024-05-22,Ray-Ban,153.88,USD,153.88,US,Email Marketing,10,1
1876,1109,2024-10-06,Fashion Frames,56.23,USD,56.23,US,Email Marketing,0,2
1877,1110,2025-05-22,Fashion Frames,42.53,USD,42.53,US,Social Media,25,1
1878,1110,2025-06-21,Basic Frames,16.68,USD,16.68,US,Social Media,0,2
1879,1111,2023-12-08,Fashion Frames,51.53,USD,51.53,US,Email Marketing,10,1
1880,1111,2024-12-07,Ray-Ban,224.96,USD,224.96,US,Email Marketing,0,2
1881,1111,2025-02-08,Premium Frames,142.99,USD,142.99,US,Email Marketing,0,3
1882,1111,2025-05-13,Fashion Frames,42.27,USD,42.27,US,Email Marketing,0,4
1883,1112,2023-07-11,Ray-Ban,173.55,USD,173.55,US,Email Marketing,10,1
1884,1113,2024-05-15,Basic Frames,15.9,USD,15.9,US,Direct,5,1
1885,1113,2024-08-26,Basic Frames,10.8,USD,10.8,US,Direct,0,2
1886,1113,2024-12-02,Fashion Frames,74.68,USD,74.68,US,Direct,0,3
1887,1114,2023-08-21,Basic Frames,20.04,USD,20.04,US,Google Search,30,1
1888,1115,2024-01-11,Oakley,154.87,USD,154.87,US,Google Search,30,1
1889,1116,2025-03-28,Oakley,168.75,USD,168.75,US,Influencer,35,1
1890,1117,2023-09-22,Fashion Frames,49.3,USD,49.3,US,Google Search,30,1
1891,1117,2023-10-22,Oakley,156.62,USD,156.62,US,Google Search,0,2
1892,1117,2023-11-21,Fashion Frames,40.51,USD,40.51,US,Google Search,0,3
1893,1118,2023-12-25,Fashion Frames,44.22,USD,44.22,US,Google Search,30,1
1894,1118,2024-01-24,Premium Frames,104.18,USD,104.18,US,Google Search,0,2
1895,1119,2023-10-14,Oakley,165.49,USD,165.49,US,Influencer,35,1
1896,1119,2024-01-02,Basic Frames,12.73,USD,12.73,US,Influencer,0,2
1897,1119,2024-06-26,Basic Frames,8.67,USD,8.67,US,Influencer,0,3
1898,1119,2024-11-28,Premium Frames,113.12,USD,113.12,US,Influencer,0,4
1899,1120,2025-06-24,Basic Frames,24.25,USD,24.25,US,Social Media,25,1
1900,1121,2024-09-09,Premium Frames,101.37,USD,101.37,US,Social Media,25,1
1901,1121,2024-10-25,Fashion Frames,38.68,USD,38.68,US,Social Media,0,2
1902,1121,2024-11-24,Basic Frames,25.07,USD,25.07,US,Social Media,0,3
1903,1124,2023-10-10,Fashion Frames,58.09,USD,58.09,US,Social Media,25,1
1904,1124,2024-04-14,Premium Frames,96.85,USD,96.85,US,Social Media,0,2
1905,1124,2025-01-06,Basic Frames,15.88,USD,15.88,US,Social Media,0,3
1906,1124,2025-04-05,Basic Frames,18.52,USD,18.52,US,Social Media,0,4
1907,1124,2025-05-05,Ray-Ban,236.36,USD,236.36,US,Social Media,0,5
1908,1124,2025-07-26,Premium Frames,95.93,USD,95.93,US,Social Media,0,6
1909,1125,2024-07-25,Basic Frames,17.11,USD,17.11,US,Google Search,30,1
1910,1125,2024-11-28,Oakley,121.16,USD,121.16,US,Google Search,0,2
1911,1126,2023-01-12,Basic Frames,26.94,USD,26.94,US,Social Media,25,1
1912,1126,2024-01-01,Basic Frames,11.95,USD,11.95,US,Social Media,0,2
1913,1126,2024-12-31,Fashion Frames,52.28,USD,52.28,US,Social Media,0,3
1914,1126,2025-02-16,Fashion Frames,41.9,USD,41.9,US,Social Media,0,4
1915,1131,2025-01-07,Basic Frames,7.06,USD,7.06,US,Social Media,25,1
1916,1131,2025-02-06,Basic Frames,29.79,USD,29.79,US,Social Media,0,2
1917,1131,2025-07-11,Basic Frames,23.6,USD,23.6,US,Social Media,0,3
1918,1132,2024-02-26,Basic Frames,16.22,USD,16.22,US,Social Media,25,1
1919,1132,2024-10-25,Basic Frames,15.46,USD,15.46,US,Social Media,0,2
1920,1132,2024-11-24,Fashion Frames,70.68,USD,70.68,US,Social Media,0,3
1921,1132,2025-05-27,Basic Frames,22.72,USD,22.72,US,Social Media,0,4
1922,1133,2024-05-19,Basic Frames,17.89,USD,17.89,US,Social Media,25,1
1923,1133,2024-10-25,Fashion Frames,35.07,USD,35.07,US,Social Media,0,2
1924,1133,2025-04-13,Premium Frames,132.96,USD,132.96,US,Social Media,0,3
1925,1134,2024-08-02,Fashion Frames,50.92,USD,50.92,US,Social Media,25,1
1926,1134,2025-02-01,Ray-Ban,172.58,USD,172.58,US,Social Media,0,2
1927,1134,2025-07-09,Premium Frames,105.73,USD,105.73,US,Social Media,0,3
1928,1134,2025-08-08,Basic Frames,11.74,USD,11.74,US,Social Media,0,4
1929,1136,2023-09-07,Fashion Frames,63.78,USD,63.78,US,Email Marketing,10,1
1930,1136,2023-10-07,Basic Frames,9.88,USD,9.88,US,Email Marketing,0,2
1931,1136,2023-12-31,Fashion Frames,53.5,USD,53.5,US,Email Marketing,0,3
1932,1136,2024-02-01,Fashion Frames,58.95,USD,58.95,US,Email Marketing,0,4
1933,1137,2024-12-08,Fashion Frames,78.84,USD,78.84,US,Social Media,25,1
1934,1137,2025-03-24,Fashion Frames,53.72,USD,53.72,US,Social Media,0,2
1935,1137,2025-05-10,Fashion Frames,37.79,USD,37.79,US,Social Media,0,3
1936,1137,2025-06-09,Ray-Ban,220.61,USD,220.61,US,Social Media,0,4
1937,1138,2024-05-03,Basic Frames,4038.0,JPY,26.92,Japan,Social Media,25,1
1938,1138,2025-05-03,Basic Frames,3156.0,JPY,21.04,Japan,Social Media,0,2
1939,1139,2024-10-28,Ray-Ban,151.14,USD,151.14,US,Social Media,25,1
1940,1140,2024-12-30,Basic Frames,15.24,USD,15.24,US,Email Marketing,10,1
1941,1140,2025-05-07,Fashion Frames,64.85,USD,64.85,US,Email Marketing,0,2
1942,1140,2025-06-07,Fashion Frames,57.02,USD,57.02,US,Email Marketing,0,3
1943,1141,2024-05-24,Ray-Ban,225.54,USD,225.54,US,Social Media,25,1
1944,1141,2024-07-22,Fashion Frames,65.2,USD,65.2,US,Social Media,0,2
1945,1141,2024-09-02,Basic Frames,20.7,USD,20.7,US,Social Media,0,3
1946,1141,2024-12-13,Oakley,166.02,USD,166.02,US,Social Media,0,4
1947,1141,2025-02-23,Ray-Ban,171.51,USD,171.51,US,Social Media,0,5
1948,1142,2024-04-08,Basic Frames,20.89,USD,20.89,US,Social Media,25,1
1949,1142,2025-04-08,Premium Frames,104.16,USD,104.16,US,Social Media,0,2
1950,1142,2025-06-16,Fashion Frames,76.68,USD,76.68,US,Social Media,0,3
1951,1143,2025-04-09,Premium Frames,143.79,USD,143.79,US,Google Search,30,1
1952,1144,2023-01-18,Fashion Frames,33.53,USD,33.53,US,Google Search,30,1
1953,1144,2023-05-08,Basic Frames,15.19,USD,15.19,US,Google Search,0,2
1954,1144,2023-06-07,Basic Frames,17.17,USD,17.17,US,Google Search,0,3
1955,1145,2023-04-08,Premium Frames,106.28,USD,106.28,US,Direct,5,1
1956,1145,2023-05-08,Fashion Frames,62.76,USD,62.76,US,Direct,0,2
1957,1146,2023-11-05,Fashion Frames,58.48,USD,58.48,US,Email Marketing,10,1
1958,1146,2023-12-05,Fashion Frames,68.91,USD,68.91,US,Email Marketing,0,2
1959,1146,2024-09-26,Basic Frames,9.32,USD,9.32,US,Email Marketing,0,3
1960,1146,2024-12-09,Fashion Frames,47.41,USD,47.41,US,Email Marketing,0,4
1961,1147,2023-08-18,Fashion Frames,62.8,USD,62.8,US,Social Media,25,1
1962,1147,2024-01-10,Ray-Ban,224.0,USD,224.0,US,Social Media,0,2
1963,1147,2024-03-22,Fashion Frames,67.86,USD,67.86,US,Social Media,0,3
1964,1147,2024-06-22,Basic Frames,26.91,USD,26.91,US,Social Media,0,4
1965,1148,2024-02-20,Basic Frames,24.08,USD,24.08,US,Email Marketing,10,1
1966,1148,2024-03-21,Fashion Frames,68.28,USD,68.28,US,Email Marketing,0,2
1967,1148,2024-04-20,Fashion Frames,46.7,USD,46.7,US,Email Marketing,0,3
1968,1148,2025-04-20,Fashion Frames,75.0,USD,75.0,US,Email Marketing,0,4
1969,1149,2024-12-11,Premium Frames,110.18,USD,110.18,US,Influencer,35,1
1970,1150,2023-09-12,Premium Frames,106.72,USD,106.72,US,Social Media,25,1
1971,1150,2023-10-13,Basic Frames,16.86,USD,16.86,US,Social Media,0,2
1972,1151,2023-11-19,Oakley,186.36,USD,186.36,US,Social Media,25,1
1973,1151,2024-03-14,Premium Frames,113.44,USD,113.44,US,Social Media,0,2
1974,1151,2024-06-09,Basic Frames,18.77,USD,18.77,US,Social Media,0,3
1975,1154,2024-01-20,Fashion Frames,49.04,USD,49.04,US,Google Search,30,1
1976,1155,2024-05-03,Premium Frames,128.83,USD,128.83,US,Social Media,25,1
1977,1155,2024-06-02,Oakley,198.25,USD,198.25,US,Social Media,0,2
1978,1155,2025-06-02,Fashion Frames,74.27,USD,74.27,US,Social Media,0,3
1979,1155,2025-07-20,Basic Frames,10.52,USD,10.52,US,Social Media,0,4
1980,1157,2024-07-01,Basic Frames,15.38,USD,15.38,US,Influencer,35,1
1981,1158,2023-12-24,Oakley,196.66,USD,196.66,US,Email Marketing,10,1
1982,1158,2024-05-14,Fashion Frames,34.77,USD,34.77,US,Email Marketing,0,2
1983,1159,2024-03-30,Basic Frames,8.69,USD,8.69,US,Social Media,25,1
1984,1159,2025-02-06,Ray-Ban,165.65,USD,165.65,US,Social Media,0,2
1985,1159,2025-03-08,Oakley,132.04,USD,132.04,US,Social Media,0,3
1986,1159,2025-04-07,Basic Frames,10.9,USD,10.9,US,Social Media,0,4
1987,1159,2025-06-16,Oakley,196.17,USD,196.17,US,Social Media,0,5
1988,1160,2025-02-04,Basic Frames,16.0,USD,16.0,US,Google Search,30,1
1989,1160,2025-06-08,Basic Frames,22.38,USD,22.38,US,Google Search,0,2
1990,1160,2025-07-13,Premium Frames,145.29,USD,145.29,US,Google Search,0,3
1991,1161,2024-07-20,Fashion Frames,51.59,USD,51.59,US,Influencer,35,1
1992,1161,2025-04-17,Basic Frames,23.71,USD,23.71,US,Influencer,0,2
1993,1162,2023-12-17,Fashion Frames,40.26,USD,40.26,US,Direct,5,1
1994,1162,2024-01-25,Basic Frames,6.53,USD,6.53,US,Direct,0,2
1995,1162,2024-02-24,Basic Frames,25.25,USD,25.25,US,Direct,0,3
1996,1162,2024-03-25,Basic Frames,26.04,USD,26.04,US,Direct,0,4
1997,1162,2024-12-13,Ray-Ban,202.44,USD,202.44,US,Direct,0,5
1998,1162,2025-03-29,Premium Frames,104.18,USD,104.18,US,Direct,0,6
1999,1163,2023-12-28,Basic Frames,21.74,USD,21.74,US,Social Media,25,1
2000,1163,2024-01-27,Basic Frames,24.88,USD,24.88,US,Social Media,0,2
2001,1163,2024-02-26,Basic Frames,17.67,USD,17.67,US,Social Media,0,3
2002,1164,2024-12-28,Premium Frames,117.58,USD,117.58,US,Influencer,35,1
2003,1164,2025-02-24,Premium Frames,118.84,USD,118.84,US,Influencer,0,2
2004,1164,2025-04-14,Basic Frames,16.99,USD,16.99,US,Influencer,0,3
2005,1165,2024-04-10,Fashion Frames,75.02,USD,75.02,US,Influencer,35,1
2006,1165,2024-05-31,Fashion Frames,46.02,USD,46.02,US,Influencer,0,2
2007,1165,2024-09-05,Fashion Frames,69.67,USD,69.67,US,Influencer,0,3
2008,1166,2023-10-30,Fashion Frames,49.22,USD,49.22,US,Social Media,25,1
2009,1166,2024-01-10,Basic Frames,12.92,USD,12.92,US,Social Media,0,2
2010,1166,2024-04-10,Basic Frames,26.29,USD,26.29,US,Social Media,0,3
2011,1167,2023-11-22,Basic Frames,12.83,USD,12.83,US,Google Search,30,1
2012,1167,2024-01-31,Premium Frames,146.98,USD,146.98,US,Google Search,0,2
2013,1167,2024-05-27,Basic Frames,20.85,USD,20.85,US,Google Search,0,3
2014,1168,2023-09-24,Fashion Frames,57.23,USD,57.23,US,Google Search,30,1
2015,1168,2023-10-24,Basic Frames,10.37,USD,10.37,US,Google Search,0,2
2016,1168,2023-11-23,Basic Frames,10.21,USD,10.21,US,Google Search,0,3
2017,1169,2023-09-14,Basic Frames,27.71,USD,27.71,US,Email Marketing,10,1
2018,1169,2023-10-26,Fashion Frames,69.93,USD,69.93,US,Email Marketing,0,2
2019,1169,2024-05-09,Basic Frames,9.87,USD,9.87,US,Email Marketing,0,3
2020,1170,2023-05-16,Premium Frames,149.57,USD,149.57,US,Google Search,30,1
2021,1170,2023-09-25,Premium Frames,120.64,USD,120.64,US,Google Search,0,2
2022,1170,2024-09-24,Fashion Frames,52.6,USD,52.6,US,Google Search,0,3
2023,1171,2025-01-08,Basic Frames,10.92,USD,10.92,US,Social Media,25,1
2024,1172,2023-08-02,Basic Frames,21.97,USD,21.97,US,Social Media,25,1
2025,1172,2024-03-08,Premium Frames,148.48,USD,148.48,US,Social Media,0,2
2026,1172,2024-04-23,Basic Frames,9.55,USD,9.55,US,Social Media,0,3
2027,1172,2024-06-05,Premium Frames,111.94,USD,111.94,US,Social Media,0,4
2028,1174,2023-05-07,Oakley,129.72,USD,129.72,US,Social Media,25,1
2029,1174,2023-06-06,Ray-Ban,153.47,USD,153.47,US,Social Media,0,2
2030,1174,2023-12-31,Oakley,194.49,USD,194.49,US,Social Media,0,3
2031,1178,2024-12-07,Fashion Frames,66.76,EUR,78.54,France,Google Search,30,1
2032,1179,2023-07-10,Fashion Frames,55.86,USD,55.86,US,Social Media,25,1
2033,1179,2023-08-09,Basic Frames,21.53,USD,21.53,US,Social Media,0,2
2034,1179,2023-10-03,Premium Frames,101.39,USD,101.39,US,Social Media,0,3
2035,1184,2023-10-20,Fashion Frames,70.18,USD,70.18,US,Google Search,30,1
2036,1184,2024-02-12,Fashion Frames,66.7,USD,66.7,US,Google Search,0,2
2037,1184,2024-06-28,Basic Frames,28.14,USD,28.14,US,Google Search,0,3
2038,1184,2025-02-26,Basic Frames,14.13,USD,14.13,US,Google Search,0,4
2039,1185,2025-01-17,Basic Frames,17.5,USD,17.5,US,Direct,5,1
2040,1185,2025-08-07,Fashion Frames,32.96,USD,32.96,US,Direct,0,2
2041,1186,2024-08-29,Fashion Frames,36.73,USD,36.73,US,Social Media,25,1
2042,1186,2025-01-04,Fashion Frames,32.21,USD,32.21,US,Social Media,0,2
2043,1187,2025-02-19,Basic Frames,11.29,USD,11.29,US,Email Marketing,10,1
2044,1187,2025-05-19,Fashion Frames,48.51,USD,48.51,US,Email Marketing,0,2
2045,1188,2024-06-23,Basic Frames,20.6,USD,20.6,US,Email Marketing,10,1
2046,1188,2024-09-25,Fashion Frames,40.56,USD,40.56,US,Email Marketing,0,2
2047,1188,2024-10-25,Fashion Frames,56.8,USD,56.8,US,Email Marketing,0,3
2048,1188,2025-04-01,Basic Frames,24.75,USD,24.75,US,Email Marketing,0,4
2049,1190,2023-10-19,Basic Frames,11.61,AUD,8.01,Australia,Social Media,25,1
2050,1190,2023-11-18,Premium Frames,202.43,AUD,139.61,Australia,Social Media,0,2
2051,1190,2023-12-18,Basic Frames,32.26,AUD,22.25,Australia,Social Media,0,3
2052,1193,2023-07-28,Basic Frames,17.77,USD,17.77,US,Google Search,30,1
2053,1194,2023-11-02,Premium Frames,116.3,USD,116.3,US,Email Marketing,10,1
2054,1194,2024-11-01,Basic Frames,7.35,USD,7.35,US,Email Marketing,0,2
2055,1194,2024-12-01,Basic Frames,22.0,USD,22.0,US,Email Marketing,0,3
2056,1195,2023-08-25,Fashion Frames,66.08,USD,66.08,US,Email Marketing,10,1
2057,1195,2023-12-16,Basic Frames,16.26,USD,16.26,US,Email Marketing,0,2
2058,1195,2024-04-21,Fashion Frames,49.92,USD,49.92,US,Email Marketing,0,3
2059,1195,2024-08-15,Basic Frames,6.29,USD,6.29,US,Email Marketing,0,4
2060,1195,2024-10-22,Basic Frames,14.28,USD,14.28,US,Email Marketing,0,5
2061,1195,2025-06-28,Fashion Frames,46.1,USD,46.1,US,Email Marketing,0,6
2062,1195,2025-07-28,Basic Frames,16.69,USD,16.69,US,Email Marketing,0,7
2063,1196,2024-01-12,Basic Frames,11.18,USD,11.18,US,Google Search,30,1
2064,1196,2024-08-04,Basic Frames,27.31,USD,27.31,US,Google Search,0,2
2065,1196,2025-08-04,Fashion Frames,67.33,USD,67.33,US,Google Search,0,3
2066,1197,2023-07-12,Fashion Frames,52.68,USD,52.68,US,Social Media,25,1
2067,1197,2023-08-11,Basic Frames,9.93,USD,9.93,US,Social Media,0,2
2068,1201,2024-07-02,Basic Frames,26.05,USD,26.05,US,Email Marketing,10,1
2069,1201,2024-09-03,Basic Frames,20.35,USD,20.35,US,Email Marketing,0,2
2070,1202,2023-05-13,Basic Frames,13.28,USD,13.28,US,Social Media,25,1
2071,1202,2023-09-11,Fashion Frames,79.43,USD,79.43,US,Social Media,0,2
2072,1202,2023-11-25,Basic Frames,18.61,USD,18.61,US,Social Media,0,3
2073,1203,2023-10-10,Basic Frames,4260.0,JPY,28.4,Japan,Social Media,25,1
2074,1203,2023-12-22,Premium Frames,18264.0,JPY,121.76,Japan,Social Media,0,2
2075,1203,2024-01-21,Fashion Frames,7411.0,JPY,49.41,Japan,Social Media,0,3
2076,1203,2024-10-02,Basic Frames,924.0,JPY,6.16,Japan,Social Media,0,4
2077,1204,2023-02-17,Basic Frames,12.56,USD,12.56,US,Social Media,25,1
2078,1204,2023-04-17,Premium Frames,93.07,USD,93.07,US,Social Media,0,2
2079,1205,2023-02-26,Ray-Ban,207.22,USD,207.22,US,Social Media,25,1
2080,1205,2024-02-26,Basic Frames,27.96,USD,27.96,US,Social Media,0,2
2081,1205,2024-03-27,Fashion Frames,40.76,USD,40.76,US,Social Media,0,3
2082,1205,2024-04-26,Fashion Frames,71.78,USD,71.78,US,Social Media,0,4
2083,1206,2024-07-24,Ray-Ban,199.57,USD,199.57,US,Google Search,30,1
2084,1208,2024-12-18,Basic Frames,20.04,USD,20.04,US,Email Marketing,10,1
2085,1208,2025-03-14,Fashion Frames,55.21,USD,55.21,US,Email Marketing,0,2
2086,1208,2025-04-20,Basic Frames,23.76,USD,23.76,US,Email Marketing,0,3
2087,1208,2025-06-03,Fashion Frames,42.0,USD,42.0,US,Email Marketing,0,4
2088,1210,2024-10-16,Ray-Ban,180.72,USD,180.72,US,Social Media,25,1
2089,1211,2025-06-16,Basic Frames,21.28,USD,21.28,US,Email Marketing,10,1
2090,1212,2025-02-18,Basic Frames,21.98,USD,21.98,US,Google Search,30,1
2091,1212,2025-04-08,Ray-Ban,179.48,USD,179.48,US,Google Search,0,2
2092,1212,2025-06-30,Ray-Ban,168.76,USD,168.76,US,Google Search,0,3
2093,1212,2025-07-30,Fashion Frames,75.43,USD,75.43,US,Google Search,0,4
2094,1213,2024-05-17,Basic Frames,6.68,USD,6.68,US,Social Media,25,1
2095,1215,2025-06-25,Basic Frames,29.3,USD,29.3,US,Direct,5,1
2096,1215,2025-07-25,Basic Frames,20.37,USD,20.37,US,Direct,0,2
2097,1216,2023-01-22,Basic Frames,17.53,USD,17.53,US,Google Search,30,1
2098,1216,2023-06-22,Basic Frames,16.47,USD,16.47,US,Google Search,0,2
2099,1217,2024-08-14,Premium Frames,109.08,EUR,128.33,France,Google Search,30,1
2100,1220,2024-05-11,Fashion Frames,66.91,USD,66.91,US,Email Marketing,10,1
2101,1220,2024-06-10,Fashion Frames,31.86,USD,31.86,US,Email Marketing,0,2
2102,1220,2024-08-05,Fashion Frames,43.72,USD,43.72,US,Email Marketing,0,3
2103,1220,2025-02-19,Fashion Frames,59.5,USD,59.5,US,Email Marketing,0,4
2104,1221,2024-04-03,Fashion Frames,53.59,USD,53.59,US,Social Media,25,1
2105,1222,2023-12-16,Basic Frames,14.58,USD,14.58,US,Email Marketing,10,1
2106,1222,2024-03-23,Ray-Ban,156.24,USD,156.24,US,Email Marketing,0,2
2107,1222,2024-07-13,Basic Frames,14.67,USD,14.67,US,Email Marketing,0,3
2108,1223,2023-07-15,Fashion Frames,77.8,USD,77.8,US,Social Media,25,1
2109,1223,2023-08-14,Fashion Frames,33.39,USD,33.39,US,Social Media,0,2
2110,1223,2024-08-13,Basic Frames,13.0,USD,13.0,US,Social Media,0,3
2111,1224,2023-02-24,Fashion Frames,34.76,USD,34.76,US,Google Search,30,1
2112,1224,2023-06-11,Premium Frames,94.37,USD,94.37,US,Google Search,0,2
2113,1224,2023-10-03,Fashion Frames,61.77,USD,61.77,US,Google Search,0,3
2114,1226,2025-06-04,Fashion Frames,39.19,USD,39.19,US,Social Media,25,1
2115,1226,2025-07-04,Basic Frames,13.74,USD,13.74,US,Social Media,0,2
2116,1226,2025-08-03,Fashion Frames,46.49,USD,46.49,US,Social Media,0,3
2117,1229,2025-04-27,Premium Frames,129.16,USD,129.16,US,Google Search,30,1
2118,1230,2023-03-27,Basic Frames,18.83,USD,18.83,US,Social Media,25,1
2119,1230,2024-03-26,Oakley,148.13,USD,148.13,US,Social Media,0,2
2120,1231,2024-02-20,Basic Frames,9.29,USD,9.29,US,Email Marketing,10,1
2121,1232,2024-05-22,Fashion Frames,69.16,USD,69.16,US,Social Media,25,1
2122,1232,2025-04-11,Fashion Frames,51.19,USD,51.19,US,Social Media,0,2
2123,1234,2024-08-13,Basic Frames,11.23,USD,11.23,US,Social Media,25,1
2124,1234,2025-08-13,Basic Frames,18.08,USD,18.08,US,Social Media,0,2
2125,1237,2023-03-18,Fashion Frames,64.79,USD,64.79,US,Influencer,35,1
2126,1237,2023-07-27,Fashion Frames,77.67,USD,77.67,US,Influencer,0,2
2127,1237,2023-08-26,Ray-Ban,234.76,USD,234.76,US,Influencer,0,3
2128,1237,2024-03-01,Basic Frames,23.1,USD,23.1,US,Influencer,0,4
2129,1237,2025-03-01,Fashion Frames,65.41,USD,65.41,US,Influencer,0,5
2130,1239,2023-06-07,Basic Frames,27.98,USD,27.98,US,Direct,5,1
2131,1239,2023-09-09,Fashion Frames,36.71,USD,36.71,US,Direct,0,2
2132,1240,2025-04-11,Premium Frames,82.2,USD,82.2,US,Google Search,30,1
2133,1241,2024-08-06,Fashion Frames,64.86,USD,64.86,US,Social Media,25,1
2134,1241,2024-09-15,Basic Frames,9.34,USD,9.34,US,Social Media,0,2
2135,1241,2024-10-15,Basic Frames,16.61,USD,16.61,US,Social Media,0,3
2136,1241,2024-11-14,Basic Frames,29.7,USD,29.7,US,Social Media,0,4
2137,1241,2025-01-12,Ray-Ban,202.79,USD,202.79,US,Social Media,0,5
2138,1243,2023-04-01,Basic Frames,13.31,USD,13.31,US,Social Media,25,1
2139,1243,2023-05-29,Fashion Frames,67.48,USD,67.48,US,Social Media,0,2
2140,1243,2023-08-27,Premium Frames,89.18,USD,89.18,US,Social Media,0,3
2141,1243,2023-10-19,Fashion Frames,37.31,USD,37.31,US,Social Media,0,4
2142,1243,2024-01-30,Ray-Ban,219.73,USD,219.73,US,Social Media,0,5
2143,1244,2023-10-03,Basic Frames,13.38,USD,13.38,US,Social Media,25,1
2144,1244,2024-01-10,Basic Frames,11.04,USD,11.04,US,Social Media,0,2
2145,1244,2024-03-17,Fashion Frames,79.07,USD,79.07,US,Social Media,0,3
2146,1244,2024-12-29,Fashion Frames,51.82,USD,51.82,US,Social Media,0,4
2147,1246,2024-08-02,Basic Frames,6.45,USD,6.45,US,Direct,5,1
2148,1246,2024-10-19,Basic Frames,17.62,USD,17.62,US,Direct,0,2
2149,1247,2025-02-23,Basic Frames,10.71,USD,10.71,US,Direct,5,1
2150,1247,2025-03-25,Fashion Frames,32.61,USD,32.61,US,Direct,0,2
2151,1247,2025-07-15,Basic Frames,21.83,USD,21.83,US,Direct,0,3
2152,1248,2024-03-07,Basic Frames,17.26,USD,17.26,US,Social Media,25,1
2153,1248,2024-05-10,Premium Frames,143.69,USD,143.69,US,Social Media,0,2
2154,1249,2024-09-14,Fashion Frames,45.78,USD,45.78,US,Social Media,25,1
2155,1249,2024-12-19,Fashion Frames,31.5,USD,31.5,US,Social Media,0,2
2156,1250,2024-09-07,Basic Frames,8.97,USD,8.97,US,Direct,5,1
2157,1250,2024-10-07,Fashion Frames,60.49,USD,60.49,US,Direct,0,2
2158,1250,2025-03-20,Fashion Frames,59.79,USD,59.79,US,Direct,0,3
2159,1250,2025-07-31,Fashion Frames,40.8,USD,40.8,US,Direct,0,4
2160,1251,2025-03-27,Basic Frames,6.7,USD,6.7,US,Social Media,25,1
2161,1251,2025-04-26,Fashion Frames,38.13,USD,38.13,US,Social Media,0,2
2162,1253,2023-08-23,Premium Frames,121.0,USD,121.0,US,Social Media,25,1
2163,1253,2024-05-13,Fashion Frames,48.26,USD,48.26,US,Social Media,0,2
2164,1256,2024-02-01,Basic Frames,18.12,USD,18.12,US,Social Media,25,1
2165,1257,2024-04-13,Fashion Frames,71.16,USD,71.16,US,Direct,5,1
2166,1257,2024-08-23,Basic Frames,24.32,USD,24.32,US,Direct,0,2
2167,1258,2025-07-29,Fashion Frames,66.07,USD,66.07,US,Google Search,30,1
2168,1260,2023-11-07,Basic Frames,24.1,USD,24.1,US,Google Search,30,1
2169,1260,2023-12-07,Premium Frames,81.3,USD,81.3,US,Google Search,0,2
2170,1260,2024-01-06,Basic Frames,23.41,USD,23.41,US,Google Search,0,3
2171,1264,2023-11-22,Fashion Frames,65.21,USD,65.21,US,Social Media,25,1
2172,1264,2024-06-22,Basic Frames,10.44,USD,10.44,US,Social Media,0,2
2173,1264,2024-10-22,Basic Frames,22.16,USD,22.16,US,Social Media,0,3
2174,1264,2024-11-21,Fashion Frames,36.26,USD,36.26,US,Social Media,0,4
2175,1267,2023-03-09,Premium Frames,116.48,USD,116.48,US,Social Media,25,1
2176,1268,2024-09-24,Ray-Ban,226.38,USD,226.38,US,Social Media,25,1
2177,1269,2025-02-04,Basic Frames,17.18,USD,17.18,US,Email Marketing,10,1
2178,1270,2023-04-19,Basic Frames,17.9,USD,17.9,US,Google Search,30,1
2179,1270,2023-05-27,Basic Frames,14.67,USD,14.67,US,Google Search,0,2
2180,1270,2023-06-26,Fashion Frames,45.13,USD,45.13,US,Google Search,0,3
2181,1270,2023-07-26,Ray-Ban,222.49,USD,222.49,US,Google Search,0,4
2182,1270,2024-02-07,Basic Frames,7.97,USD,7.97,US,Google Search,0,5
2183,1270,2024-03-12,Premium Frames,115.07,USD,115.07,US,Google Search,0,6
2184,1270,2024-09-22,Ray-Ban,189.09,USD,189.09,US,Google Search,0,7
2185,1271,2025-03-03,Fashion Frames,67.07,USD,67.07,US,Direct,5,1
2186,1272,2023-08-20,Premium Frames,139.04,USD,139.04,US,Social Media,25,1
2187,1272,2024-01-24,Premium Frames,96.59,USD,96.59,US,Social Media,0,2
2188,1272,2024-05-14,Basic Frames,15.77,USD,15.77,US,Social Media,0,3
2189,1272,2024-06-13,Premium Frames,148.96,USD,148.96,US,Social Media,0,4
2190,1273,2024-10-03,Fashion Frames,72.98,USD,72.98,US,Email Marketing,10,1
2191,1273,2024-11-11,Basic Frames,27.47,USD,27.47,US,Email Marketing,0,2
2192,1273,2025-01-25,Fashion Frames,70.32,USD,70.32,US,Email Marketing,0,3
2193,1275,2023-10-01,Basic Frames,6.31,USD,6.31,US,Google Search,30,1
2194,1276,2024-11-07,Basic Frames,22.13,USD,22.13,US,Social Media,25,1
2195,1277,2023-03-25,Basic Frames,18.54,USD,18.54,US,Social Media,25,1
2196,1277,2023-10-02,Basic Frames,22.24,USD,22.24,US,Social Media,0,2
2197,1277,2023-11-01,Fashion Frames,36.84,USD,36.84,US,Social Media,0,3
2198,1278,2023-06-16,Basic Frames,22.68,USD,22.68,US,Influencer,35,1
2199,1282,2023-03-25,Fashion Frames,48.82,USD,48.82,US,Google Search,30,1
2200,1283,2023-06-18,Fashion Frames,40.81,USD,40.81,US,Direct,5,1
2201,1283,2023-07-18,Fashion Frames,72.36,USD,72.36,US,Direct,0,2
2202,1283,2023-12-04,Basic Frames,15.7,USD,15.7,US,Direct,0,3
2203,1284,2023-01-12,Premium Frames,110.3,USD,110.3,US,Direct,5,1
2204,1284,2023-04-06,Basic Frames,17.98,USD,17.98,US,Direct,0,2
2205,1284,2024-01-27,Basic Frames,24.36,USD,24.36,US,Direct,0,3
2206,1284,2024-03-02,Basic Frames,24.38,USD,24.38,US,Direct,0,4
2207,1285,2024-03-18,Fashion Frames,68.06,USD,68.06,US,Social Media,25,1
2208,1285,2024-04-17,Basic Frames,25.22,USD,25.22,US,Social Media,0,2
2209,1285,2024-05-17,Basic Frames,28.64,USD,28.64,US,Social Media,0,3
2210,1285,2024-11-08,Basic Frames,14.55,USD,14.55,US,Social Media,0,4
2211,1286,2024-04-19,Ray-Ban,245.06,USD,245.06,US,Social Media,25,1
2212,1286,2024-05-19,Basic Frames,29.7,USD,29.7,US,Social Media,0,2
2213,1286,2024-11-30,Premium Frames,116.29,USD,116.29,US,Social Media,0,3
2214,1286,2025-03-15,Basic Frames,9.54,USD,9.54,US,Social Media,0,4
2215,1286,2025-07-19,Basic Frames,16.91,USD,16.91,US,Social Media,0,5
2216,1287,2024-12-10,Ray-Ban,199.44,USD,199.44,US,Influencer,35,1
2217,1287,2025-07-17,Ray-Ban,173.85,USD,173.85,US,Influencer,0,2
2218,1289,2024-04-26,Basic Frames,23.71,USD,23.71,US,Social Media,25,1
2219,1289,2025-04-26,Fashion Frames,71.69,USD,71.69,US,Social Media,0,2
2220,1290,2023-10-28,Fashion Frames,32.31,USD,32.31,US,Social Media,25,1
2221,1290,2024-02-24,Basic Frames,10.3,USD,10.3,US,Social Media,0,2
2222,1291,2023-02-10,Basic Frames,13.85,USD,13.85,US,Email Marketing,10,1
2223,1291,2023-08-19,Fashion Frames,45.83,USD,45.83,US,Email Marketing,0,2
2224,1291,2023-12-28,Ray-Ban,212.7,USD,212.7,US,Email Marketing,0,3
2225,1293,2023-10-23,Premium Frames,116.88,USD,116.88,US,Direct,5,1
2226,1294,2024-12-25,Fashion Frames,53.84,USD,53.84,US,Direct,5,1
2227,1294,2025-07-28,Fashion Frames,45.38,USD,45.38,US,Direct,0,2
2228,1295,2023-10-20,Oakley,160.38,USD,160.38,US,Social Media,25,1
2229,1295,2024-10-19,Basic Frames,19.02,USD,19.02,US,Social Media,0,2
2230,1295,2024-11-18,Basic Frames,25.43,USD,25.43,US,Social Media,0,3
2231,1295,2025-01-17,Fashion Frames,57.49,USD,57.49,US,Social Media,0,4
2232,1296,2024-12-20,Fashion Frames,68.43,USD,68.43,US,Influencer,35,1
2233,1296,2025-01-19,Basic Frames,29.78,USD,29.78,US,Influencer,0,2
2234,1298,2024-04-09,Fashion Frames,53.06,USD,53.06,US,Google Search,30,1
2235,1298,2024-11-11,Fashion Frames,72.79,USD,72.79,US,Google Search,0,2
2236,1299,2023-03-23,Fashion Frames,32.76,USD,32.76,US,Google Search,30,1
2237,1299,2023-04-22,Fashion Frames,39.67,USD,39.67,US,Google Search,0,2
2238,1299,2023-07-12,Fashion Frames,63.31,USD,63.31,US,Google Search,0,3
2239,1299,2024-03-21,Premium Frames,134.78,USD,134.78,US,Google Search,0,4
2240,1299,2024-06-01,Fashion Frames,74.35,USD,74.35,US,Google Search,0,5
2241,1300,2024-12-09,Fashion Frames,52.1,USD,52.1,US,Social Media,25,1
2242,1300,2025-04-10,Fashion Frames,46.31,USD,46.31,US,Social Media,0,2
2243,1300,2025-05-10,Basic Frames,15.34,USD,15.34,US,Social Media,0,3
2244,1300,2025-06-28,Fashion Frames,68.44,USD,68.44,US,Social Media,0,4
2245,1301,2023-08-30,Ray-Ban,199.56,USD,199.56,US,Influencer,35,1
2246,1302,2025-08-08,Basic Frames,18.95,USD,18.95,US,Google Search,30,1
2247,1303,2023-10-01,Ray-Ban,206.66,USD,206.66,US,Direct,5,1
2248,1304,2025-03-19,Fashion Frames,33.73,USD,33.73,US,Email Marketing,10,1
2249,1305,2025-03-22,Basic Frames,20.19,USD,20.19,US,Google Search,30,1
2250,1305,2025-07-08,Basic Frames,15.07,USD,15.07,US,Google Search,0,2
2251,1306,2024-10-02,Basic Frames,24.4,USD,24.4,US,Social Media,25,1
2252,1306,2024-11-01,Basic Frames,12.83,USD,12.83,US,Social Media,0,2
2253,1307,2024-08-29,Basic Frames,20.17,USD,20.17,US,Influencer,35,1
2254,1307,2024-09-28,Fashion Frames,37.28,USD,37.28,US,Influencer,0,2
2255,1308,2024-11-16,Basic Frames,25.43,USD,25.43,US,Google Search,30,1
2256,1308,2025-07-13,Basic Frames,20.02,USD,20.02,US,Google Search,0,2
2257,1311,2023-07-23,Basic Frames,16.28,USD,16.28,US,Direct,5,1
2258,1311,2023-10-03,Premium Frames,149.44,USD,149.44,US,Direct,0,2
2259,1311,2024-03-31,Premium Frames,109.42,USD,109.42,US,Direct,0,3
2260,1311,2024-05-08,Fashion Frames,33.77,USD,33.77,US,Direct,0,4
2261,1311,2024-06-16,Basic Frames,11.86,USD,11.86,US,Direct,0,5
2262,1311,2024-11-01,Basic Frames,11.63,USD,11.63,US,Direct,0,6
2263,1312,2024-03-21,Oakley,126.8,USD,126.8,US,Google Search,30,1
2264,1312,2024-11-04,Premium Frames,128.47,USD,128.47,US,Google Search,0,2
2265,1312,2025-03-14,Fashion Frames,73.58,USD,73.58,US,Google Search,0,3
2266,1313,2023-05-03,Basic Frames,10.07,USD,10.07,US,Email Marketing,10,1
2267,1313,2023-06-30,Basic Frames,18.92,USD,18.92,US,Email Marketing,0,2
2268,1313,2023-08-26,Premium Frames,83.58,USD,83.58,US,Email Marketing,0,3
2269,1313,2023-11-27,Basic Frames,21.79,USD,21.79,US,Email Marketing,0,4
2270,1313,2024-02-11,Basic Frames,16.14,USD,16.14,US,Email Marketing,0,5
2271,1314,2024-07-19,Premium Frames,110.06,USD,110.06,US,Influencer,35,1
2272,1314,2025-07-19,Basic Frames,6.49,USD,6.49,US,Influencer,0,2
2273,1315,2023-08-23,Basic Frames,6.53,USD,6.53,US,Social Media,25,1
2274,1316,2024-10-30,Oakley,165.63,USD,165.63,US,Google Search,30,1
2275,1316,2025-03-06,Basic Frames,13.74,USD,13.74,US,Google Search,0,2
2276,1317,2023-06-11,Fashion Frames,54.93,USD,54.93,US,Influencer,35,1
2277,1318,2025-07-29,Fashion Frames,41.09,USD,41.09,US,Social Media,25,1
2278,1319,2023-10-08,Fashion Frames,70.76,USD,70.76,US,Direct,5,1
2279,1319,2023-11-07,Basic Frames,22.02,USD,22.02,US,Direct,0,2
2280,1319,2023-12-07,Ray-Ban,167.5,USD,167.5,US,Direct,0,3
2281,1319,2024-01-07,Basic Frames,13.19,USD,13.19,US,Direct,0,4
2282,1321,2023-06-03,Basic Frames,21.25,USD,21.25,US,Email Marketing,10,1
2283,1321,2024-06-02,Basic Frames,29.38,USD,29.38,US,Email Marketing,0,2
2284,1321,2024-07-02,Fashion Frames,34.69,USD,34.69,US,Email Marketing,0,3
2285,1321,2024-08-01,Basic Frames,26.41,USD,26.41,US,Email Marketing,0,4
2286,1322,2023-03-21,Fashion Frames,43.99,USD,43.99,US,Influencer,35,1
2287,1322,2023-04-20,Basic Frames,13.14,USD,13.14,US,Influencer,0,2
2288,1322,2023-06-28,Fashion Frames,59.1,USD,59.1,US,Influencer,0,3
2289,1322,2023-12-23,Basic Frames,25.31,USD,25.31,US,Influencer,0,4
2290,1322,2024-01-22,Basic Frames,20.99,USD,20.99,US,Influencer,0,5
2291,1324,2023-06-22,Premium Frames,120.9,USD,120.9,US,Direct,5,1
2292,1324,2024-06-21,Fashion Frames,60.0,USD,60.0,US,Direct,0,2
2293,1324,2025-02-15,Fashion Frames,44.39,USD,44.39,US,Direct,0,3
2294,1325,2025-03-25,Premium Frames,117.64,USD,117.64,US,Social Media,25,1
2295,1325,2025-04-24,Fashion Frames,51.93,USD,51.93,US,Social Media,0,2
2296,1325,2025-06-18,Basic Frames,14.34,USD,14.34,US,Social Media,0,3
2297,1326,2023-11-14,Basic Frames,25.77,USD,25.77,US,Social Media,25,1
2298,1326,2024-02-15,Basic Frames,18.11,USD,18.11,US,Social Media,0,2
2299,1326,2024-06-23,Basic Frames,13.2,USD,13.2,US,Social Media,0,3
2300,1326,2024-08-29,Basic Frames,21.92,USD,21.92,US,Social Media,0,4
2301,1327,2024-09-06,Premium Frames,109.59,USD,109.59,US,Social Media,25,1
2302,1327,2025-03-02,Fashion Frames,43.31,USD,43.31,US,Social Media,0,2
2303,1328,2025-02-20,Basic Frames,22.12,USD,22.12,US,Google Search,30,1
2304,1328,2025-03-25,Premium Frames,118.78,USD,118.78,US,Google Search,0,2
2305,1328,2025-07-20,Basic Frames,27.14,USD,27.14,US,Google Search,0,3
2306,1329,2025-04-24,Basic Frames,18.39,USD,18.39,US,Google Search,30,1
2307,1330,2024-08-16,Basic Frames,17.98,USD,17.98,US,Google Search,30,1
2308,1330,2024-11-04,Fashion Frames,63.38,USD,63.38,US,Google Search,0,2
2309,1330,2024-12-04,Fashion Frames,71.37,USD,71.37,US,Google Search,0,3
2310,1330,2025-03-17,Fashion Frames,76.97,USD,76.97,US,Google Search,0,4
2311,1332,2023-10-25,Basic Frames,25.41,USD,25.41,US,Direct,5,1
2312,1332,2023-12-19,Oakley,188.22,USD,188.22,US,Direct,0,2
2313,1332,2024-01-18,Fashion Frames,75.43,USD,75.43,US,Direct,0,3
2314,1332,2024-02-17,Fashion Frames,76.8,USD,76.8,US,Direct,0,4
2315,1334,2023-05-10,Premium Frames,94.84,USD,94.84,US,Google Search,30,1
2316,1335,2024-04-24,Ray-Ban,174.8,USD,174.8,US,Direct,5,1
2317,1339,2024-02-23,Basic Frames,26.64,USD,26.64,US,Email Marketing,10,1
2318,1339,2024-04-24,Fashion Frames,75.65,USD,75.65,US,Email Marketing,0,2
2319,1339,2024-07-31,Basic Frames,21.21,USD,21.21,US,Email Marketing,0,3
2320,1341,2024-06-07,Fashion Frames,45.07,USD,45.07,US,Google Search,30,1
2321,1342,2024-07-06,Premium Frames,186.17,AUD,128.39,Australia,Social Media,25,1
2322,1343,2024-05-26,Basic Frames,11.72,USD,11.72,US,Social Media,25,1
2323,1343,2024-06-25,Basic Frames,9.6,USD,9.6,US,Social Media,0,2
2324,1343,2024-11-13,Fashion Frames,32.36,USD,32.36,US,Social Media,0,3
2325,1343,2025-03-08,Premium Frames,136.0,USD,136.0,US,Social Media,0,4
2326,1344,2024-04-23,Basic Frames,17.65,USD,17.65,US,Social Media,25,1
2327,1344,2024-07-27,Basic Frames,29.79,USD,29.79,US,Social Media,0,2
2328,1344,2024-10-19,Fashion Frames,51.68,USD,51.68,US,Social Media,0,3
2329,1344,2024-11-20,Fashion Frames,75.38,USD,75.38,US,Social Media,0,4
2330,1345,2023-04-05,Fashion Frames,44.36,USD,44.36,US,Email Marketing,10,1
2331,1345,2023-12-06,Basic Frames,6.7,USD,6.7,US,Email Marketing,0,2
2332,1345,2024-01-05,Basic Frames,24.95,USD,24.95,US,Email Marketing,0,3
2333,1346,2024-09-26,Basic Frames,19.22,USD,19.22,US,Social Media,25,1
2334,1346,2025-08-05,Basic Frames,21.46,USD,21.46,US,Social Media,0,2
2335,1347,2023-03-02,Basic Frames,23.34,USD,23.34,US,Google Search,30,1
2336,1349,2024-03-25,Oakley,191.72,USD,191.72,US,Social Media,25,1
2337,1349,2024-07-14,Fashion Frames,46.38,USD,46.38,US,Social Media,0,2
2338,1350,2025-01-26,Premium Frames,85.39,USD,85.39,US,Social Media,25,1
2339,1353,2023-09-16,Basic Frames,27.26,USD,27.26,US,Social Media,25,1
2340,1353,2023-10-29,Basic Frames,15.53,USD,15.53,US,Social Media,0,2
2341,1356,2023-09-04,Basic Frames,19.7,USD,19.7,US,Google Search,30,1
2342,1357,2024-11-26,Fashion Frames,36.91,USD,36.91,US,Influencer,35,1
2343,1357,2025-02-15,Fashion Frames,63.55,USD,63.55,US,Influencer,0,2
2344,1358,2025-05-18,Fashion Frames,68.98,USD,68.98,US,Direct,5,1
2345,1358,2025-07-17,Premium Frames,117.24,USD,117.24,US,Direct,0,2
2346,1359,2025-06-17,Basic Frames,1226.0,JPY,8.17,Japan,Social Media,25,1
2347,1360,2024-08-14,Fashion Frames,68.89,USD,68.89,US,Google Search,30,1
2348,1361,2024-08-24,Fashion Frames,71.78,USD,71.78,US,Influencer,35,1
2349,1366,2023-10-04,Basic Frames,8.56,USD,8.56,US,Google Search,30,1
2350,1367,2024-08-29,Fashion Frames,6668.0,JPY,44.45,Japan,Social Media,25,1
2351,1368,2023-02-11,Fashion Frames,73.28,USD,73.28,US,Social Media,25,1
2352,1369,2025-02-21,Fashion Frames,57.14,USD,57.14,US,Email Marketing,10,1
2353,1369,2025-05-02,Basic Frames,22.79,USD,22.79,US,Email Marketing,0,2
2354,1369,2025-07-06,Fashion Frames,36.54,USD,36.54,US,Email Marketing,0,3
2355,1370,2025-02-18,Fashion Frames,54.27,USD,54.27,US,Google Search,30,1
2356,1371,2023-07-03,Fashion Frames,44.61,USD,44.61,US,Google Search,30,1
2357,1371,2024-02-06,Ray-Ban,228.64,USD,228.64,US,Google Search,0,2
2358,1371,2024-05-27,Fashion Frames,38.1,USD,38.1,US,Google Search,0,3
2359,1371,2024-06-26,Basic Frames,17.41,USD,17.41,US,Google Search,0,4
2360,1372,2024-04-29,Basic Frames,13.4,USD,13.4,US,Google Search,30,1
2361,1373,2024-07-06,Basic Frames,27.73,USD,27.73,US,Google Search,30,1
2362,1373,2025-06-06,Basic Frames,6.84,USD,6.84,US,Google Search,0,2
2363,1376,2025-07-30,Fashion Frames,75.96,USD,75.96,US,Direct,5,1
2364,1377,2023-10-15,Ray-Ban,176.05,USD,176.05,US,Direct,5,1
2365,1377,2024-06-03,Fashion Frames,49.85,USD,49.85,US,Direct,0,2
2366,1378,2023-07-26,Basic Frames,22.81,USD,22.81,US,Google Search,30,1
2367,1380,2024-03-29,Ray-Ban,203.96,USD,203.96,US,Social Media,25,1
2368,1380,2025-03-29,Fashion Frames,42.58,USD,42.58,US,Social Media,0,2
2369,1381,2024-10-17,Premium Frames,81.54,USD,81.54,US,Influencer,35,1
2370,1381,2024-12-08,Basic Frames,29.06,USD,29.06,US,Influencer,0,2
2371,1381,2025-02-19,Basic Frames,28.26,USD,28.26,US,Influencer,0,3
2372,1381,2025-05-12,Ray-Ban,241.87,USD,241.87,US,Influencer,0,4
2373,1382,2025-04-20,Ray-Ban,243.7,USD,243.7,US,Direct,5,1
2374,1382,2025-05-20,Fashion Frames,68.08,USD,68.08,US,Direct,0,2
2375,1383,2024-05-24,Fashion Frames,73.11,USD,73.11,US,Google Search,30,1
2376,1384,2023-04-13,Basic Frames,16.53,USD,16.53,US,Social Media,25,1
2377,1384,2023-05-26,Fashion Frames,46.54,USD,46.54,US,Social Media,0,2
2378,1386,2024-01-07,Ray-Ban,229.14,USD,229.14,US,Google Search,30,1
2379,1386,2024-03-10,Basic Frames,12.58,USD,12.58,US,Google Search,0,2
2380,1386,2024-04-09,Fashion Frames,34.92,USD,34.92,US,Google Search,0,3
2381,1386,2025-03-25,Fashion Frames,69.19,USD,69.19,US,Google Search,0,4
2382,1386,2025-08-04,Basic Frames,17.8,USD,17.8,US,Google Search,0,5
2383,1389,2023-12-09,Basic Frames,16.14,USD,16.14,US,Social Media,25,1
2384,1389,2024-04-02,Fashion Frames,76.01,USD,76.01,US,Social Media,0,2
2385,1389,2024-11-23,Basic Frames,8.41,USD,8.41,US,Social Media,0,3
2386,1390,2024-12-07,Basic Frames,12.26,USD,12.26,US,Direct,5,1
2387,1391,2023-04-23,Fashion Frames,51.62,USD,51.62,US,Social Media,25,1
2388,1393,2023-06-17,Fashion Frames,47.01,USD,47.01,US,Email Marketing,10,1
2389,1393,2023-08-17,Basic Frames,22.69,USD,22.69,US,Email Marketing,0,2
2390,1393,2024-01-16,Premium Frames,133.58,USD,133.58,US,Email Marketing,0,3
2391,1393,2024-06-20,Basic Frames,21.39,USD,21.39,US,Email Marketing,0,4
2392,1393,2025-06-20,Basic Frames,10.41,USD,10.41,US,Email Marketing,0,5
2393,1393,2025-08-07,Basic Frames,16.64,USD,16.64,US,Email Marketing,0,6
2394,1394,2023-12-16,Fashion Frames,31.15,USD,31.15,US,Social Media,25,1
2395,1394,2024-06-17,Fashion Frames,40.8,USD,40.8,US,Social Media,0,2
2396,1394,2024-08-14,Fashion Frames,45.97,USD,45.97,US,Social Media,0,3
2397,1394,2024-12-27,Fashion Frames,59.21,USD,59.21,US,Social Media,0,4
2398,1394,2025-02-17,Fashion Frames,36.43,USD,36.43,US,Social Media,0,5
2399,1395,2024-03-04,Fashion Frames,65.96,USD,65.96,US,Email Marketing,10,1
2400,1395,2024-04-03,Basic Frames,24.42,USD,24.42,US,Email Marketing,0,2
2401,1396,2024-12-16,Basic Frames,9.12,USD,9.12,US,Direct,5,1
2402,1396,2025-03-03,Basic Frames,20.26,USD,20.26,US,Direct,0,2
2403,1396,2025-07-15,Fashion Frames,51.11,USD,51.11,US,Direct,0,3
2404,1398,2023-10-25,Fashion Frames,73.8,USD,73.8,US,Social Media,25,1
2405,1399,2024-11-16,Premium Frames,92.97,USD,92.97,US,Email Marketing,10,1
2406,1400,2024-02-26,Fashion Frames,47.05,USD,47.05,US,Email Marketing,10,1
2407,1400,2025-02-25,Fashion Frames,44.81,USD,44.81,US,Email Marketing,0,2
2408,1401,2025-04-16,Ray-Ban,187.39,USD,187.39,US,Direct,5,1
2409,1401,2025-07-08,Fashion Frames,50.28,USD,50.28,US,Direct,0,2
2410,1402,2025-02-25,Oakley,186.77,USD,186.77,US,Social Media,25,1
2411,1403,2024-07-18,Basic Frames,6.5,USD,6.5,US,Social Media,25,1
2412,1403,2024-10-19,Basic Frames,6.55,USD,6.55,US,Social Media,0,2
2413,1404,2023-02-15,Basic Frames,20.69,USD,20.69,US,Social Media,25,1
2414,1404,2023-12-27,Fashion Frames,42.21,USD,42.21,US,Social Media,0,2
2415,1404,2024-07-08,Basic Frames,8.14,USD,8.14,US,Social Media,0,3
2416,1405,2024-04-16,Fashion Frames,43.83,USD,43.83,US,Direct,5,1
2417,1405,2024-05-16,Fashion Frames,72.74,USD,72.74,US,Direct,0,2
2418,1405,2024-06-15,Basic Frames,7.19,USD,7.19,US,Direct,0,3
2419,1406,2023-04-08,Fashion Frames,60.42,USD,60.42,US,Direct,5,1
2420,1406,2024-04-07,Basic Frames,9.58,USD,9.58,US,Direct,0,2
2421,1406,2024-09-15,Basic Frames,28.99,USD,28.99,US,Direct,0,3
2422,1407,2023-11-21,Basic Frames,19.61,USD,19.61,US,Social Media,25,1
2423,1407,2023-12-21,Fashion Frames,31.69,USD,31.69,US,Social Media,0,2
2424,1407,2024-06-14,Basic Frames,18.62,USD,18.62,US,Social Media,0,3
2425,1411,2025-03-03,Premium Frames,96.49,USD,96.49,US,Google Search,30,1
2426,1412,2024-02-29,Basic Frames,28.71,USD,28.71,US,Social Media,25,1
2427,1412,2024-04-17,Fashion Frames,70.86,USD,70.86,US,Social Media,0,2
2428,1413,2025-06-13,Basic Frames,34.67,AUD,23.91,Australia,Google Search,30,1
2429,1414,2024-06-18,Ray-Ban,193.7,USD,193.7,US,Social Media,25,1
2430,1414,2024-09-29,Basic Frames,10.96,USD,10.96,US,Social Media,0,2
2431,1414,2024-10-29,Basic Frames,11.17,USD,11.17,US,Social Media,0,3
2432,1414,2024-11-28,Fashion Frames,71.38,USD,71.38,US,Social Media,0,4
2433,1416,2023-01-06,Fashion Frames,39.84,USD,39.84,US,Email Marketing,10,1
2434,1418,2025-06-09,Basic Frames,29.43,USD,29.43,US,Direct,5,1
2435,1418,2025-08-14,Basic Frames,11.65,USD,11.65,US,Direct,0,2
2436,1419,2024-07-19,Fashion Frames,43.17,USD,43.17,US,Google Search,30,1
2437,1419,2024-11-08,Ray-Ban,208.71,USD,208.71,US,Google Search,0,2
2438,1419,2025-01-12,Premium Frames,125.66,USD,125.66,US,Google Search,0,3
2439,1419,2025-03-10,Premium Frames,86.92,USD,86.92,US,Google Search,0,4
2440,1420,2024-04-19,Basic Frames,26.91,USD,26.91,US,Social Media,25,1
2441,1420,2024-06-01,Fashion Frames,78.75,USD,78.75,US,Social Media,0,2
2442,1421,2024-02-28,Fashion Frames,41.4,USD,41.4,US,Email Marketing,10,1
2443,1421,2024-04-15,Basic Frames,15.2,USD,15.2,US,Email Marketing,0,2
2444,1421,2024-06-29,Fashion Frames,51.74,USD,51.74,US,Email Marketing,0,3
2445,1421,2024-08-26,Premium Frames,122.21,USD,122.21,US,Email Marketing,0,4
2446,1422,2023-03-07,Fashion Frames,58.29,USD,58.29,US,Email Marketing,10,1
2447,1422,2023-06-22,Basic Frames,7.25,USD,7.25,US,Email Marketing,0,2
2448,1422,2024-06-21,Premium Frames,145.24,USD,145.24,US,Email Marketing,0,3
2449,1422,2025-02-19,Fashion Frames,54.08,USD,54.08,US,Email Marketing,0,4
2450,1422,2025-03-21,Basic Frames,14.5,USD,14.5,US,Email Marketing,0,5
2451,1423,2023-07-15,Fashion Frames,63.87,USD,63.87,US,Social Media,25,1
2452,1423,2023-10-02,Fashion Frames,70.31,USD,70.31,US,Social Media,0,2
2453,1424,2024-06-18,Ray-Ban,231.18,USD,231.18,US,Social Media,25,1
2454,1424,2024-08-11,Basic Frames,6.13,USD,6.13,US,Social Media,0,2
2455,1425,2024-01-14,Fashion Frames,49.67,USD,49.67,US,Social Media,25,1
2456,1425,2024-03-07,Basic Frames,29.46,USD,29.46,US,Social Media,0,2
2457,1425,2024-12-27,Fashion Frames,63.89,USD,63.89,US,Social Media,0,3
2458,1425,2025-05-03,Basic Frames,9.17,USD,9.17,US,Social Media,0,4
2459,1425,2025-07-06,Premium Frames,142.56,USD,142.56,US,Social Media,0,5
2460,1426,2024-10-17,Fashion Frames,39.79,USD,39.79,US,Email Marketing,10,1
2461,1426,2025-07-22,Ray-Ban,167.82,USD,167.82,US,Email Marketing,0,2
2462,1427,2025-03-04,Basic Frames,14.14,USD,14.14,US,Social Media,25,1
2463,1427,2025-04-03,Basic Frames,17.23,USD,17.23,US,Social Media,0,2
2464,1428,2024-05-29,Fashion Frames,65.8,USD,65.8,US,Direct,5,1
2465,1428,2024-11-14,Basic Frames,16.39,USD,16.39,US,Direct,0,2
2466,1428,2024-12-14,Basic Frames,12.25,USD,12.25,US,Direct,0,3
2467,1429,2024-10-05,Basic Frames,29.48,USD,29.48,US,Direct,5,1
2468,1430,2024-04-27,Premium Frames,148.16,USD,148.16,US,Direct,5,1
2469,1430,2024-09-11,Fashion Frames,44.77,USD,44.77,US,Direct,0,2
2470,1430,2024-12-17,Basic Frames,14.65,USD,14.65,US,Direct,0,3
2471,1431,2025-03-01,Premium Frames,143.29,USD,143.29,US,Email Marketing,10,1
2472,1432,2023-02-25,Fashion Frames,71.65,USD,71.65,US,Email Marketing,10,1
2473,1432,2023-08-15,Premium Frames,144.94,USD,144.94,US,Email Marketing,0,2
2474,1432,2023-09-14,Fashion Frames,56.33,USD,56.33,US,Email Marketing,0,3
2475,1433,2023-08-10,Basic Frames,9.96,USD,9.96,US,Social Media,25,1
2476,1433,2023-10-15,Premium Frames,131.84,USD,131.84,US,Social Media,0,2
2477,1433,2023-11-14,Premium Frames,114.9,USD,114.9,US,Social Media,0,3
2478,1435,2024-07-17,Basic Frames,28.15,USD,28.15,US,Direct,5,1
2479,1436,2023-06-03,Fashion Frames,52.56,USD,52.56,US,Social Media,25,1
2480,1436,2023-08-15,Fashion Frames,40.26,USD,40.26,US,Social Media,0,2
2481,1438,2023-10-27,Fashion Frames,54.04,USD,54.04,US,Google Search,30,1
2482,1439,2024-04-15,Basic Frames,17.21,USD,17.21,US,Google Search,30,1
2483,1439,2024-07-27,Basic Frames,8.78,USD,8.78,US,Google Search,0,2
2484,1439,2025-01-06,Basic Frames,27.48,USD,27.48,US,Google Search,0,3
2485,1439,2025-02-05,Premium Frames,115.15,USD,115.15,US,Google Search,0,4
2486,1440,2025-06-21,Ray-Ban,248.89,USD,248.89,US,Google Search,30,1
2487,1441,2024-12-17,Basic Frames,16.99,USD,16.99,US,Influencer,35,1
2488,1441,2025-08-09,Basic Frames,8.7,USD,8.7,US,Influencer,0,2
2489,1442,2024-05-17,Basic Frames,9.55,USD,9.55,US,Google Search,30,1
2490,1442,2024-06-16,Fashion Frames,48.13,USD,48.13,US,Google Search,0,2
2491,1442,2024-10-31,Fashion Frames,40.98,USD,40.98,US,Google Search,0,3
2492,1443,2023-05-11,Basic Frames,26.04,USD,26.04,US,Google Search,30,1
2493,1443,2023-06-10,Basic Frames,24.0,USD,24.0,US,Google Search,0,2
2494,1443,2024-04-07,Premium Frames,137.76,USD,137.76,US,Google Search,0,3
2495,1443,2024-07-12,Basic Frames,19.52,USD,19.52,US,Google Search,0,4
2496,1443,2024-08-11,Premium Frames,126.76,USD,126.76,US,Google Search,0,5
2497,1444,2023-02-01,Fashion Frames,79.9,USD,79.9,US,Direct,5,1
2498,1444,2023-05-26,Premium Frames,81.28,USD,81.28,US,Direct,0,2
2499,1444,2023-06-25,Basic Frames,24.4,USD,24.4,US,Direct,0,3
2500,1445,2024-10-09,Fashion Frames,76.1,USD,76.1,US,Google Search,30,1
2501,1445,2024-12-03,Fashion Frames,43.06,USD,43.06,US,Google Search,0,2
2502,1446,2024-09-15,Basic Frames,8.26,USD,8.26,US,Social Media,25,1
2503,1446,2024-10-21,Basic Frames,13.89,USD,13.89,US,Social Media,0,2
2504,1446,2025-02-08,Oakley,142.74,USD,142.74,US,Social Media,0,3
2505,1448,2023-09-10,Fashion Frames,49.3,USD,49.3,US,Social Media,25,1
2506,1448,2024-06-15,Basic Frames,28.3,USD,28.3,US,Social Media,0,2
2507,1449,2024-12-30,Ray-Ban,183.03,USD,183.03,US,Google Search,30,1
2508,1450,2023-06-24,Basic Frames,17.05,USD,17.05,US,Social Media,25,1
2509,1450,2023-07-24,Basic Frames,22.98,USD,22.98,US,Social Media,0,2
2510,1450,2023-11-13,Fashion Frames,54.51,USD,54.51,US,Social Media,0,3
2511,1450,2023-12-19,Fashion Frames,61.79,USD,61.79,US,Social Media,0,4
2512,1450,2024-06-14,Ray-Ban,177.66,USD,177.66,US,Social Media,0,5
2513,1451,2023-11-19,Basic Frames,13.91,USD,13.91,US,Influencer,35,1
2514,1451,2023-12-31,Fashion Frames,33.15,USD,33.15,US,Influencer,0,2
2515,1451,2024-01-30,Basic Frames,20.94,USD,20.94,US,Influencer,0,3
2516,1451,2024-04-13,Fashion Frames,53.2,USD,53.2,US,Influencer,0,4
2517,1456,2023-04-07,Premium Frames,140.57,USD,140.57,US,Google Search,30,1
2518,1456,2023-06-21,Premium Frames,136.31,USD,136.31,US,Google Search,0,2
2519,1456,2023-11-14,Basic Frames,12.79,USD,12.79,US,Google Search,0,3
2520,1456,2024-02-07,Fashion Frames,70.11,USD,70.11,US,Google Search,0,4
2521,1458,2025-05-12,Basic Frames,20.45,USD,20.45,US,Influencer,35,1
2522,1458,2025-06-17,Fashion Frames,35.53,USD,35.53,US,Influencer,0,2
2523,1459,2025-07-27,Fashion Frames,42.76,USD,42.76,US,Social Media,25,1
2524,1461,2024-05-01,Oakley,121.64,USD,121.64,US,Social Media,25,1
2525,1461,2024-07-27,Basic Frames,11.0,USD,11.0,US,Social Media,0,2
2526,1462,2023-05-01,Premium Frames,108.77,USD,108.77,US,Email Marketing,10,1
2527,1463,2024-10-29,Fashion Frames,77.77,USD,77.77,US,Social Media,25,1
2528,1463,2025-01-18,Fashion Frames,38.55,USD,38.55,US,Social Media,0,2
2529,1463,2025-02-17,Fashion Frames,45.63,USD,45.63,US,Social Media,0,3
2530,1468,2025-01-11,Oakley,148.72,USD,148.72,US,Social Media,25,1
2531,1468,2025-03-23,Basic Frames,8.31,USD,8.31,US,Social Media,0,2
2532,1468,2025-04-22,Basic Frames,14.82,USD,14.82,US,Social Media,0,3
2533,1468,2025-06-08,Fashion Frames,40.79,USD,40.79,US,Social Media,0,4
2534,1469,2023-10-29,Premium Frames,107.78,USD,107.78,US,Direct,5,1
2535,1469,2024-01-19,Ray-Ban,177.58,USD,177.58,US,Direct,0,2
2536,1470,2024-06-13,Fashion Frames,35.42,USD,35.42,US,Social Media,25,1
2537,1470,2024-10-02,Premium Frames,110.16,USD,110.16,US,Social Media,0,2
2538,1471,2025-01-03,Fashion Frames,40.13,USD,40.13,US,Social Media,25,1
2539,1472,2023-10-10,Basic Frames,8.23,USD,8.23,US,Influencer,35,1
2540,1472,2023-11-30,Basic Frames,18.32,USD,18.32,US,Influencer,0,2
2541,1472,2023-12-30,Basic Frames,29.36,USD,29.36,US,Influencer,0,3
2542,1473,2024-03-03,Premium Frames,125.69,USD,125.69,US,Email Marketing,10,1
2543,1473,2024-04-02,Basic Frames,23.13,USD,23.13,US,Email Marketing,0,2
2544,1473,2024-05-02,Oakley,194.45,USD,194.45,US,Email Marketing,0,3
2545,1474,2025-05-05,Basic Frames,21.53,USD,21.53,US,Google Search,30,1
2546,1475,2024-05-11,Basic Frames,17.24,USD,17.24,US,Influencer,35,1
2547,1475,2024-09-14,Basic Frames,7.9,USD,7.9,US,Influencer,0,2
2548,1475,2025-01-07,Premium Frames,136.31,USD,136.31,US,Influencer,0,3
2549,1476,2024-05-01,Fashion Frames,79.23,USD,79.23,US,Social Media,25,1
2550,1476,2024-08-07,Basic Frames,22.42,USD,22.42,US,Social Media,0,2
2551,1477,2023-09-17,Basic Frames,11.97,USD,11.97,US,Google Search,30,1
2552,1477,2024-05-31,Fashion Frames,51.96,USD,51.96,US,Google Search,0,2
2553,1477,2024-07-25,Basic Frames,19.64,USD,19.64,US,Google Search,0,3
2554,1477,2025-02-13,Fashion Frames,58.0,USD,58.0,US,Google Search,0,4
2555,1477,2025-04-07,Fashion Frames,75.95,USD,75.95,US,Google Search,0,5
2556,1478,2024-04-28,Basic Frames,18.26,USD,18.26,US,Social Media,25,1
2557,1479,2024-07-25,Premium Frames,113.06,USD,113.06,US,Google Search,30,1
2558,1479,2024-08-24,Premium Frames,130.7,USD,130.7,US,Google Search,0,2
2559,1479,2024-10-26,Fashion Frames,70.83,USD,70.83,US,Google Search,0,3
2560,1480,2023-06-18,Basic Frames,20.05,USD,20.05,US,Social Media,25,1
2561,1480,2024-01-12,Basic Frames,24.45,USD,24.45,US,Social Media,0,2
2562,1480,2024-03-11,Premium Frames,82.12,USD,82.12,US,Social Media,0,3
2563,1482,2023-07-22,Basic Frames,24.87,USD,24.87,US,Social Media,25,1
2564,1482,2023-09-11,Fashion Frames,72.3,USD,72.3,US,Social Media,0,2
2565,1482,2023-10-25,Basic Frames,7.09,USD,7.09,US,Social Media,0,3
2566,1483,2025-08-04,Oakley,255.71,AUD,176.35,Australia,Influencer,35,1
2567,1484,2024-09-18,Basic Frames,23.38,USD,23.38,US,Google Search,30,1
2568,1484,2025-02-13,Basic Frames,24.18,USD,24.18,US,Google Search,0,2
2569,1484,2025-08-01,Fashion Frames,53.05,USD,53.05,US,Google Search,0,3
2570,1486,2025-02-10,Fashion Frames,56.99,GBP,75.99,UK,Google Search,30,1
2571,1486,2025-03-12,Premium Frames,102.67,GBP,136.89,UK,Google Search,0,2
2572,1487,2025-06-26,Ray-Ban,158.74,USD,158.74,US,Social Media,25,1
2573,1487,2025-07-26,Basic Frames,29.57,USD,29.57,US,Social Media,0,2
2574,1488,2023-05-24,Fashion Frames,64.0,USD,64.0,US,Influencer,35,1
2575,1489,2025-06-08,Premium Frames,82.24,USD,82.24,US,Email Marketing,10,1
2576,1490,2023-04-07,Basic Frames,6.32,USD,6.32,US,Social Media,25,1
2577,1491,2023-10-13,Fashion Frames,53.55,USD,53.55,US,Direct,5,1
2578,1491,2024-01-12,Basic Frames,15.72,USD,15.72,US,Direct,0,2
2579,1491,2024-11-02,Premium Frames,126.38,USD,126.38,US,Direct,0,3
2580,1494,2025-06-09,Basic Frames,25.52,USD,25.52,US,Direct,5,1
2581,1495,2024-03-01,Premium Frames,128.66,USD,128.66,US,Direct,5,1
2582,1499,2024-06-08,Fashion Frames,37.62,USD,37.62,US,Social Media,25,1
2583,1499,2024-09-28,Fashion Frames,40.35,USD,40.35,US,Social Media,0,2
2584,1501,2025-04-24,Fashion Frames,40.22,USD,40.22,US,Social Media,25,1
2585,1502,2023-01-06,Oakley,158.49,USD,158.49,US,Social Media,25,1
2586,1502,2023-02-15,Fashion Frames,38.11,USD,38.11,US,Social Media,0,2
2587,1503,2023-11-02,Basic Frames,26.21,USD,26.21,US,Social Media,25,1
2588,1505,2023-11-03,Basic Frames,8.07,USD,8.07,US,Social Media,25,1
2589,1507,2024-08-31,Basic Frames,23.39,AUD,16.13,Australia,Direct,5,1
2590,1507,2025-03-26,Premium Frames,129.11,AUD,89.04,Australia,Direct,0,2
2591,1510,2024-05-17,Fashion Frames,54.77,USD,54.77,US,Social Media,25,1
2592,1510,2025-05-17,Premium Frames,82.35,USD,82.35,US,Social Media,0,2
2593,1511,2025-06-05,Fashion Frames,62.19,AUD,42.89,Australia,Google Search,30,1
2594,1511,2025-07-05,Basic Frames,18.97,AUD,13.08,Australia,Google Search,0,2
2595,1513,2024-04-02,Fashion Frames,47.36,USD,47.36,US,Email Marketing,10,1
2596,1513,2024-09-05,Fashion Frames,36.03,USD,36.03,US,Email Marketing,0,2
2597,1513,2024-10-08,Fashion Frames,72.53,USD,72.53,US,Email Marketing,0,3
2598,1514,2024-07-08,Oakley,153.25,USD,153.25,US,Google Search,30,1
2599,1514,2025-02-20,Fashion Frames,55.29,USD,55.29,US,Google Search,0,2
2600,1515,2024-05-14,Fashion Frames,66.82,USD,66.82,US,Influencer,35,1
2601,1515,2024-08-27,Basic Frames,29.98,USD,29.98,US,Influencer,0,2
2602,1515,2024-10-15,Basic Frames,6.89,USD,6.89,US,Influencer,0,3
2603,1516,2024-01-02,Fashion Frames,56.15,USD,56.15,US,Email Marketing,10,1
2604,1516,2024-08-05,Premium Frames,131.0,USD,131.0,US,Email Marketing,0,2
2605,1520,2024-07-28,Basic Frames,7.46,USD,7.46,US,Social Media,25,1
2606,1520,2025-01-06,Basic Frames,6.46,USD,6.46,US,Social Media,0,2
2607,1521,2024-01-28,Oakley,164.26,USD,164.26,US,Direct,5,1
2608,1521,2024-04-24,Ray-Ban,177.52,USD,177.52,US,Direct,0,2
2609,1521,2024-10-26,Premium Frames,125.73,USD,125.73,US,Direct,0,3
2610,1521,2025-01-02,Basic Frames,27.34,USD,27.34,US,Direct,0,4
2611,1522,2024-04-13,Basic Frames,17.8,EUR,20.94,France,Direct,5,1
2612,1522,2025-04-13,Basic Frames,18.28,EUR,21.51,France,Direct,0,2
2613,1523,2025-08-16,Ray-Ban,281.58,AUD,194.19,Australia,Google Search,30,1
2614,1524,2023-11-27,Fashion Frames,66.58,USD,66.58,US,Direct,5,1
2615,1524,2024-01-21,Fashion Frames,53.99,USD,53.99,US,Direct,0,2
2616,1525,2025-06-16,Basic Frames,18.18,USD,18.18,US,Google Search,30,1
2617,1526,2023-07-25,Basic Frames,22.44,USD,22.44,US,Social Media,25,1
2618,1529,2024-08-24,Fashion Frames,53.95,USD,53.95,US,Direct,5,1
2619,1529,2024-09-23,Fashion Frames,74.28,USD,74.28,US,Direct,0,2
2620,1529,2025-01-08,Basic Frames,23.35,USD,23.35,US,Direct,0,3
2621,1530,2024-01-29,Basic Frames,13.6,EUR,16.0,France,Google Search,30,1
2622,1532,2025-06-10,Fashion Frames,48.65,USD,48.65,US,Google Search,30,1
2623,1533,2025-03-09,Premium Frames,147.99,USD,147.99,US,Google Search,30,1
2624,1534,2024-02-27,Basic Frames,10.97,USD,10.97,US,Social Media,25,1
2625,1535,2023-02-16,Fashion Frames,35.22,USD,35.22,US,Email Marketing,10,1
2626,1536,2023-11-27,Basic Frames,10.16,USD,10.16,US,Direct,5,1
2627,1536,2024-02-02,Fashion Frames,38.66,USD,38.66,US,Direct,0,2
2628,1536,2024-03-03,Basic Frames,17.81,USD,17.81,US,Direct,0,3
2629,1536,2024-04-02,Basic Frames,25.04,USD,25.04,US,Direct,0,4
2630,1538,2024-05-06,Fashion Frames,42.5,USD,42.5,US,Social Media,25,1
2631,1538,2025-04-30,Premium Frames,119.42,USD,119.42,US,Social Media,0,2
2632,1541,2025-05-06,Basic Frames,22.25,USD,22.25,US,Google Search,30,1
2633,1542,2024-02-03,Ray-Ban,236.09,USD,236.09,US,Google Search,30,1
2634,1543,2024-01-31,Premium Frames,136.67,USD,136.67,US,Direct,5,1
2635,1544,2024-11-21,Premium Frames,88.86,USD,88.86,US,Influencer,35,1
2636,1544,2024-12-21,Basic Frames,11.44,USD,11.44,US,Influencer,0,2
2637,1545,2025-03-23,Basic Frames,17.67,USD,17.67,US,Influencer,35,1
2638,1550,2023-02-07,Basic Frames,27.51,USD,27.51,US,Social Media,25,1
2639,1550,2023-05-29,Fashion Frames,72.82,USD,72.82,US,Social Media,0,2
2640,1550,2023-12-25,Ray-Ban,237.5,USD,237.5,US,Social Media,0,3
2641,1551,2023-05-10,Basic Frames,8.5,USD,8.5,US,Social Media,25,1
2642,1551,2023-07-20,Basic Frames,7.21,USD,7.21,US,Social Media,0,2
2643,1558,2025-05-18,Basic Frames,26.6,USD,26.6,US,Google Search,30,1
2644,1558,2025-06-17,Basic Frames,8.44,USD,8.44,US,Google Search,0,2
2645,1558,2025-07-17,Fashion Frames,58.56,USD,58.56,US,Google Search,0,3
2646,1559,2024-03-26,Fashion Frames,39.19,USD,39.19,US,Social Media,25,1
2647,1559,2024-07-28,Fashion Frames,36.78,USD,36.78,US,Social Media,0,2
2648,1559,2024-12-25,Basic Frames,10.93,USD,10.93,US,Social Media,0,3
2649,1559,2025-03-02,Basic Frames,14.68,USD,14.68,US,Social Media,0,4
2650,1561,2024-06-24,Basic Frames,24.29,USD,24.29,US,Social Media,25,1
2651,1561,2024-08-09,Fashion Frames,55.42,USD,55.42,US,Social Media,0,2
2652,1561,2025-08-09,Basic Frames,26.89,USD,26.89,US,Social Media,0,3
2653,1562,2025-07-22,Basic Frames,14.73,USD,14.73,US,Social Media,25,1
2654,1564,2023-02-15,Fashion Frames,40.89,USD,40.89,US,Social Media,25,1
2655,1567,2024-02-28,Basic Frames,22.13,EUR,26.04,France,Email Marketing,10,1
2656,1567,2024-04-04,Ray-Ban,168.21,EUR,197.89,France,Email Marketing,0,2
2657,1568,2025-06-10,Basic Frames,10.11,USD,10.11,US,Direct,5,1
2658,1568,2025-07-10,Fashion Frames,44.03,USD,44.03,US,Direct,0,2
2659,1569,2024-11-06,Fashion Frames,51.34,USD,51.34,US,Google Search,30,1
2660,1569,2025-03-06,Fashion Frames,61.84,USD,61.84,US,Google Search,0,2
2661,1569,2025-08-14,Basic Frames,11.89,USD,11.89,US,Google Search,0,3
2662,1571,2023-03-30,Fashion Frames,69.57,USD,69.57,US,Google Search,30,1
2663,1571,2023-07-31,Premium Frames,90.52,USD,90.52,US,Google Search,0,2
2664,1571,2024-04-26,Fashion Frames,52.01,USD,52.01,US,Google Search,0,3
2665,1575,2023-12-19,Ray-Ban,316.88,AUD,218.54,Australia,Google Search,30,1
2666,1575,2024-01-22,Basic Frames,41.54,AUD,28.65,Australia,Google Search,0,2
2667,1576,2024-10-06,Premium Frames,134.14,USD,134.14,US,Influencer,35,1
2668,1576,2024-11-05,Fashion Frames,66.16,USD,66.16,US,Influencer,0,2
2669,1576,2025-05-09,Fashion Frames,56.35,USD,56.35,US,Influencer,0,3
2670,1576,2025-06-24,Basic Frames,7.67,USD,7.67,US,Influencer,0,4
2671,1577,2024-12-14,Fashion Frames,50.68,USD,50.68,US,Social Media,25,1
2672,1577,2025-06-09,Basic Frames,24.54,USD,24.54,US,Social Media,0,2
2673,1578,2024-02-27,Fashion Frames,50.27,USD,50.27,US,Email Marketing,10,1
2674,1578,2024-07-01,Basic Frames,6.89,USD,6.89,US,Email Marketing,0,2
2675,1580,2023-04-08,Basic Frames,19.79,USD,19.79,US,Social Media,25,1
2676,1580,2023-11-22,Basic Frames,29.47,USD,29.47,US,Social Media,0,2
2677,1580,2024-03-14,Basic Frames,29.52,USD,29.52,US,Social Media,0,3
2678,1580,2024-09-06,Basic Frames,25.18,USD,25.18,US,Social Media,0,4
2679,1580,2024-11-08,Premium Frames,141.43,USD,141.43,US,Social Media,0,5
2680,1580,2025-03-30,Basic Frames,29.34,USD,29.34,US,Social Media,0,6
2681,1581,2025-05-29,Ray-Ban,238.69,USD,238.69,US,Direct,5,1
2682,1582,2023-12-29,Basic Frames,26.97,USD,26.97,US,Direct,5,1
2683,1582,2024-04-05,Fashion Frames,66.36,USD,66.36,US,Direct,0,2
2684,1583,2025-05-24,Fashion Frames,47.86,USD,47.86,US,Social Media,25,1
2685,1583,2025-06-23,Premium Frames,138.06,USD,138.06,US,Social Media,0,2
2686,1583,2025-07-23,Basic Frames,27.61,USD,27.61,US,Social Media,0,3
2687,1584,2024-11-24,Fashion Frames,38.2,USD,38.2,US,Google Search,30,1
2688,1585,2025-06-02,Fashion Frames,62.55,USD,62.55,US,Influencer,35,1
2689,1585,2025-07-11,Premium Frames,142.24,USD,142.24,US,Influencer,0,2
2690,1586,2024-07-08,Fashion Frames,61.29,USD,61.29,US,Direct,5,1
2691,1586,2024-10-15,Fashion Frames,52.67,USD,52.67,US,Direct,0,2
2692,1586,2025-01-25,Basic Frames,14.29,USD,14.29,US,Direct,0,3
2693,1586,2025-06-07,Fashion Frames,70.78,USD,70.78,US,Direct,0,4
2694,1587,2024-01-27,Basic Frames,24.61,USD,24.61,US,Google Search,30,1
2695,1587,2024-02-26,Basic Frames,27.14,USD,27.14,US,Google Search,0,2
2696,1588,2023-11-27,Oakley,162.99,USD,162.99,US,Social Media,25,1
2697,1588,2024-01-07,Premium Frames,107.91,USD,107.91,US,Social Media,0,2
2698,1588,2025-01-06,Fashion Frames,66.23,USD,66.23,US,Social Media,0,3
2699,1590,2025-01-09,Basic Frames,18.98,USD,18.98,US,Influencer,35,1
2700,1590,2025-02-17,Premium Frames,95.75,USD,95.75,US,Influencer,0,2
2701,1590,2025-04-23,Basic Frames,18.28,USD,18.28,US,Influencer,0,3
2702,1591,2025-07-02,Fashion Frames,47.69,USD,47.69,US,Influencer,35,1
2703,1591,2025-08-12,Basic Frames,21.26,USD,21.26,US,Influencer,0,2
2704,1592,2025-03-01,Fashion Frames,74.63,USD,74.63,US,Social Media,25,1
2705,1593,2024-05-15,Basic Frames,12.21,USD,12.21,US,Direct,5,1
2706,1593,2025-02-25,Ray-Ban,233.39,USD,233.39,US,Direct,0,2
2707,1594,2025-06-18,Fashion Frames,51.71,USD,51.71,US,Social Media,25,1
2708,1595,2024-07-08,Basic Frames,23.57,USD,23.57,US,Social Media,25,1
2709,1595,2024-08-31,Basic Frames,26.2,USD,26.2,US,Social Media,0,2
2710,1595,2024-11-06,Fashion Frames,43.73,USD,43.73,US,Social Media,0,3
2711,1596,2023-02-18,Premium Frames,76.11,EUR,89.54,France,Google Search,30,1
2712,1596,2023-03-21,Basic Frames,20.54,EUR,24.16,France,Google Search,0,2
2713,1598,2023-03-16,Basic Frames,19.74,USD,19.74,US,Social Media,25,1
2714,1598,2023-04-15,Fashion Frames,31.26,USD,31.26,US,Social Media,0,2
2715,1599,2023-08-30,Premium Frames,97.29,USD,97.29,US,Direct,5,1
2716,1599,2023-12-01,Basic Frames,23.9,USD,23.9,US,Direct,0,2
2717,1599,2023-12-31,Basic Frames,19.96,USD,19.96,US,Direct,0,3
2718,1600,2024-11-06,Premium Frames,145.69,USD,145.69,US,Direct,5,1
2719,1600,2025-01-11,Fashion Frames,63.61,USD,63.61,US,Direct,0,2
2720,1600,2025-05-24,Basic Frames,26.27,USD,26.27,US,Direct,0,3
2721,1601,2024-12-05,Fashion Frames,45.66,USD,45.66,US,Social Media,25,1
2722,1601,2025-02-25,Fashion Frames,63.68,USD,63.68,US,Social Media,0,2
2723,1601,2025-05-29,Premium Frames,137.24,USD,137.24,US,Social Media,0,3
2724,1603,2023-10-25,Basic Frames,15.06,USD,15.06,US,Social Media,25,1
2725,1605,2025-02-14,Basic Frames,18.39,USD,18.39,US,Google Search,30,1
2726,1605,2025-03-21,Basic Frames,10.62,USD,10.62,US,Google Search,0,2
2727,1607,2024-03-24,Fashion Frames,38.18,USD,38.18,US,Direct,5,1
2728,1607,2024-04-23,Basic Frames,16.22,USD,16.22,US,Direct,0,2
2729,1607,2024-05-23,Premium Frames,109.43,USD,109.43,US,Direct,0,3
2730,1607,2024-09-12,Premium Frames,87.37,USD,87.37,US,Direct,0,4
2731,1607,2024-12-09,Fashion Frames,51.82,USD,51.82,US,Direct,0,5
2732,1608,2023-04-13,Fashion Frames,35.29,EUR,41.52,France,Google Search,30,1
2733,1608,2024-04-12,Oakley,107.31,EUR,126.25,France,Google Search,0,2
2734,1609,2025-03-09,Fashion Frames,50.73,USD,50.73,US,Influencer,35,1
2735,1609,2025-04-08,Ray-Ban,206.34,USD,206.34,US,Influencer,0,2
2736,1612,2025-06-12,Basic Frames,21.28,USD,21.28,US,Social Media,25,1
2737,1612,2025-07-12,Fashion Frames,79.83,USD,79.83,US,Social Media,0,2
2738,1613,2023-05-09,Basic Frames,28.75,USD,28.75,US,Google Search,30,1
2739,1615,2023-06-21,Oakley,133.03,USD,133.03,US,Email Marketing,10,1
2740,1616,2024-12-25,Fashion Frames,46.54,EUR,54.75,France,Google Search,30,1
2741,1617,2023-11-10,Ray-Ban,246.84,USD,246.84,US,Google Search,30,1
2742,1617,2024-01-31,Fashion Frames,56.15,USD,56.15,US,Google Search,0,2
2743,1617,2025-01-30,Fashion Frames,56.93,USD,56.93,US,Google Search,0,3
2744,1618,2025-07-20,Basic Frames,16.93,USD,16.93,US,Social Media,25,1
2745,1619,2023-01-30,Fashion Frames,38.69,USD,38.69,US,Direct,5,1
2746,1619,2023-09-29,Fashion Frames,58.39,USD,58.39,US,Direct,0,2
2747,1619,2023-11-25,Basic Frames,28.12,USD,28.12,US,Direct,0,3
2748,1619,2024-06-15,Ray-Ban,162.76,USD,162.76,US,Direct,0,4
2749,1619,2024-08-12,Fashion Frames,72.76,USD,72.76,US,Direct,0,5
2750,1620,2023-02-22,Basic Frames,14.87,USD,14.87,US,Social Media,25,1
2751,1620,2023-04-12,Fashion Frames,45.19,USD,45.19,US,Social Media,0,2
2752,1620,2023-05-12,Fashion Frames,56.62,USD,56.62,US,Social Media,0,3
2753,1621,2023-12-08,Fashion Frames,45.94,USD,45.94,US,Social Media,25,1
2754,1621,2024-12-07,Ray-Ban,188.07,USD,188.07,US,Social Media,0,2
2755,1622,2025-04-02,Fashion Frames,32.37,USD,32.37,US,Email Marketing,10,1
2756,1623,2023-02-27,Fashion Frames,69.41,USD,69.41,US,Direct,5,1
2757,1624,2023-10-28,Fashion Frames,76.9,USD,76.9,US,Social Media,25,1
2758,1624,2024-04-12,Premium Frames,102.06,USD,102.06,US,Social Media,0,2
2759,1624,2024-07-03,Basic Frames,12.8,USD,12.8,US,Social Media,0,3
2760,1625,2024-01-12,Fashion Frames,67.24,USD,67.24,US,Social Media,25,1
2761,1625,2024-10-29,Basic Frames,6.05,USD,6.05,US,Social Media,0,2
2762,1625,2025-01-23,Fashion Frames,57.83,USD,57.83,US,Social Media,0,3
2763,1626,2024-01-19,Basic Frames,7.07,USD,7.07,US,Direct,5,1
2764,1626,2024-06-02,Basic Frames,17.55,USD,17.55,US,Direct,0,2
2765,1626,2025-01-31,Fashion Frames,46.18,USD,46.18,US,Direct,0,3
2766,1626,2025-03-02,Fashion Frames,53.17,USD,53.17,US,Direct,0,4
2767,1626,2025-04-01,Fashion Frames,47.55,USD,47.55,US,Direct,0,5
2768,1627,2024-03-25,Basic Frames,26.03,USD,26.03,US,Social Media,25,1
2769,1627,2024-12-15,Premium Frames,138.52,USD,138.52,US,Social Media,0,2
2770,1627,2025-01-18,Oakley,130.62,USD,130.62,US,Social Media,0,3
2771,1627,2025-02-17,Ray-Ban,164.71,USD,164.71,US,Social Media,0,4
2772,1627,2025-04-05,Premium Frames,124.92,USD,124.92,US,Social Media,0,5
2773,1627,2025-06-17,Fashion Frames,68.32,USD,68.32,US,Social Media,0,6
2774,1628,2023-05-30,Premium Frames,91.28,USD,91.28,US,Google Search,30,1
2775,1630,2024-07-12,Basic Frames,20.99,USD,20.99,US,Influencer,35,1
2776,1630,2024-12-19,Fashion Frames,61.56,USD,61.56,US,Influencer,0,2
2777,1630,2025-01-18,Basic Frames,15.29,USD,15.29,US,Influencer,0,3
2778,1630,2025-04-09,Fashion Frames,75.11,USD,75.11,US,Influencer,0,4
2779,1631,2024-03-03,Basic Frames,7.1,USD,7.1,US,Google Search,30,1
2780,1631,2024-04-14,Fashion Frames,63.85,USD,63.85,US,Google Search,0,2
2781,1631,2024-09-16,Basic Frames,16.63,USD,16.63,US,Google Search,0,3
2782,1631,2024-12-15,Fashion Frames,44.59,USD,44.59,US,Google Search,0,4
2783,1631,2025-01-14,Fashion Frames,35.34,USD,35.34,US,Google Search,0,5
2784,1631,2025-06-13,Basic Frames,9.97,USD,9.97,US,Google Search,0,6
2785,1632,2024-08-05,Basic Frames,21.12,USD,21.12,US,Social Media,25,1
2786,1632,2025-04-12,Fashion Frames,68.81,USD,68.81,US,Social Media,0,2
2787,1632,2025-05-12,Basic Frames,13.41,USD,13.41,US,Social Media,0,3
2788,1632,2025-06-22,Basic Frames,21.48,USD,21.48,US,Social Media,0,4
2789,1633,2024-12-02,Fashion Frames,35.17,USD,35.17,US,Influencer,35,1
2790,1633,2025-02-22,Fashion Frames,77.8,USD,77.8,US,Influencer,0,2
2791,1634,2025-04-03,Premium Frames,133.28,USD,133.28,US,Social Media,25,1
2792,1634,2025-05-11,Fashion Frames,77.91,USD,77.91,US,Social Media,0,2
2793,1635,2023-07-11,Basic Frames,24.01,USD,24.01,US,Google Search,30,1
2794,1635,2023-12-04,Fashion Frames,55.63,USD,55.63,US,Google Search,0,2
2795,1635,2024-08-21,Basic Frames,6.45,USD,6.45,US,Google Search,0,3
2796,1636,2023-06-27,Fashion Frames,57.06,USD,57.06,US,Social Media,25,1
2797,1636,2024-03-18,Fashion Frames,78.16,USD,78.16,US,Social Media,0,2
2798,1636,2024-06-08,Basic Frames,12.6,USD,12.6,US,Social Media,0,3
2799,1637,2023-06-29,Ray-Ban,198.17,EUR,233.14,France,Influencer,35,1
2800,1639,2024-09-23,Basic Frames,8.03,USD,8.03,US,Influencer,35,1
2801,1639,2025-03-24,Basic Frames,18.81,USD,18.81,US,Influencer,0,2
2802,1640,2025-06-12,Fashion Frames,59.86,USD,59.86,US,Social Media,25,1
2803,1641,2024-01-27,Premium Frames,145.44,USD,145.44,US,Direct,5,1
2804,1641,2024-02-26,Basic Frames,14.16,USD,14.16,US,Direct,0,2
2805,1641,2024-03-27,Basic Frames,10.33,USD,10.33,US,Direct,0,3
2806,1641,2024-04-26,Basic Frames,6.58,USD,6.58,US,Direct,0,4
2807,1641,2024-07-05,Basic Frames,18.67,USD,18.67,US,Direct,0,5
2808,1641,2024-08-04,Fashion Frames,49.72,USD,49.72,US,Direct,0,6
2809,1642,2024-09-29,Basic Frames,29.51,USD,29.51,US,Google Search,30,1
2810,1643,2024-12-19,Fashion Frames,44.98,USD,44.98,US,Influencer,35,1
2811,1643,2025-03-05,Basic Frames,10.38,USD,10.38,US,Influencer,0,2
2812,1645,2024-05-31,Ray-Ban,245.26,USD,245.26,US,Direct,5,1
2813,1645,2025-05-17,Basic Frames,22.29,USD,22.29,US,Direct,0,2
2814,1646,2025-07-31,Fashion Frames,78.1,USD,78.1,US,Google Search,30,1
2815,1647,2024-09-13,Fashion Frames,65.95,USD,65.95,US,Social Media,25,1
2816,1647,2024-11-09,Fashion Frames,45.6,USD,45.6,US,Social Media,0,2
2817,1647,2025-03-18,Basic Frames,8.37,USD,8.37,US,Social Media,0,3
2818,1647,2025-06-01,Fashion Frames,37.98,USD,37.98,US,Social Media,0,4
2819,1649,2023-08-29,Fashion Frames,77.14,USD,77.14,US,Direct,5,1
2820,1649,2023-10-19,Basic Frames,27.59,USD,27.59,US,Direct,0,2
2821,1649,2024-02-29,Basic Frames,7.25,USD,7.25,US,Direct,0,3
2822,1649,2024-06-27,Premium Frames,97.53,USD,97.53,US,Direct,0,4
2823,1650,2024-04-19,Basic Frames,11.68,USD,11.68,US,Social Media,25,1
2824,1650,2024-05-19,Basic Frames,18.21,USD,18.21,US,Social Media,0,2
2825,1650,2024-08-26,Fashion Frames,55.72,USD,55.72,US,Social Media,0,3
2826,1650,2024-10-13,Fashion Frames,77.52,USD,77.52,US,Social Media,0,4
2827,1651,2024-10-20,Premium Frames,102.97,USD,102.97,US,Google Search,30,1
2828,1651,2024-12-10,Fashion Frames,58.1,USD,58.1,US,Google Search,0,2
2829,1652,2023-09-23,Basic Frames,6.69,USD,6.69,US,Influencer,35,1
2830,1652,2023-11-07,Fashion Frames,62.04,USD,62.04,US,Influencer,0,2
2831,1652,2023-12-07,Basic Frames,27.93,USD,27.93,US,Influencer,0,3
2832,1653,2024-04-21,Basic Frames,19.3,USD,19.3,US,Email Marketing,10,1
2833,1653,2024-05-25,Fashion Frames,59.72,USD,59.72,US,Email Marketing,0,2
2834,1654,2023-09-29,Premium Frames,133.65,USD,133.65,US,Google Search,30,1
2835,1654,2024-09-28,Fashion Frames,62.93,USD,62.93,US,Google Search,0,2
2836,1655,2024-11-19,Fashion Frames,58.84,USD,58.84,US,Google Search,30,1
2837,1655,2024-12-19,Premium Frames,111.77,USD,111.77,US,Google Search,0,2
2838,1655,2025-01-18,Premium Frames,139.39,USD,139.39,US,Google Search,0,3
2839,1655,2025-02-17,Fashion Frames,55.52,USD,55.52,US,Google Search,0,4
2840,1657,2025-07-17,Basic Frames,18.97,USD,18.97,US,Influencer,35,1
2841,1658,2025-04-14,Basic Frames,10.1,EUR,11.88,France,Google Search,30,1
2842,1658,2025-05-14,Basic Frames,24.53,EUR,28.86,France,Google Search,0,2
2843,1660,2025-07-21,Basic Frames,7.0,USD,7.0,US,Social Media,25,1
2844,1663,2024-07-14,Ray-Ban,215.65,USD,215.65,US,Social Media,25,1
2845,1663,2024-08-13,Fashion Frames,39.2,USD,39.2,US,Social Media,0,2
2846,1663,2024-09-12,Premium Frames,85.15,USD,85.15,US,Social Media,0,3
2847,1665,2023-03-21,Basic Frames,9.02,GBP,12.02,UK,Social Media,25,1
2848,1665,2023-05-24,Fashion Frames,48.24,GBP,64.32,UK,Social Media,0,2
2849,1668,2024-08-31,Basic Frames,26.18,USD,26.18,US,Email Marketing,10,1
2850,1668,2025-01-08,Premium Frames,100.41,USD,100.41,US,Email Marketing,0,2
2851,1669,2023-11-14,Premium Frames,117.85,USD,117.85,US,Email Marketing,10,1
2852,1669,2024-04-05,Basic Frames,7.68,USD,7.68,US,Email Marketing,0,2
2853,1670,2024-10-22,Premium Frames,129.19,USD,129.19,US,Influencer,35,1
2854,1670,2024-11-21,Fashion Frames,71.69,USD,71.69,US,Influencer,0,2
2855,1670,2025-03-24,Fashion Frames,66.53,USD,66.53,US,Influencer,0,3
2856,1673,2023-09-15,Fashion Frames,55.74,USD,55.74,US,Social Media,25,1
2857,1673,2023-10-15,Fashion Frames,70.3,USD,70.3,US,Social Media,0,2
2858,1676,2023-11-08,Fashion Frames,79.0,USD,79.0,US,Social Media,25,1
2859,1676,2024-08-22,Fashion Frames,65.68,USD,65.68,US,Social Media,0,2
2860,1676,2024-12-19,Basic Frames,12.55,USD,12.55,US,Social Media,0,3
2861,1677,2023-08-02,Basic Frames,13.72,USD,13.72,US,Google Search,30,1
2862,1678,2024-01-30,Fashion Frames,77.99,USD,77.99,US,Google Search,30,1
2863,1678,2024-03-18,Fashion Frames,47.09,USD,47.09,US,Google Search,0,2
2864,1680,2024-05-16,Fashion Frames,76.19,USD,76.19,US,Google Search,30,1
2865,1680,2024-11-16,Fashion Frames,60.83,USD,60.83,US,Google Search,0,2
2866,1680,2024-12-16,Premium Frames,81.3,USD,81.3,US,Google Search,0,3
2867,1680,2025-06-05,Premium Frames,81.66,USD,81.66,US,Google Search,0,4
2868,1680,2025-07-05,Basic Frames,10.16,USD,10.16,US,Google Search,0,5
2869,1680,2025-08-16,Fashion Frames,58.23,USD,58.23,US,Google Search,0,6
2870,1681,2023-04-21,Basic Frames,17.74,USD,17.74,US,Direct,5,1
2871,1682,2023-09-05,Basic Frames,7.95,USD,7.95,US,Social Media,25,1
2872,1682,2023-10-05,Fashion Frames,73.96,USD,73.96,US,Social Media,0,2
2873,1683,2024-01-28,Basic Frames,18.93,USD,18.93,US,Direct,5,1
2874,1683,2024-08-06,Basic Frames,27.42,USD,27.42,US,Direct,0,2
2875,1683,2024-09-05,Fashion Frames,70.99,USD,70.99,US,Direct,0,3
2876,1683,2024-10-05,Basic Frames,16.68,USD,16.68,US,Direct,0,4
2877,1684,2024-08-16,Fashion Frames,78.63,USD,78.63,US,Influencer,35,1
2878,1685,2024-01-14,Fashion Frames,60.46,USD,60.46,US,Direct,5,1
2879,1686,2024-08-11,Fashion Frames,72.12,USD,72.12,US,Social Media,25,1
2880,1686,2024-09-27,Basic Frames,25.48,USD,25.48,US,Social Media,0,2
2881,1688,2024-12-18,Fashion Frames,49.15,USD,49.15,US,Social Media,25,1
2882,1688,2025-05-11,Fashion Frames,40.46,USD,40.46,US,Social Media,0,2
2883,1689,2023-11-01,Basic Frames,23.84,USD,23.84,US,Google Search,30,1
2884,1689,2024-03-06,Basic Frames,24.2,USD,24.2,US,Google Search,0,2
2885,1689,2024-10-16,Fashion Frames,64.35,USD,64.35,US,Google Search,0,3
2886,1689,2024-11-15,Fashion Frames,65.75,USD,65.75,US,Google Search,0,4
2887,1690,2023-02-05,Fashion Frames,71.0,USD,71.0,US,Social Media,25,1
2888,1690,2023-04-03,Basic Frames,21.01,USD,21.01,US,Social Media,0,2
2889,1692,2024-11-18,Basic Frames,29.52,USD,29.52,US,Direct,5,1
2890,1694,2023-10-25,Fashion Frames,55.15,USD,55.15,US,Google Search,30,1
2891,1694,2024-08-29,Fashion Frames,65.5,USD,65.5,US,Google Search,0,2
2892,1695,2023-01-13,Fashion Frames,31.35,USD,31.35,US,Google Search,30,1
2893,1697,2025-06-17,Fashion Frames,36.44,USD,36.44,US,Social Media,25,1
2894,1698,2024-12-27,Premium Frames,115.52,USD,115.52,US,Direct,5,1
2895,1698,2025-01-26,Oakley,133.64,USD,133.64,US,Direct,0,2
2896,1699,2025-03-10,Fashion Frames,67.2,USD,67.2,US,Social Media,25,1
2897,1699,2025-04-09,Fashion Frames,63.94,USD,63.94,US,Social Media,0,2
2898,1700,2025-02-24,Basic Frames,10.21,USD,10.21,US,Direct,5,1
2899,1700,2025-03-26,Fashion Frames,59.82,USD,59.82,US,Direct,0,2
2900,1702,2025-07-24,Premium Frames,145.42,USD,145.42,US,Social Media,25,1
2901,1706,2025-05-05,Basic Frames,26.34,USD,26.34,US,Direct,5,1
2902,1707,2025-07-15,Fashion Frames,78.52,USD,78.52,US,Influencer,35,1
2903,1708,2025-07-18,Basic Frames,20.75,USD,20.75,US,Social Media,25,1
2904,1709,2023-10-25,Fashion Frames,74.27,USD,74.27,US,Direct,5,1
2905,1709,2023-11-24,Basic Frames,6.05,USD,6.05,US,Direct,0,2
2906,1709,2024-03-20,Basic Frames,16.25,USD,16.25,US,Direct,0,3
2907,1709,2024-05-27,Fashion Frames,63.98,USD,63.98,US,Direct,0,4
2908,1709,2025-05-27,Premium Frames,125.85,USD,125.85,US,Direct,0,5
2909,1711,2025-03-30,Premium Frames,139.26,USD,139.26,US,Influencer,35,1
2910,1711,2025-04-29,Basic Frames,15.77,USD,15.77,US,Influencer,0,2
2911,1712,2023-08-29,Fashion Frames,56.4,USD,56.4,US,Google Search,30,1
2912,1712,2023-10-12,Premium Frames,115.19,USD,115.19,US,Google Search,0,2
2913,1712,2023-12-25,Basic Frames,18.41,USD,18.41,US,Google Search,0,3
2914,1712,2024-02-01,Basic Frames,7.04,USD,7.04,US,Google Search,0,4
2915,1712,2024-10-20,Fashion Frames,66.34,USD,66.34,US,Google Search,0,5
2916,1713,2024-10-01,Fashion Frames,76.0,USD,76.0,US,Direct,5,1
2917,1713,2025-05-24,Ray-Ban,203.71,USD,203.71,US,Direct,0,2
2918,1714,2025-04-03,Premium Frames,108.04,USD,108.04,US,Google Search,30,1
2919,1714,2025-05-04,Fashion Frames,47.4,USD,47.4,US,Google Search,0,2
2920,1718,2023-07-15,Ray-Ban,219.27,USD,219.27,US,Direct,5,1
2921,1718,2023-12-03,Fashion Frames,77.93,USD,77.93,US,Direct,0,2
2922,1718,2024-02-16,Basic Frames,28.01,USD,28.01,US,Direct,0,3
2923,1718,2024-05-23,Basic Frames,10.73,USD,10.73,US,Direct,0,4
2924,1718,2024-08-03,Fashion Frames,47.13,USD,47.13,US,Direct,0,5
2925,1718,2024-11-03,Fashion Frames,34.08,USD,34.08,US,Direct,0,6
2926,1719,2024-09-28,Fashion Frames,32.37,USD,32.37,US,Social Media,25,1
2927,1719,2024-11-27,Premium Frames,110.8,USD,110.8,US,Social Media,0,2
2928,1719,2025-03-01,Premium Frames,82.66,USD,82.66,US,Social Media,0,3
2929,1723,2025-01-15,Basic Frames,17.37,USD,17.37,US,Social Media,25,1
2930,1727,2025-05-13,Fashion Frames,42.6,USD,42.6,US,Social Media,25,1
2931,1727,2025-08-04,Basic Frames,7.75,USD,7.75,US,Social Media,0,2
2932,1728,2023-06-02,Oakley,155.08,USD,155.08,US,Google Search,30,1
2933,1728,2023-09-13,Basic Frames,8.3,USD,8.3,US,Google Search,0,2
2934,1728,2024-03-12,Basic Frames,16.71,USD,16.71,US,Google Search,0,3
2935,1728,2024-06-13,Basic Frames,9.0,USD,9.0,US,Google Search,0,4
2936,1731,2025-08-03,Basic Frames,27.36,USD,27.36,US,Email Marketing,10,1
2937,1732,2024-10-08,Fashion Frames,69.35,USD,69.35,US,Social Media,25,1
2938,1732,2024-12-09,Basic Frames,7.49,USD,7.49,US,Social Media,0,2
2939,1734,2023-02-16,Ray-Ban,211.46,USD,211.46,US,Direct,5,1
2940,1734,2023-03-18,Fashion Frames,52.16,USD,52.16,US,Direct,0,2
2941,1735,2023-11-13,Fashion Frames,33.73,USD,33.73,US,Google Search,30,1
2942,1736,2025-03-25,Basic Frames,38.28,AUD,26.4,Australia,Direct,5,1
2943,1736,2025-06-20,Ray-Ban,276.62,AUD,190.77,Australia,Direct,0,2
2944,1737,2024-03-27,Basic Frames,15.87,USD,15.87,US,Social Media,25,1
2945,1737,2024-05-13,Basic Frames,26.75,USD,26.75,US,Social Media,0,2
2946,1737,2024-11-24,Oakley,183.0,USD,183.0,US,Social Media,0,3
2947,1738,2023-02-04,Basic Frames,16.88,USD,16.88,US,Direct,5,1
2948,1739,2024-08-20,Basic Frames,16.27,USD,16.27,US,Email Marketing,10,1
2949,1739,2024-09-19,Premium Frames,123.79,USD,123.79,US,Email Marketing,0,2
2950,1739,2024-10-19,Ray-Ban,161.03,USD,161.03,US,Email Marketing,0,3
2951,1740,2024-01-12,Premium Frames,127.63,USD,127.63,US,Social Media,25,1
2952,1740,2024-02-11,Fashion Frames,32.27,USD,32.27,US,Social Media,0,2
2953,1740,2024-03-12,Basic Frames,18.41,USD,18.41,US,Social Media,0,3
2954,1741,2025-01-19,Fashion Frames,52.62,AUD,36.29,Australia,Social Media,25,1
2955,1741,2025-03-10,Fashion Frames,45.82,AUD,31.6,Australia,Social Media,0,2
2956,1742,2023-05-18,Basic Frames,20.23,USD,20.23,US,Social Media,25,1
2957,1742,2023-09-03,Premium Frames,139.01,USD,139.01,US,Social Media,0,2
2958,1744,2025-07-21,Fashion Frames,55.94,USD,55.94,US,Influencer,35,1
2959,1745,2023-11-01,Basic Frames,17.55,USD,17.55,US,Direct,5,1
2960,1746,2023-12-11,Basic Frames,10.46,USD,10.46,US,Google Search,30,1
2961,1746,2024-06-28,Fashion Frames,37.75,USD,37.75,US,Google Search,0,2
2962,1746,2024-07-28,Ray-Ban,155.36,USD,155.36,US,Google Search,0,3
2963,1747,2025-02-18,Basic Frames,20.03,USD,20.03,US,Social Media,25,1
2964,1748,2024-03-09,Fashion Frames,47.2,GBP,62.93,UK,Social Media,25,1
2965,1748,2024-07-31,Premium Frames,79.26,GBP,105.68,UK,Social Media,0,2
2966,1748,2024-08-30,Basic Frames,15.01,GBP,20.01,UK,Social Media,0,3
2967,1748,2024-12-30,Ray-Ban,153.43,GBP,204.57,UK,Social Media,0,4
2968,1749,2023-06-29,Basic Frames,17.27,USD,17.27,US,Google Search,30,1
2969,1749,2023-07-29,Basic Frames,20.48,USD,20.48,US,Google Search,0,2
2970,1749,2024-05-26,Fashion Frames,45.26,USD,45.26,US,Google Search,0,3
2971,1749,2024-07-09,Premium Frames,147.95,USD,147.95,US,Google Search,0,4
2972,1749,2024-09-27,Basic Frames,18.42,USD,18.42,US,Google Search,0,5
2973,1749,2025-06-13,Basic Frames,21.78,USD,21.78,US,Google Search,0,6
2974,1750,2023-08-20,Basic Frames,11.7,USD,11.7,US,Social Media,25,1
2975,1750,2023-11-19,Ray-Ban,232.1,USD,232.1,US,Social Media,0,2
2976,1750,2024-11-02,Basic Frames,19.43,USD,19.43,US,Social Media,0,3
2977,1751,2023-05-20,Premium Frames,104.72,USD,104.72,US,Social Media,25,1
2978,1751,2023-08-26,Basic Frames,29.44,USD,29.44,US,Social Media,0,2
2979,1752,2025-03-18,Fashion Frames,40.86,USD,40.86,US,Influencer,35,1
2980,1752,2025-04-26,Fashion Frames,34.35,USD,34.35,US,Influencer,0,2
2981,1753,2024-07-06,Fashion Frames,54.31,USD,54.31,US,Influencer,35,1
2982,1753,2024-09-02,Basic Frames,22.6,USD,22.6,US,Influencer,0,2
2983,1753,2024-10-02,Basic Frames,17.22,USD,17.22,US,Influencer,0,3
2984,1754,2025-06-22,Basic Frames,26.45,USD,26.45,US,Social Media,25,1
2985,1755,2024-01-11,Basic Frames,14.06,USD,14.06,US,Social Media,25,1
2986,1756,2024-06-28,Ray-Ban,183.53,USD,183.53,US,Social Media,25,1
2987,1756,2024-07-28,Fashion Frames,36.14,USD,36.14,US,Social Media,0,2
2988,1756,2024-11-21,Fashion Frames,73.93,USD,73.93,US,Social Media,0,3
2989,1756,2024-12-23,Fashion Frames,75.62,USD,75.62,US,Social Media,0,4
2990,1757,2024-06-17,Basic Frames,28.08,USD,28.08,US,Direct,5,1
2991,1757,2024-08-18,Ray-Ban,214.24,USD,214.24,US,Direct,0,2
2992,1757,2024-11-15,Fashion Frames,64.97,USD,64.97,US,Direct,0,3
2993,1757,2024-12-15,Fashion Frames,53.86,USD,53.86,US,Direct,0,4
2994,1758,2025-07-26,Fashion Frames,54.56,USD,54.56,US,Google Search,30,1
2995,1762,2023-10-01,Fashion Frames,50.62,USD,50.62,US,Influencer,35,1
2996,1762,2023-11-25,Ray-Ban,232.78,USD,232.78,US,Influencer,0,2
2997,1762,2023-12-25,Fashion Frames,31.33,USD,31.33,US,Influencer,0,3
2998,1763,2025-07-24,Fashion Frames,36.41,GBP,48.54,UK,Direct,5,1
2999,1764,2025-05-01,Basic Frames,9.42,USD,9.42,US,Direct,5,1
3000,1765,2024-05-10,Premium Frames,124.56,USD,124.56,US,Google Search,30,1
3001,1767,2023-11-15,Basic Frames,29.41,USD,29.41,US,Influencer,35,1
3002,1767,2023-12-15,Basic Frames,10.78,USD,10.78,US,Influencer,0,2
3003,1767,2024-01-14,Basic Frames,12.82,USD,12.82,US,Influencer,0,3
3004,1767,2024-08-10,Fashion Frames,41.73,USD,41.73,US,Influencer,0,4
3005,1767,2024-09-09,Premium Frames,99.08,USD,99.08,US,Influencer,0,5
3006,1767,2024-12-02,Fashion Frames,39.54,USD,39.54,US,Influencer,0,6
3007,1767,2025-01-24,Premium Frames,139.48,USD,139.48,US,Influencer,0,7
3008,1767,2025-03-10,Basic Frames,11.9,USD,11.9,US,Influencer,0,8
3009,1768,2025-02-03,Fashion Frames,39.63,USD,39.63,US,Social Media,25,1
3010,1768,2025-06-18,Basic Frames,12.28,USD,12.28,US,Social Media,0,2
3011,1769,2025-06-18,Fashion Frames,71.74,USD,71.74,US,Influencer,35,1
3012,1769,2025-07-18,Premium Frames,90.47,USD,90.47,US,Influencer,0,2
3013,1770,2023-12-15,Fashion Frames,74.37,USD,74.37,US,Direct,5,1
3014,1771,2025-04-17,Basic Frames,11.05,USD,11.05,US,Google Search,30,1
3015,1771,2025-05-23,Basic Frames,16.95,USD,16.95,US,Google Search,0,2
3016,1772,2023-05-13,Basic Frames,14.94,USD,14.94,US,Social Media,25,1
3017,1772,2023-06-12,Basic Frames,10.11,USD,10.11,US,Social Media,0,2
3018,1772,2023-09-05,Basic Frames,18.65,USD,18.65,US,Social Media,0,3
3019,1772,2023-12-06,Premium Frames,136.13,USD,136.13,US,Social Media,0,4
3020,1772,2024-01-31,Basic Frames,20.96,USD,20.96,US,Social Media,0,5
3021,1773,2024-04-28,Basic Frames,23.06,USD,23.06,US,Google Search,30,1
3022,1773,2025-01-22,Basic Frames,8.84,USD,8.84,US,Google Search,0,2
3023,1775,2023-06-01,Basic Frames,10.55,USD,10.55,US,Email Marketing,10,1
3024,1775,2024-05-31,Fashion Frames,57.1,USD,57.1,US,Email Marketing,0,2
3025,1775,2024-09-26,Fashion Frames,65.02,USD,65.02,US,Email Marketing,0,3
3026,1776,2025-02-17,Ray-Ban,164.49,EUR,193.52,France,Influencer,35,1
3027,1777,2023-09-08,Basic Frames,28.1,USD,28.1,US,Direct,5,1
3028,1777,2023-11-04,Fashion Frames,68.39,USD,68.39,US,Direct,0,2
3029,1778,2025-06-01,Basic Frames,26.51,USD,26.51,US,Email Marketing,10,1
3030,1779,2024-11-23,Fashion Frames,38.28,USD,38.28,US,Social Media,25,1
3031,1779,2024-12-23,Fashion Frames,43.11,USD,43.11,US,Social Media,0,2
3032,1779,2025-03-22,Fashion Frames,61.84,USD,61.84,US,Social Media,0,3
3033,1779,2025-08-09,Basic Frames,12.72,USD,12.72,US,Social Media,0,4
3034,1780,2025-01-13,Fashion Frames,55.91,USD,55.91,US,Influencer,35,1
3035,1780,2025-05-09,Fashion Frames,59.62,USD,59.62,US,Influencer,0,2
3036,1781,2024-11-22,Fashion Frames,66.64,USD,66.64,US,Social Media,25,1
3037,1784,2025-04-08,Basic Frames,10.02,USD,10.02,US,Google Search,30,1
3038,1785,2024-08-01,Premium Frames,141.89,USD,141.89,US,Social Media,25,1
3039,1785,2025-01-10,Ray-Ban,225.36,USD,225.36,US,Social Media,0,2
3040,1786,2024-01-17,Fashion Frames,8464.0,JPY,56.43,Japan,Google Search,30,1
3041,1786,2024-04-17,Basic Frames,1545.0,JPY,10.3,Japan,Google Search,0,2
3042,1787,2023-04-04,Fashion Frames,56.75,USD,56.75,US,Google Search,30,1
3043,1787,2024-01-20,Basic Frames,17.6,USD,17.6,US,Google Search,0,2
3044,1787,2024-04-25,Fashion Frames,77.83,USD,77.83,US,Google Search,0,3
3045,1787,2024-06-02,Fashion Frames,54.21,USD,54.21,US,Google Search,0,4
3046,1788,2025-03-21,Basic Frames,21.31,USD,21.31,US,Google Search,30,1
3047,1788,2025-04-20,Basic Frames,24.97,USD,24.97,US,Google Search,0,2
3048,1789,2024-02-11,Fashion Frames,41.15,USD,41.15,US,Direct,5,1
3049,1791,2023-09-30,Basic Frames,11.63,USD,11.63,US,Social Media,25,1
3050,1791,2023-10-30,Ray-Ban,172.64,USD,172.64,US,Social Media,0,2
3051,1791,2023-12-25,Fashion Frames,51.83,USD,51.83,US,Social Media,0,3
3052,1792,2024-07-04,Premium Frames,91.85,USD,91.85,US,Google Search,30,1
3053,1794,2024-04-10,Basic Frames,8.03,USD,8.03,US,Social Media,25,1
3054,1794,2024-06-07,Basic Frames,24.04,USD,24.04,US,Social Media,0,2
3055,1794,2024-08-24,Fashion Frames,45.46,USD,45.46,US,Social Media,0,3
3056,1794,2024-11-18,Basic Frames,18.45,USD,18.45,US,Social Media,0,4
3057,1795,2024-01-13,Basic Frames,6.99,USD,6.99,US,Google Search,30,1
3058,1795,2024-02-12,Ray-Ban,201.71,USD,201.71,US,Google Search,0,2
3059,1796,2024-11-19,Basic Frames,16.83,USD,16.83,US,Google Search,30,1
3060,1796,2025-03-22,Basic Frames,16.38,USD,16.38,US,Google Search,0,2
3061,1796,2025-04-29,Basic Frames,14.82,USD,14.82,US,Google Search,0,3
3062,1797,2025-02-22,Basic Frames,12.55,USD,12.55,US,Google Search,30,1
3063,1797,2025-03-24,Fashion Frames,32.21,USD,32.21,US,Google Search,0,2
3064,1797,2025-05-18,Fashion Frames,52.64,USD,52.64,US,Google Search,0,3
3065,1797,2025-06-17,Basic Frames,12.37,USD,12.37,US,Google Search,0,4
3066,1798,2024-11-27,Basic Frames,27.64,USD,27.64,US,Google Search,30,1
3067,1798,2024-12-30,Basic Frames,13.07,USD,13.07,US,Google Search,0,2
3068,1798,2025-06-02,Premium Frames,115.62,USD,115.62,US,Google Search,0,3
3069,1799,2023-09-26,Ray-Ban,158.74,USD,158.74,US,Social Media,25,1
3070,1799,2024-01-25,Basic Frames,12.63,USD,12.63,US,Social Media,0,2
3071,1800,2024-08-29,Fashion Frames,36.81,USD,36.81,US,Social Media,25,1
3072,1800,2024-09-28,Fashion Frames,48.65,USD,48.65,US,Social Media,0,2
3073,1800,2025-01-01,Basic Frames,19.1,USD,19.1,US,Social Media,0,3
3074,1800,2025-05-05,Fashion Frames,47.35,USD,47.35,US,Social Media,0,4
3075,1801,2024-02-01,Basic Frames,12.0,USD,12.0,US,Direct,5,1
3076,1805,2023-04-21,Basic Frames,20.5,USD,20.5,US,Google Search,30,1
3077,1806,2024-12-03,Basic Frames,26.52,USD,26.52,US,Social Media,25,1
3078,1806,2025-01-11,Basic Frames,23.19,USD,23.19,US,Social Media,0,2
3079,1806,2025-02-10,Basic Frames,19.04,USD,19.04,US,Social Media,0,3
3080,1807,2023-09-09,Basic Frames,24.48,USD,24.48,US,Social Media,25,1
3081,1808,2024-05-01,Basic Frames,20.76,AUD,14.32,Australia,Google Search,30,1
3082,1808,2025-02-10,Fashion Frames,115.78,AUD,79.85,Australia,Google Search,0,2
3083,1812,2024-07-29,Premium Frames,126.13,USD,126.13,US,Influencer,35,1
3084,1812,2025-03-24,Fashion Frames,79.47,USD,79.47,US,Influencer,0,2
3085,1815,2024-09-27,Ray-Ban,222.61,USD,222.61,US,Google Search,30,1
3086,1816,2023-08-17,Basic Frames,11.61,USD,11.61,US,Direct,5,1
3087,1817,2024-10-26,Premium Frames,119.13,USD,119.13,US,Direct,5,1
3088,1817,2025-03-17,Basic Frames,17.25,USD,17.25,US,Direct,0,2
3089,1817,2025-05-02,Basic Frames,25.55,USD,25.55,US,Direct,0,3
3090,1817,2025-06-01,Fashion Frames,47.69,USD,47.69,US,Direct,0,4
3091,1818,2023-03-07,Premium Frames,139.36,USD,139.36,US,Social Media,25,1
3092,1818,2023-06-18,Basic Frames,16.29,USD,16.29,US,Social Media,0,2
3093,1818,2023-10-21,Fashion Frames,77.15,USD,77.15,US,Social Media,0,3
3094,1818,2024-05-08,Ray-Ban,192.35,USD,192.35,US,Social Media,0,4
3095,1819,2024-10-17,Premium Frames,139.85,USD,139.85,US,Influencer,35,1
3096,1819,2025-01-07,Fashion Frames,32.48,USD,32.48,US,Influencer,0,2
3097,1820,2025-05-01,Premium Frames,141.29,USD,141.29,US,Social Media,25,1
3098,1821,2024-04-30,Basic Frames,23.71,USD,23.71,US,Social Media,25,1
3099,1821,2024-06-01,Basic Frames,18.0,USD,18.0,US,Social Media,0,2
3100,1821,2024-07-16,Basic Frames,21.81,USD,21.81,US,Social Media,0,3
3101,1822,2025-07-20,Fashion Frames,42.05,USD,42.05,US,Email Marketing,10,1
3102,1823,2024-12-18,Fashion Frames,57.7,EUR,67.88,France,Social Media,25,1
3103,1823,2025-04-22,Premium Frames,113.59,EUR,133.64,France,Social Media,0,2
3104,1823,2025-08-14,Basic Frames,19.18,EUR,22.57,France,Social Media,0,3
3105,1824,2023-11-07,Basic Frames,20.09,USD,20.09,US,Social Media,25,1
3106,1824,2023-12-10,Fashion Frames,58.81,USD,58.81,US,Social Media,0,2
3107,1824,2024-09-19,Premium Frames,83.22,USD,83.22,US,Social Media,0,3
3108,1824,2025-02-18,Basic Frames,9.34,USD,9.34,US,Social Media,0,4
3109,1827,2023-05-11,Ray-Ban,230.12,USD,230.12,US,Email Marketing,10,1
3110,1827,2023-07-02,Fashion Frames,75.77,USD,75.77,US,Email Marketing,0,2
3111,1828,2023-05-25,Fashion Frames,50.15,USD,50.15,US,Direct,5,1
3112,1828,2023-10-21,Fashion Frames,49.68,USD,49.68,US,Direct,0,2
3113,1830,2023-02-09,Premium Frames,107.66,USD,107.66,US,Email Marketing,10,1
3114,1830,2023-08-23,Fashion Frames,54.26,USD,54.26,US,Email Marketing,0,2
3115,1830,2023-10-31,Basic Frames,13.89,USD,13.89,US,Email Marketing,0,3
3116,1830,2023-12-17,Fashion Frames,78.13,USD,78.13,US,Email Marketing,0,4
3117,1830,2024-03-05,Ray-Ban,214.26,USD,214.26,US,Email Marketing,0,5
3118,1830,2024-04-04,Fashion Frames,45.93,USD,45.93,US,Email Marketing,0,6
3119,1830,2024-05-29,Oakley,133.71,USD,133.71,US,Email Marketing,0,7
3120,1830,2025-01-21,Fashion Frames,64.07,USD,64.07,US,Email Marketing,0,8
3121,1831,2023-11-09,Fashion Frames,71.5,USD,71.5,US,Influencer,35,1
3122,1831,2024-10-06,Premium Frames,122.63,USD,122.63,US,Influencer,0,2
3123,1831,2024-11-13,Basic Frames,6.64,USD,6.64,US,Influencer,0,3
3124,1832,2024-05-19,Fashion Frames,75.66,USD,75.66,US,Social Media,25,1
3125,1833,2023-05-01,Basic Frames,15.86,AUD,10.94,Australia,Social Media,25,1
3126,1833,2023-05-31,Basic Frames,18.84,AUD,12.99,Australia,Social Media,0,2
3127,1834,2023-04-11,Premium Frames,112.37,USD,112.37,US,Email Marketing,10,1
3128,1834,2023-05-11,Basic Frames,14.85,USD,14.85,US,Email Marketing,0,2
3129,1834,2023-06-10,Basic Frames,6.27,USD,6.27,US,Email Marketing,0,3
3130,1834,2023-09-14,Oakley,146.14,USD,146.14,US,Email Marketing,0,4
3131,1836,2025-07-04,Fashion Frames,79.49,USD,79.49,US,Direct,5,1
3132,1836,2025-08-03,Basic Frames,9.1,USD,9.1,US,Direct,0,2
3133,1837,2024-07-07,Ray-Ban,224.57,USD,224.57,US,Direct,5,1
3134,1837,2024-08-16,Fashion Frames,50.06,USD,50.06,US,Direct,0,2
3135,1837,2024-09-15,Fashion Frames,75.28,USD,75.28,US,Direct,0,3
3136,1837,2025-05-06,Basic Frames,10.96,USD,10.96,US,Direct,0,4
3137,1839,2024-02-11,Basic Frames,25.63,USD,25.63,US,Direct,5,1
3138,1839,2024-03-12,Fashion Frames,63.57,USD,63.57,US,Direct,0,2
3139,1840,2024-04-25,Fashion Frames,59.18,USD,59.18,US,Social Media,25,1
3140,1840,2024-06-02,Fashion Frames,46.21,USD,46.21,US,Social Media,0,2
3141,1841,2024-01-17,Fashion Frames,66.12,USD,66.12,US,Email Marketing,10,1
3142,1842,2024-11-23,Basic Frames,10.84,USD,10.84,US,Direct,5,1
3143,1842,2025-01-28,Basic Frames,29.79,USD,29.79,US,Direct,0,2
3144,1842,2025-05-28,Fashion Frames,52.84,USD,52.84,US,Direct,0,3
3145,1844,2024-12-14,Fashion Frames,43.1,USD,43.1,US,Email Marketing,10,1
3146,1845,2024-07-14,Ray-Ban,207.35,USD,207.35,US,Social Media,25,1
3147,1845,2024-10-12,Premium Frames,114.88,USD,114.88,US,Social Media,0,2
3148,1846,2024-03-07,Ray-Ban,154.87,USD,154.87,US,Social Media,25,1
3149,1846,2024-07-03,Basic Frames,8.19,USD,8.19,US,Social Media,0,2
3150,1846,2025-01-07,Basic Frames,21.51,USD,21.51,US,Social Media,0,3
3151,1846,2025-02-06,Fashion Frames,76.03,USD,76.03,US,Social Media,0,4
3152,1846,2025-05-17,Premium Frames,104.93,USD,104.93,US,Social Media,0,5
3153,1849,2025-01-17,Premium Frames,137.82,USD,137.82,US,Social Media,25,1
3154,1849,2025-02-16,Premium Frames,139.64,USD,139.64,US,Social Media,0,2
3155,1849,2025-03-27,Basic Frames,15.96,USD,15.96,US,Social Media,0,3
3156,1849,2025-04-26,Fashion Frames,39.8,USD,39.8,US,Social Media,0,4
3157,1850,2023-06-12,Fashion Frames,52.17,USD,52.17,US,Email Marketing,10,1
3158,1850,2024-05-30,Basic Frames,15.23,USD,15.23,US,Email Marketing,0,2
3159,1850,2024-06-29,Basic Frames,21.82,USD,21.82,US,Email Marketing,0,3
3160,1851,2025-07-04,Ray-Ban,160.46,USD,160.46,US,Social Media,25,1
3161,1852,2024-03-01,Basic Frames,7.05,USD,7.05,US,Direct,5,1
3162,1852,2024-04-22,Ray-Ban,238.67,USD,238.67,US,Direct,0,2
3163,1852,2025-04-22,Premium Frames,91.9,USD,91.9,US,Direct,0,3
3164,1852,2025-07-10,Basic Frames,27.18,USD,27.18,US,Direct,0,4
3165,1853,2024-11-09,Fashion Frames,63.67,USD,63.67,US,Google Search,30,1
3166,1853,2025-04-08,Fashion Frames,34.27,USD,34.27,US,Google Search,0,2
3167,1853,2025-05-08,Basic Frames,23.44,USD,23.44,US,Google Search,0,3
3168,1853,2025-06-07,Basic Frames,27.65,USD,27.65,US,Google Search,0,4
3169,1855,2025-05-09,Fashion Frames,68.33,USD,68.33,US,Google Search,30,1
3170,1855,2025-06-26,Fashion Frames,36.94,USD,36.94,US,Google Search,0,2
3171,1856,2024-05-18,Basic Frames,24.13,USD,24.13,US,Email Marketing,10,1
3172,1856,2024-08-20,Basic Frames,18.11,USD,18.11,US,Email Marketing,0,2
3173,1858,2024-02-22,Fashion Frames,39.08,USD,39.08,US,Direct,5,1
3174,1859,2023-10-24,Fashion Frames,33.19,USD,33.19,US,Social Media,25,1
3175,1859,2023-11-23,Basic Frames,6.64,USD,6.64,US,Social Media,0,2
3176,1859,2023-12-23,Oakley,171.11,USD,171.11,US,Social Media,0,3
3177,1859,2024-01-23,Fashion Frames,64.11,USD,64.11,US,Social Media,0,4
3178,1859,2024-03-03,Fashion Frames,53.63,USD,53.63,US,Social Media,0,5
3179,1860,2023-02-18,Premium Frames,108.55,USD,108.55,US,Social Media,25,1
3180,1860,2023-07-04,Basic Frames,10.67,USD,10.67,US,Social Media,0,2
3181,1861,2024-12-08,Fashion Frames,43.28,USD,43.28,US,Google Search,30,1
3182,1861,2025-01-15,Basic Frames,23.02,USD,23.02,US,Google Search,0,2
3183,1862,2024-01-20,Basic Frames,22.09,USD,22.09,US,Google Search,30,1
3184,1862,2024-06-27,Basic Frames,17.14,USD,17.14,US,Google Search,0,2
3185,1863,2023-08-11,Premium Frames,86.7,USD,86.7,US,Influencer,35,1
3186,1863,2023-09-27,Fashion Frames,63.19,USD,63.19,US,Influencer,0,2
3187,1863,2024-09-14,Fashion Frames,65.97,USD,65.97,US,Influencer,0,3
3188,1864,2024-04-02,Premium Frames,113.48,USD,113.48,US,Google Search,30,1
3189,1864,2024-08-30,Basic Frames,12.7,USD,12.7,US,Google Search,0,2
3190,1864,2024-12-17,Fashion Frames,38.91,USD,38.91,US,Google Search,0,3
3191,1864,2025-01-16,Premium Frames,138.86,USD,138.86,US,Google Search,0,4
3192,1865,2024-04-02,Fashion Frames,39.68,USD,39.68,US,Social Media,25,1
3193,1865,2025-04-02,Fashion Frames,37.08,USD,37.08,US,Social Media,0,2
3194,1867,2025-05-25,Basic Frames,22.11,USD,22.11,US,Direct,5,1
3195,1867,2025-06-24,Fashion Frames,31.55,USD,31.55,US,Direct,0,2
3196,1868,2024-01-24,Fashion Frames,52.59,USD,52.59,US,Direct,5,1
3197,1868,2024-02-23,Ray-Ban,168.62,USD,168.62,US,Direct,0,2
3198,1868,2024-04-07,Fashion Frames,66.01,USD,66.01,US,Direct,0,3
3199,1870,2024-12-03,Fashion Frames,52.66,USD,52.66,US,Social Media,25,1
3200,1870,2025-01-04,Basic Frames,7.15,USD,7.15,US,Social Media,0,2
3201,1870,2025-03-28,Premium Frames,124.8,USD,124.8,US,Social Media,0,3
3202,1871,2024-01-18,Ray-Ban,216.59,USD,216.59,US,Influencer,35,1
3203,1871,2024-08-25,Basic Frames,21.84,USD,21.84,US,Influencer,0,2
3204,1871,2024-10-10,Basic Frames,8.47,USD,8.47,US,Influencer,0,3
3205,1872,2024-07-12,Basic Frames,16.66,USD,16.66,US,Google Search,30,1
3206,1872,2024-09-13,Premium Frames,122.28,USD,122.28,US,Google Search,0,2
3207,1872,2025-06-19,Basic Frames,7.17,USD,7.17,US,Google Search,0,3
3208,1872,2025-07-19,Fashion Frames,49.49,USD,49.49,US,Google Search,0,4
3209,1873,2025-07-16,Oakley,139.98,USD,139.98,US,Direct,5,1
3210,1873,2025-08-15,Fashion Frames,75.53,USD,75.53,US,Direct,0,2
3211,1874,2024-10-27,Basic Frames,6.38,USD,6.38,US,Social Media,25,1
3212,1874,2025-05-02,Basic Frames,6.67,USD,6.67,US,Social Media,0,2
3213,1875,2024-01-04,Oakley,185.64,USD,185.64,US,Influencer,35,1
3214,1876,2023-03-04,Basic Frames,7.52,USD,7.52,US,Social Media,25,1
3215,1878,2023-10-15,Basic Frames,26.05,USD,26.05,US,Social Media,25,1
3216,1879,2023-07-20,Basic Frames,23.38,USD,23.38,US,Social Media,25,1
3217,1879,2023-09-19,Basic Frames,7.06,USD,7.06,US,Social Media,0,2
3218,1880,2023-05-07,Basic Frames,25.57,USD,25.57,US,Email Marketing,10,1
3219,1880,2023-06-06,Fashion Frames,46.81,USD,46.81,US,Email Marketing,0,2
3220,1880,2023-08-19,Basic Frames,21.04,USD,21.04,US,Email Marketing,0,3
3221,1881,2025-05-28,Basic Frames,28.42,USD,28.42,US,Google Search,30,1
3222,1882,2025-04-25,Oakley,154.23,USD,154.23,US,Google Search,30,1
3223,1883,2024-04-11,Oakley,128.47,USD,128.47,US,Influencer,35,1
3224,1883,2024-06-22,Basic Frames,13.76,USD,13.76,US,Influencer,0,2
3225,1883,2024-07-22,Basic Frames,6.36,USD,6.36,US,Influencer,0,3
3226,1883,2024-10-15,Basic Frames,21.7,USD,21.7,US,Influencer,0,4
3227,1884,2023-04-04,Premium Frames,95.68,USD,95.68,US,Social Media,25,1
3228,1884,2023-05-04,Premium Frames,96.19,USD,96.19,US,Social Media,0,2
3229,1885,2024-11-17,Premium Frames,100.21,USD,100.21,US,Social Media,25,1
3230,1885,2024-12-27,Basic Frames,20.97,USD,20.97,US,Social Media,0,2
3231,1886,2023-08-12,Fashion Frames,74.39,USD,74.39,US,Email Marketing,10,1
3232,1886,2023-09-11,Fashion Frames,51.14,USD,51.14,US,Email Marketing,0,2
3233,1886,2023-11-20,Basic Frames,24.42,USD,24.42,US,Email Marketing,0,3
3234,1887,2024-11-10,Fashion Frames,79.53,USD,79.53,US,Social Media,25,1
3235,1887,2024-12-10,Premium Frames,130.16,USD,130.16,US,Social Media,0,2
3236,1890,2023-01-31,Fashion Frames,43.35,USD,43.35,US,Email Marketing,10,1
3237,1890,2023-05-07,Basic Frames,8.27,USD,8.27,US,Email Marketing,0,2
3238,1891,2023-02-23,Fashion Frames,61.91,USD,61.91,US,Google Search,30,1
3239,1891,2023-09-24,Basic Frames,15.33,USD,15.33,US,Google Search,0,2
3240,1894,2023-09-15,Premium Frames,93.1,USD,93.1,US,Social Media,25,1
3241,1894,2023-10-15,Fashion Frames,68.32,USD,68.32,US,Social Media,0,2
3242,1894,2024-01-29,Basic Frames,22.5,USD,22.5,US,Social Media,0,3
3243,1894,2024-07-13,Fashion Frames,78.92,USD,78.92,US,Social Media,0,4
3244,1895,2023-05-18,Oakley,125.4,USD,125.4,US,Direct,5,1
3245,1895,2023-07-14,Basic Frames,6.42,USD,6.42,US,Direct,0,2
3246,1895,2024-07-13,Fashion Frames,75.69,USD,75.69,US,Direct,0,3
3247,1896,2025-03-17,Premium Frames,116.26,USD,116.26,US,Email Marketing,10,1
3248,1898,2023-08-05,Fashion Frames,65.53,USD,65.53,US,Direct,5,1
3249,1898,2023-12-25,Basic Frames,6.32,USD,6.32,US,Direct,0,2
3250,1899,2023-03-18,Fashion Frames,68.19,USD,68.19,US,Influencer,35,1
3251,1900,2025-04-29,Basic Frames,11.67,USD,11.67,US,Social Media,25,1
3252,1901,2025-02-23,Basic Frames,11.85,USD,11.85,US,Social Media,25,1
3253,1901,2025-03-25,Basic Frames,7.91,USD,7.91,US,Social Media,0,2
3254,1902,2024-07-27,Fashion Frames,55.44,USD,55.44,US,Email Marketing,10,1
3255,1902,2024-10-12,Basic Frames,10.85,USD,10.85,US,Email Marketing,0,2
3256,1902,2024-12-23,Basic Frames,15.02,USD,15.02,US,Email Marketing,0,3
3257,1902,2025-01-30,Basic Frames,21.41,USD,21.41,US,Email Marketing,0,4
3258,1903,2023-08-27,Ray-Ban,222.81,USD,222.81,US,Google Search,30,1
3259,1903,2023-12-07,Oakley,199.08,USD,199.08,US,Google Search,0,2
3260,1904,2024-08-31,Basic Frames,27.06,USD,27.06,US,Direct,5,1
3261,1904,2024-10-19,Basic Frames,9.22,USD,9.22,US,Direct,0,2
3262,1904,2024-11-21,Basic Frames,13.62,USD,13.62,US,Direct,0,3
3263,1904,2025-08-03,Basic Frames,24.89,USD,24.89,US,Direct,0,4
3264,1905,2023-09-09,Basic Frames,25.0,USD,25.0,US,Google Search,30,1
3265,1906,2025-04-17,Basic Frames,25.51,USD,25.51,US,Influencer,35,1
3266,1908,2023-09-13,Basic Frames,23.59,USD,23.59,US,Social Media,25,1
3267,1908,2023-10-15,Premium Frames,104.65,USD,104.65,US,Social Media,0,2
3268,1909,2023-12-07,Basic Frames,7.3,USD,7.3,US,Email Marketing,10,1
3269,1909,2024-01-06,Basic Frames,28.02,USD,28.02,US,Email Marketing,0,2
3270,1909,2024-04-19,Premium Frames,149.2,USD,149.2,US,Email Marketing,0,3
3271,1909,2024-06-12,Basic Frames,25.23,USD,25.23,US,Email Marketing,0,4
3272,1910,2025-03-06,Fashion Frames,41.9,USD,41.9,US,Email Marketing,10,1
3273,1910,2025-04-05,Basic Frames,26.94,USD,26.94,US,Email Marketing,0,2
3274,1910,2025-06-10,Premium Frames,116.98,USD,116.98,US,Email Marketing,0,3
3275,1911,2023-06-04,Fashion Frames,61.86,USD,61.86,US,Social Media,25,1
3276,1911,2023-12-21,Premium Frames,85.46,USD,85.46,US,Social Media,0,2
3277,1912,2025-03-27,Basic Frames,28.89,USD,28.89,US,Direct,5,1
3278,1912,2025-04-26,Fashion Frames,33.55,USD,33.55,US,Direct,0,2
3279,1912,2025-05-26,Fashion Frames,79.61,USD,79.61,US,Direct,0,3
3280,1914,2024-09-08,Basic Frames,10.17,USD,10.17,US,Social Media,25,1
3281,1915,2023-01-03,Premium Frames,135.87,USD,135.87,US,Social Media,25,1
3282,1915,2023-02-02,Fashion Frames,41.01,USD,41.01,US,Social Media,0,2
3283,1916,2023-10-20,Fashion Frames,51.89,USD,51.89,US,Direct,5,1
3284,1916,2024-04-08,Fashion Frames,53.89,USD,53.89,US,Direct,0,2
3285,1916,2024-05-08,Fashion Frames,39.04,USD,39.04,US,Direct,0,3
3286,1917,2025-05-29,Ray-Ban,192.98,USD,192.98,US,Social Media,25,1
3287,1917,2025-06-28,Basic Frames,20.54,USD,20.54,US,Social Media,0,2
3288,1918,2023-06-02,Fashion Frames,44.43,GBP,59.24,UK,Social Media,25,1
3289,1918,2023-08-13,Ray-Ban,185.1,GBP,246.8,UK,Social Media,0,2
3290,1919,2023-05-17,Fashion Frames,73.26,USD,73.26,US,Direct,5,1
3291,1919,2023-06-16,Fashion Frames,54.58,USD,54.58,US,Direct,0,2
3292,1921,2023-09-19,Fashion Frames,49.51,USD,49.51,US,Direct,5,1
3293,1922,2025-03-28,Basic Frames,16.14,USD,16.14,US,Social Media,25,1
3294,1922,2025-04-27,Basic Frames,20.63,USD,20.63,US,Social Media,0,2
3295,1923,2023-06-29,Basic Frames,9.74,USD,9.74,US,Google Search,30,1
3296,1923,2023-07-31,Fashion Frames,77.73,USD,77.73,US,Google Search,0,2
3297,1923,2023-09-10,Fashion Frames,54.62,USD,54.62,US,Google Search,0,3
3298,1923,2024-01-20,Premium Frames,133.57,USD,133.57,US,Google Search,0,4
3299,1924,2023-04-28,Basic Frames,8.0,USD,8.0,US,Google Search,30,1
3300,1924,2023-05-28,Fashion Frames,75.42,USD,75.42,US,Google Search,0,2
3301,1925,2024-11-07,Fashion Frames,57.32,USD,57.32,US,Google Search,30,1
3302,1925,2025-02-14,Fashion Frames,58.09,USD,58.09,US,Google Search,0,2
3303,1925,2025-05-07,Fashion Frames,39.61,USD,39.61,US,Google Search,0,3
3304,1925,2025-07-01,Basic Frames,15.13,USD,15.13,US,Google Search,0,4
3305,1926,2025-06-07,Premium Frames,100.54,USD,100.54,US,Google Search,30,1
3306,1927,2023-01-28,Fashion Frames,79.11,AUD,54.56,Australia,Social Media,25,1
3307,1927,2023-03-23,Fashion Frames,68.63,AUD,47.33,Australia,Social Media,0,2
3308,1927,2023-06-13,Fashion Frames,95.74,AUD,66.03,Australia,Social Media,0,3
3309,1927,2023-07-13,Basic Frames,15.51,AUD,10.7,Australia,Social Media,0,4
3310,1929,2023-02-13,Premium Frames,140.45,USD,140.45,US,Google Search,30,1
3311,1929,2023-04-17,Fashion Frames,66.79,USD,66.79,US,Google Search,0,2
3312,1929,2023-05-17,Basic Frames,14.98,USD,14.98,US,Google Search,0,3
3313,1930,2024-01-13,Basic Frames,15.98,USD,15.98,US,Google Search,30,1
3314,1930,2024-08-06,Fashion Frames,50.34,USD,50.34,US,Google Search,0,2
3315,1930,2024-09-30,Basic Frames,23.81,USD,23.81,US,Google Search,0,3
3316,1931,2025-03-26,Fashion Frames,46.08,USD,46.08,US,Google Search,30,1
3317,1931,2025-07-28,Basic Frames,29.7,USD,29.7,US,Google Search,0,2
3318,1932,2025-03-18,Fashion Frames,74.36,USD,74.36,US,Google Search,30,1
3319,1934,2024-08-27,Premium Frames,145.32,USD,145.32,US,Google Search,30,1
3320,1935,2023-12-03,Premium Frames,133.64,USD,133.64,US,Social Media,25,1
3321,1935,2024-01-10,Premium Frames,147.04,USD,147.04,US,Social Media,0,2
3322,1935,2024-02-11,Basic Frames,24.51,USD,24.51,US,Social Media,0,3
3323,1937,2023-07-09,Fashion Frames,65.75,USD,65.75,US,Social Media,25,1
3324,1937,2023-09-25,Premium Frames,124.81,USD,124.81,US,Social Media,0,2
3325,1938,2023-10-06,Fashion Frames,33.83,USD,33.83,US,Social Media,25,1
3326,1938,2024-07-07,Basic Frames,15.25,USD,15.25,US,Social Media,0,2
3327,1939,2023-02-24,Premium Frames,98.03,USD,98.03,US,Direct,5,1
3328,1939,2023-08-09,Basic Frames,17.47,USD,17.47,US,Direct,0,2
3329,1939,2024-03-07,Basic Frames,28.12,USD,28.12,US,Direct,0,3
3330,1940,2023-05-22,Fashion Frames,65.62,USD,65.62,US,Direct,5,1
3331,1940,2023-11-11,Basic Frames,6.68,USD,6.68,US,Direct,0,2
3332,1940,2024-02-25,Fashion Frames,63.62,USD,63.62,US,Direct,0,3
3333,1940,2024-06-16,Fashion Frames,38.25,USD,38.25,US,Direct,0,4
3334,1940,2025-04-12,Premium Frames,122.78,USD,122.78,US,Direct,0,5
3335,1942,2024-03-13,Premium Frames,98.07,USD,98.07,US,Direct,5,1
3336,1942,2024-04-12,Premium Frames,120.91,USD,120.91,US,Direct,0,2
3337,1943,2024-07-16,Basic Frames,9.87,USD,9.87,US,Email Marketing,10,1
3338,1943,2024-10-27,Basic Frames,8.8,USD,8.8,US,Email Marketing,0,2
3339,1943,2024-11-26,Premium Frames,87.37,USD,87.37,US,Email Marketing,0,3
3340,1944,2023-05-18,Basic Frames,15.22,USD,15.22,US,Influencer,35,1
3341,1944,2023-08-18,Basic Frames,22.95,USD,22.95,US,Influencer,0,2
3342,1944,2023-10-21,Fashion Frames,78.73,USD,78.73,US,Influencer,0,3
3343,1944,2024-02-28,Basic Frames,7.93,USD,7.93,US,Influencer,0,4
3344,1947,2024-05-04,Basic Frames,16.24,USD,16.24,US,Influencer,35,1
3345,1947,2024-06-03,Basic Frames,22.6,USD,22.6,US,Influencer,0,2
3346,1947,2024-09-04,Basic Frames,18.02,USD,18.02,US,Influencer,0,3
3347,1948,2024-04-16,Basic Frames,27.28,USD,27.28,US,Direct,5,1
3348,1948,2024-05-16,Fashion Frames,59.72,USD,59.72,US,Direct,0,2
3349,1948,2024-06-15,Premium Frames,131.64,USD,131.64,US,Direct,0,3
3350,1948,2024-12-12,Premium Frames,132.92,USD,132.92,US,Direct,0,4
3351,1948,2025-07-03,Basic Frames,28.18,USD,28.18,US,Direct,0,5
3352,1950,2024-01-14,Oakley,165.81,USD,165.81,US,Google Search,30,1
3353,1950,2024-02-13,Basic Frames,25.14,USD,25.14,US,Google Search,0,2
3354,1950,2024-03-14,Fashion Frames,70.9,USD,70.9,US,Google Search,0,3
3355,1951,2024-06-17,Basic Frames,11.03,USD,11.03,US,Social Media,25,1
3356,1951,2024-08-08,Premium Frames,132.63,USD,132.63,US,Social Media,0,2
3357,1951,2025-02-05,Basic Frames,22.78,USD,22.78,US,Social Media,0,3
3358,1952,2024-09-02,Basic Frames,10.04,USD,10.04,US,Social Media,25,1
3359,1953,2023-04-25,Fashion Frames,35.75,USD,35.75,US,Influencer,35,1
3360,1953,2023-08-19,Premium Frames,134.39,USD,134.39,US,Influencer,0,2
3361,1953,2023-09-18,Basic Frames,16.03,USD,16.03,US,Influencer,0,3
3362,1954,2024-04-07,Fashion Frames,38.36,EUR,45.13,France,Email Marketing,10,1
3363,1954,2024-05-19,Oakley,131.31,EUR,154.48,France,Email Marketing,0,2
3364,1955,2024-05-31,Fashion Frames,40.13,USD,40.13,US,Google Search,30,1
3365,1955,2024-08-18,Fashion Frames,37.58,USD,37.58,US,Google Search,0,2
3366,1956,2023-08-16,Basic Frames,18.06,USD,18.06,US,Direct,5,1
3367,1956,2023-10-03,Fashion Frames,36.4,USD,36.4,US,Direct,0,2
3368,1956,2023-11-02,Ray-Ban,207.14,USD,207.14,US,Direct,0,3
3369,1956,2023-12-02,Basic Frames,11.1,USD,11.1,US,Direct,0,4
3370,1957,2024-10-03,Fashion Frames,67.75,USD,67.75,US,Google Search,30,1
3371,1959,2025-01-23,Premium Frames,22323.0,JPY,148.82,Japan,Social Media,25,1
3372,1959,2025-05-18,Fashion Frames,11056.0,JPY,73.71,Japan,Social Media,0,2
3373,1960,2025-03-28,Fashion Frames,75.74,USD,75.74,US,Email Marketing,10,1
3374,1961,2025-07-20,Oakley,170.91,USD,170.91,US,Email Marketing,10,1
3375,1962,2025-06-15,Ray-Ban,159.48,USD,159.48,US,Email Marketing,10,1
3376,1962,2025-08-14,Fashion Frames,37.11,USD,37.11,US,Email Marketing,0,2
3377,1963,2024-11-17,Premium Frames,83.05,USD,83.05,US,Social Media,25,1
3378,1963,2025-04-30,Basic Frames,11.63,USD,11.63,US,Social Media,0,2
3379,1964,2024-07-04,Basic Frames,24.25,USD,24.25,US,Google Search,30,1
3380,1964,2024-10-15,Basic Frames,6.23,USD,6.23,US,Google Search,0,2
3381,1965,2023-11-06,Premium Frames,146.91,USD,146.91,US,Google Search,30,1
3382,1965,2023-12-31,Basic Frames,21.97,USD,21.97,US,Google Search,0,2
3383,1965,2024-03-23,Fashion Frames,69.67,USD,69.67,US,Google Search,0,3
3384,1966,2024-04-16,Premium Frames,95.56,USD,95.56,US,Influencer,35,1
3385,1968,2023-02-03,Fashion Frames,56.48,USD,56.48,US,Social Media,25,1
3386,1970,2024-05-22,Basic Frames,17.66,USD,17.66,US,Influencer,35,1
3387,1970,2024-06-23,Fashion Frames,68.09,USD,68.09,US,Influencer,0,2
3388,1970,2024-10-03,Basic Frames,20.5,USD,20.5,US,Influencer,0,3
3389,1971,2025-05-25,Fashion Frames,64.41,USD,64.41,US,Google Search,30,1
3390,1971,2025-08-02,Basic Frames,14.23,USD,14.23,US,Google Search,0,2
3391,1972,2024-02-18,Basic Frames,11.75,USD,11.75,US,Social Media,25,1
3392,1972,2024-05-23,Premium Frames,105.92,USD,105.92,US,Social Media,0,2
3393,1973,2024-03-20,Fashion Frames,60.93,USD,60.93,US,Google Search,30,1
3394,1973,2024-06-12,Fashion Frames,78.79,USD,78.79,US,Google Search,0,2
3395,1973,2024-08-21,Fashion Frames,73.78,USD,73.78,US,Google Search,0,3
3396,1973,2024-10-20,Fashion Frames,70.51,USD,70.51,US,Google Search,0,4
3397,1973,2025-06-28,Premium Frames,81.21,USD,81.21,US,Google Search,0,5
3398,1975,2023-05-08,Basic Frames,26.05,USD,26.05,US,Google Search,30,1
3399,1977,2025-01-06,Fashion Frames,37.02,USD,37.02,US,Google Search,30,1
3400,1977,2025-05-22,Fashion Frames,57.0,USD,57.0,US,Google Search,0,2
3401,1977,2025-06-29,Fashion Frames,77.6,USD,77.6,US,Google Search,0,3
3402,1979,2024-04-04,Fashion Frames,53.14,USD,53.14,US,Social Media,25,1
3403,1979,2024-05-17,Fashion Frames,64.62,USD,64.62,US,Social Media,0,2
3404,1981,2025-07-12,Premium Frames,126.56,USD,126.56,US,Email Marketing,10,1
3405,1982,2023-03-24,Fashion Frames,62.27,USD,62.27,US,Influencer,35,1
3406,1982,2023-06-03,Fashion Frames,77.15,USD,77.15,US,Influencer,0,2
3407,1983,2023-12-14,Basic Frames,21.21,USD,21.21,US,Social Media,25,1
3408,1983,2024-01-13,Fashion Frames,73.8,USD,73.8,US,Social Media,0,2
3409,1983,2024-05-06,Basic Frames,29.27,USD,29.27,US,Social Media,0,3
3410,1983,2024-10-05,Fashion Frames,67.05,USD,67.05,US,Social Media,0,4
3411,1983,2024-12-23,Fashion Frames,64.22,USD,64.22,US,Social Media,0,5
3412,1984,2024-09-16,Fashion Frames,54.74,USD,54.74,US,Google Search,30,1
3413,1984,2024-12-31,Fashion Frames,67.22,USD,67.22,US,Google Search,0,2
3414,1986,2023-03-09,Premium Frames,211.41,AUD,145.8,Australia,Google Search,30,1
3415,1986,2023-06-26,Fashion Frames,111.84,AUD,77.13,Australia,Google Search,0,2
3416,1987,2023-05-25,Basic Frames,21.8,USD,21.8,US,Direct,5,1
3417,1987,2023-06-24,Basic Frames,22.79,USD,22.79,US,Direct,0,2
3418,1987,2023-11-23,Fashion Frames,35.92,USD,35.92,US,Direct,0,3
3419,1988,2023-10-30,Basic Frames,20.57,USD,20.57,US,Social Media,25,1
3420,1988,2024-04-20,Fashion Frames,65.89,USD,65.89,US,Social Media,0,2
3421,1988,2024-11-09,Basic Frames,26.88,USD,26.88,US,Social Media,0,3
3422,1988,2024-12-09,Basic Frames,27.03,USD,27.03,US,Social Media,0,4
3423,1988,2025-03-26,Fashion Frames,69.46,USD,69.46,US,Social Media,0,5
3424,1990,2024-10-11,Basic Frames,17.95,USD,17.95,US,Direct,5,1
3425,1991,2024-08-23,Fashion Frames,71.79,USD,71.79,US,Social Media,25,1
3426,1994,2023-12-07,Fashion Frames,74.92,USD,74.92,US,Direct,5,1
3427,1996,2024-09-21,Basic Frames,18.98,USD,18.98,US,Direct,5,1
3428,1996,2024-10-21,Basic Frames,11.84,USD,11.84,US,Direct,0,2
3429,1997,2024-07-05,Fashion Frames,57.95,GBP,77.27,UK,Social Media,25,1
3430,1998,2023-11-23,Premium Frames,88.28,USD,88.28,US,Social Media,25,1
3431,1998,2023-12-23,Fashion Frames,79.67,USD,79.67,US,Social Media,0,2
3432,1999,2024-04-10,Basic Frames,28.3,USD,28.3,US,Influencer,35,1
3433,1999,2024-09-27,Basic Frames,13.84,USD,13.84,US,Influencer,0,2
3434,1999,2024-10-30,Fashion Frames,49.79,USD,49.79,US,Influencer,0,3
3435,2000,2024-06-04,Fashion Frames,66.24,USD,66.24,US,Influencer,35,1
3436,2000,2024-07-04,Fashion Frames,63.63,USD,63.63,US,Influencer,0,2
3437,2000,2024-11-08,Fashion Frames,77.62,USD,77.62,US,Influencer,0,3
3438,2000,2025-02-28,Fashion Frames,63.86,USD,63.86,US,Influencer,0,4
3439,2001,2024-09-21,Fashion Frames,76.21,USD,76.21,US,Social Media,25,1
3440,2001,2024-11-26,Oakley,170.68,USD,170.68,US,Social Media,0,2
3441,2002,2024-03-18,Basic Frames,25.09,USD,25.09,US,Email Marketing,10,1
3442,2003,2023-04-13,Basic Frames,11.37,USD,11.37,US,Direct,5,1
3443,2004,2025-03-28,Basic Frames,23.94,EUR,28.17,France,Social Media,25,1
3444,2004,2025-05-11,Premium Frames,72.64,EUR,85.46,France,Social Media,0,2
3445,2004,2025-07-23,Basic Frames,12.1,EUR,14.24,France,Social Media,0,3
3446,2008,2024-11-05,Basic Frames,24.84,USD,24.84,US,Direct,5,1
3447,2010,2025-06-23,Basic Frames,11.6,USD,11.6,US,Google Search,30,1
3448,2010,2025-07-23,Fashion Frames,43.7,USD,43.7,US,Google Search,0,2
3449,2011,2025-02-27,Basic Frames,8.67,USD,8.67,US,Google Search,30,1
3450,2012,2024-07-22,Premium Frames,121.86,USD,121.86,US,Google Search,30,1
3451,2013,2025-01-09,Ray-Ban,244.26,USD,244.26,US,Social Media,25,1
3452,2013,2025-04-04,Basic Frames,19.75,USD,19.75,US,Social Media,0,2
3453,2013,2025-06-23,Premium Frames,89.79,USD,89.79,US,Social Media,0,3
3454,2014,2025-06-05,Basic Frames,15.12,USD,15.12,US,Social Media,25,1
3455,2016,2024-03-18,Basic Frames,20.16,USD,20.16,US,Google Search,30,1
3456,2017,2024-04-15,Premium Frames,107.78,USD,107.78,US,Social Media,25,1
3457,2017,2024-05-15,Basic Frames,16.17,USD,16.17,US,Social Media,0,2
3458,2021,2023-12-15,Basic Frames,21.93,USD,21.93,US,Google Search,30,1
3459,2021,2024-09-12,Oakley,167.26,USD,167.26,US,Google Search,0,2
3460,2022,2025-05-04,Premium Frames,81.63,USD,81.63,US,Email Marketing,10,1
3461,2024,2024-03-02,Fashion Frames,70.99,USD,70.99,US,Social Media,25,1
3462,2024,2024-07-03,Premium Frames,101.48,USD,101.48,US,Social Media,0,2
3463,2024,2024-09-04,Fashion Frames,41.73,USD,41.73,US,Social Media,0,3
3464,2024,2024-12-02,Basic Frames,22.32,USD,22.32,US,Social Media,0,4
3465,2025,2024-03-05,Ray-Ban,179.06,USD,179.06,US,Direct,5,1
3466,2025,2024-12-07,Fashion Frames,67.61,USD,67.61,US,Direct,0,2
3467,2025,2025-03-23,Basic Frames,26.38,USD,26.38,US,Direct,0,3
3468,2027,2023-04-18,Basic Frames,13.68,USD,13.68,US,Direct,5,1
3469,2028,2023-11-18,Basic Frames,22.53,USD,22.53,US,Google Search,30,1
3470,2028,2023-12-18,Basic Frames,12.56,USD,12.56,US,Google Search,0,2
3471,2028,2024-04-07,Basic Frames,26.34,USD,26.34,US,Google Search,0,3
3472,2028,2024-05-07,Premium Frames,120.6,USD,120.6,US,Google Search,0,4
3473,2029,2024-03-13,Fashion Frames,41.57,USD,41.57,US,Social Media,25,1
3474,2029,2024-07-23,Fashion Frames,45.28,USD,45.28,US,Social Media,0,2
3475,2031,2024-11-16,Premium Frames,136.9,USD,136.9,US,Social Media,25,1
3476,2031,2025-01-03,Basic Frames,9.66,USD,9.66,US,Social Media,0,2
3477,2032,2023-09-27,Fashion Frames,72.56,USD,72.56,US,Social Media,25,1
3478,2032,2024-04-07,Basic Frames,28.43,USD,28.43,US,Social Media,0,2
3479,2033,2024-01-24,Basic Frames,23.66,USD,23.66,US,Google Search,30,1
3480,2038,2023-03-10,Fashion Frames,70.94,USD,70.94,US,Google Search,30,1
3481,2040,2025-05-03,Fashion Frames,32.06,USD,32.06,US,Google Search,30,1
3482,2040,2025-06-02,Basic Frames,15.41,USD,15.41,US,Google Search,0,2
3483,2040,2025-07-02,Fashion Frames,51.7,USD,51.7,US,Google Search,0,3
3484,2040,2025-08-01,Basic Frames,17.36,USD,17.36,US,Google Search,0,4
3485,2041,2023-03-29,Premium Frames,108.0,USD,108.0,US,Direct,5,1
3486,2041,2023-04-28,Fashion Frames,34.52,USD,34.52,US,Direct,0,2
3487,2041,2023-08-12,Ray-Ban,222.95,USD,222.95,US,Direct,0,3
3488,2042,2023-04-09,Fashion Frames,76.23,USD,76.23,US,Direct,5,1
3489,2042,2023-05-09,Fashion Frames,65.35,USD,65.35,US,Direct,0,2
3490,2043,2024-04-02,Fashion Frames,35.77,USD,35.77,US,Social Media,25,1
3491,2043,2024-05-17,Basic Frames,13.76,USD,13.76,US,Social Media,0,2
3492,2043,2024-09-14,Basic Frames,24.99,USD,24.99,US,Social Media,0,3
3493,2045,2025-02-01,Ray-Ban,243.52,USD,243.52,US,Email Marketing,10,1
3494,2046,2025-02-03,Basic Frames,21.71,USD,21.71,US,Google Search,30,1
3495,2047,2024-01-17,Basic Frames,16.61,USD,16.61,US,Social Media,25,1
3496,2047,2024-02-16,Premium Frames,114.29,USD,114.29,US,Social Media,0,2
3497,2047,2024-03-29,Fashion Frames,74.96,USD,74.96,US,Social Media,0,3
3498,2048,2025-04-16,Basic Frames,25.3,USD,25.3,US,Social Media,25,1
3499,2049,2023-05-16,Premium Frames,125.94,USD,125.94,US,Google Search,30,1
3500,2049,2023-06-15,Basic Frames,14.69,USD,14.69,US,Google Search,0,2
3501,2049,2023-10-06,Premium Frames,140.07,USD,140.07,US,Google Search,0,3
3502,2049,2023-11-28,Fashion Frames,36.0,USD,36.0,US,Google Search,0,4
3503,2052,2024-08-29,Premium Frames,148.81,USD,148.81,US,Google Search,30,1
3504,2053,2024-08-05,Fashion Frames,39.24,USD,39.24,US,Social Media,25,1
3505,2054,2024-08-04,Basic Frames,14.53,USD,14.53,US,Social Media,25,1
3506,2055,2023-12-08,Basic Frames,28.68,USD,28.68,US,Email Marketing,10,1
3507,2055,2024-03-13,Basic Frames,8.82,USD,8.82,US,Email Marketing,0,2
3508,2056,2024-11-22,Basic Frames,14.12,USD,14.12,US,Influencer,35,1
3509,2056,2025-03-25,Basic Frames,16.41,USD,16.41,US,Influencer,0,2
3510,2056,2025-05-19,Fashion Frames,38.28,USD,38.28,US,Influencer,0,3
3511,2056,2025-06-18,Fashion Frames,66.4,USD,66.4,US,Influencer,0,4
3512,2057,2023-06-05,Fashion Frames,36.82,USD,36.82,US,Social Media,25,1
3513,2057,2023-07-29,Basic Frames,15.52,USD,15.52,US,Social Media,0,2
3514,2058,2024-02-27,Fashion Frames,60.21,USD,60.21,US,Google Search,30,1
3515,2058,2024-04-20,Basic Frames,10.14,USD,10.14,US,Google Search,0,2
3516,2058,2024-06-14,Premium Frames,132.42,USD,132.42,US,Google Search,0,3
3517,2058,2024-11-21,Basic Frames,24.62,USD,24.62,US,Google Search,0,4
3518,2060,2025-06-13,Basic Frames,8.15,USD,8.15,US,Social Media,25,1
3519,2061,2024-11-18,Fashion Frames,71.09,USD,71.09,US,Google Search,30,1
3520,2062,2025-02-27,Basic Frames,21.18,USD,21.18,US,Social Media,25,1
3521,2062,2025-03-29,Fashion Frames,52.81,USD,52.81,US,Social Media,0,2
3522,2063,2024-03-31,Basic Frames,12.76,AUD,8.8,Australia,Email Marketing,10,1
3523,2063,2024-04-30,Basic Frames,12.95,AUD,8.93,Australia,Email Marketing,0,2
3524,2064,2025-06-16,Premium Frames,143.69,USD,143.69,US,Social Media,25,1
3525,2065,2025-07-29,Basic Frames,20.08,USD,20.08,US,Google Search,30,1
3526,2067,2023-03-02,Ray-Ban,219.68,USD,219.68,US,Social Media,25,1
3527,2067,2024-02-07,Fashion Frames,35.63,USD,35.63,US,Social Media,0,2
3528,2067,2024-04-29,Basic Frames,20.23,USD,20.23,US,Social Media,0,3
3529,2068,2023-10-24,Premium Frames,150.0,USD,150.0,US,Social Media,25,1
3530,2068,2023-11-23,Fashion Frames,65.43,USD,65.43,US,Social Media,0,2
3531,2068,2024-01-28,Basic Frames,13.16,USD,13.16,US,Social Media,0,3
3532,2068,2024-03-31,Fashion Frames,37.14,USD,37.14,US,Social Media,0,4
3533,2069,2024-09-28,Oakley,177.1,USD,177.1,US,Google Search,30,1
3534,2071,2023-12-31,Basic Frames,15.73,USD,15.73,US,Social Media,25,1
3535,2071,2024-02-20,Basic Frames,22.82,USD,22.82,US,Social Media,0,2
3536,2071,2024-08-01,Fashion Frames,50.3,USD,50.3,US,Social Media,0,3
3537,2071,2024-11-10,Basic Frames,25.62,USD,25.62,US,Social Media,0,4
3538,2073,2024-08-16,Fashion Frames,29.01,EUR,34.13,France,Social Media,25,1
3539,2075,2023-08-06,Fashion Frames,71.12,USD,71.12,US,Social Media,25,1
3540,2075,2023-09-05,Basic Frames,21.64,USD,21.64,US,Social Media,0,2
3541,2075,2023-10-05,Oakley,180.28,USD,180.28,US,Social Media,0,3
3542,2075,2023-11-04,Ray-Ban,171.54,USD,171.54,US,Social Media,0,4
3543,2076,2023-06-14,Basic Frames,8.82,USD,8.82,US,Google Search,30,1
3544,2076,2023-08-10,Fashion Frames,73.24,USD,73.24,US,Google Search,0,2
3545,2076,2023-10-14,Fashion Frames,65.07,USD,65.07,US,Google Search,0,3
3546,2077,2024-11-03,Fashion Frames,39.68,GBP,52.91,UK,Social Media,25,1
3547,2077,2025-02-18,Basic Frames,10.15,GBP,13.54,UK,Social Media,0,2
3548,2077,2025-03-26,Fashion Frames,24.69,GBP,32.92,UK,Social Media,0,3
3549,2077,2025-07-14,Basic Frames,14.85,GBP,19.8,UK,Social Media,0,4
3550,2078,2024-05-12,Basic Frames,8.11,USD,8.11,US,Social Media,25,1
3551,2078,2024-06-11,Basic Frames,12.16,USD,12.16,US,Social Media,0,2
3552,2078,2024-07-11,Fashion Frames,67.9,USD,67.9,US,Social Media,0,3
3553,2078,2024-11-22,Basic Frames,8.03,USD,8.03,US,Social Media,0,4
3554,2079,2023-08-29,Basic Frames,13.17,USD,13.17,US,Email Marketing,10,1
3555,2081,2023-04-29,Basic Frames,29.45,USD,29.45,US,Social Media,25,1
3556,2081,2023-05-29,Fashion Frames,63.25,USD,63.25,US,Social Media,0,2
3557,2081,2023-10-12,Basic Frames,11.96,USD,11.96,US,Social Media,0,3
3558,2081,2023-11-11,Premium Frames,84.19,USD,84.19,US,Social Media,0,4
3559,2081,2024-07-03,Fashion Frames,77.34,USD,77.34,US,Social Media,0,5
3560,2083,2025-05-16,Fashion Frames,57.17,USD,57.17,US,Google Search,30,1
3561,2083,2025-06-25,Basic Frames,9.36,USD,9.36,US,Google Search,0,2
3562,2084,2024-07-27,Fashion Frames,46.33,USD,46.33,US,Direct,5,1
3563,2084,2024-10-14,Basic Frames,27.86,USD,27.86,US,Direct,0,2
3564,2086,2023-05-12,Ray-Ban,201.55,USD,201.55,US,Social Media,25,1
3565,2086,2023-08-22,Premium Frames,128.47,USD,128.47,US,Social Media,0,2
3566,2086,2023-11-16,Basic Frames,21.9,USD,21.9,US,Social Media,0,3
3567,2086,2024-07-02,Fashion Frames,33.19,USD,33.19,US,Social Media,0,4
3568,2086,2024-10-13,Fashion Frames,32.8,USD,32.8,US,Social Media,0,5
3569,2087,2025-02-24,Ray-Ban,235.75,USD,235.75,US,Direct,5,1
3570,2088,2023-10-16,Premium Frames,90.26,USD,90.26,US,Influencer,35,1
3571,2088,2024-04-04,Basic Frames,19.25,USD,19.25,US,Influencer,0,2
3572,2088,2024-08-27,Fashion Frames,60.0,USD,60.0,US,Influencer,0,3
3573,2089,2024-08-12,Basic Frames,23.5,USD,23.5,US,Direct,5,1
3574,2089,2024-09-11,Fashion Frames,51.68,USD,51.68,US,Direct,0,2
3575,2089,2024-10-11,Premium Frames,118.94,USD,118.94,US,Direct,0,3
3576,2090,2023-08-20,Oakley,146.18,EUR,171.98,France,Influencer,35,1
3577,2091,2025-04-13,Basic Frames,16.95,USD,16.95,US,Email Marketing,10,1
3578,2093,2025-05-18,Basic Frames,28.56,USD,28.56,US,Social Media,25,1
3579,2093,2025-06-17,Basic Frames,9.44,USD,9.44,US,Social Media,0,2
3580,2094,2024-08-01,Oakley,170.37,USD,170.37,US,Social Media,25,1
3581,2094,2024-09-28,Fashion Frames,44.2,USD,44.2,US,Social Media,0,2
3582,2094,2024-10-28,Basic Frames,21.19,USD,21.19,US,Social Media,0,3
3583,2094,2025-07-04,Basic Frames,21.49,USD,21.49,US,Social Media,0,4
3584,2094,2025-08-16,Basic Frames,23.15,USD,23.15,US,Social Media,0,5
3585,2095,2025-03-09,Oakley,171.82,USD,171.82,US,Direct,5,1
3586,2095,2025-04-29,Basic Frames,18.27,USD,18.27,US,Direct,0,2
3587,2096,2025-04-20,Basic Frames,25.72,USD,25.72,US,Social Media,25,1
3588,2096,2025-06-11,Basic Frames,13.59,USD,13.59,US,Social Media,0,2
3589,2098,2024-09-24,Fashion Frames,78.24,USD,78.24,US,Social Media,25,1
3590,2098,2025-02-16,Basic Frames,11.94,USD,11.94,US,Social Media,0,2
3591,2098,2025-04-05,Basic Frames,12.48,USD,12.48,US,Social Media,0,3
3592,2098,2025-07-09,Basic Frames,18.76,USD,18.76,US,Social Media,0,4
3593,2099,2024-11-27,Fashion Frames,50.93,USD,50.93,US,Social Media,25,1
3594,2099,2025-01-24,Fashion Frames,47.14,USD,47.14,US,Social Media,0,2
3595,2100,2024-10-25,Ray-Ban,241.02,USD,241.02,US,Influencer,35,1
3596,2100,2024-12-03,Basic Frames,24.67,USD,24.67,US,Influencer,0,2
3597,2100,2025-01-12,Fashion Frames,38.17,USD,38.17,US,Influencer,0,3
3598,2100,2025-02-11,Ray-Ban,230.01,USD,230.01,US,Influencer,0,4
3599,2100,2025-04-15,Premium Frames,99.88,USD,99.88,US,Influencer,0,5
3600,2100,2025-05-19,Basic Frames,8.35,USD,8.35,US,Influencer,0,6
3601,2102,2023-01-29,Fashion Frames,77.64,USD,77.64,US,Social Media,25,1
3602,2104,2025-08-13,Basic Frames,18.64,USD,18.64,US,Social Media,25,1
3603,2106,2025-05-07,Premium Frames,136.67,USD,136.67,US,Social Media,25,1
3604,2107,2025-01-04,Ray-Ban,185.54,USD,185.54,US,Social Media,25,1
3605,2107,2025-02-26,Premium Frames,120.48,USD,120.48,US,Social Media,0,2
3606,2108,2023-10-03,Basic Frames,12.51,USD,12.51,US,Influencer,35,1
3607,2108,2023-12-26,Premium Frames,87.84,USD,87.84,US,Influencer,0,2
3608,2108,2024-03-25,Basic Frames,7.15,USD,7.15,US,Influencer,0,3
3609,2109,2023-01-30,Premium Frames,132.88,USD,132.88,US,Google Search,30,1
3610,2109,2023-11-14,Fashion Frames,39.85,USD,39.85,US,Google Search,0,2
3611,2109,2024-04-14,Ray-Ban,230.8,USD,230.8,US,Google Search,0,3
3612,2110,2023-07-16,Basic Frames,24.93,USD,24.93,US,Influencer,35,1
3613,2110,2024-04-13,Fashion Frames,58.03,USD,58.03,US,Influencer,0,2
3614,2110,2024-06-18,Fashion Frames,74.22,USD,74.22,US,Influencer,0,3
3615,2110,2024-08-18,Premium Frames,108.78,USD,108.78,US,Influencer,0,4
3616,2111,2023-10-16,Basic Frames,12.22,USD,12.22,US,Google Search,30,1
3617,2111,2024-05-22,Fashion Frames,64.65,USD,64.65,US,Google Search,0,2
3618,2111,2025-04-20,Premium Frames,130.21,USD,130.21,US,Google Search,0,3
3619,2111,2025-05-20,Basic Frames,21.78,USD,21.78,US,Google Search,0,4
3620,2112,2024-12-25,Basic Frames,19.62,USD,19.62,US,Social Media,25,1
3621,2113,2025-02-19,Fashion Frames,76.0,USD,76.0,US,Google Search,30,1
3622,2114,2023-11-20,Fashion Frames,49.14,USD,49.14,US,Direct,5,1
3623,2114,2023-12-20,Fashion Frames,69.1,USD,69.1,US,Direct,0,2
3624,2115,2025-08-04,Basic Frames,16.04,USD,16.04,US,Social Media,25,1
3625,2116,2023-12-31,Fashion Frames,52.51,USD,52.51,US,Google Search,30,1
3626,2116,2024-06-26,Basic Frames,14.5,USD,14.5,US,Google Search,0,2
3627,2117,2023-12-26,Ray-Ban,179.4,USD,179.4,US,Influencer,35,1
3628,2117,2024-03-08,Fashion Frames,77.68,USD,77.68,US,Influencer,0,2
3629,2118,2023-01-07,Basic Frames,23.24,USD,23.24,US,Social Media,25,1
3630,2118,2023-03-04,Fashion Frames,76.27,USD,76.27,US,Social Media,0,2
3631,2118,2023-06-26,Ray-Ban,173.65,USD,173.65,US,Social Media,0,3
3632,2118,2023-08-13,Premium Frames,124.86,USD,124.86,US,Social Media,0,4
3633,2118,2023-11-11,Basic Frames,8.09,USD,8.09,US,Social Media,0,5
3634,2118,2024-03-04,Ray-Ban,181.26,USD,181.26,US,Social Media,0,6
3635,2121,2023-05-29,Fashion Frames,34.76,USD,34.76,US,Google Search,30,1
3636,2121,2024-01-04,Fashion Frames,42.76,USD,42.76,US,Google Search,0,2
3637,2122,2024-08-18,Premium Frames,120.7,USD,120.7,US,Direct,5,1
3638,2122,2025-05-23,Basic Frames,8.03,USD,8.03,US,Direct,0,2
3639,2123,2024-11-06,Basic Frames,28.31,USD,28.31,US,Direct,5,1
3640,2123,2025-06-23,Premium Frames,136.78,USD,136.78,US,Direct,0,2
3641,2123,2025-07-23,Ray-Ban,152.06,USD,152.06,US,Direct,0,3
3642,2125,2023-03-26,Fashion Frames,76.69,USD,76.69,US,Google Search,30,1
3643,2125,2023-05-17,Fashion Frames,37.68,USD,37.68,US,Google Search,0,2
3644,2126,2023-05-27,Premium Frames,128.27,USD,128.27,US,Social Media,25,1
3645,2126,2023-10-10,Basic Frames,22.24,USD,22.24,US,Social Media,0,2
3646,2127,2025-01-30,Fashion Frames,37.11,USD,37.11,US,Email Marketing,10,1
3647,2128,2024-10-29,Basic Frames,10.56,USD,10.56,US,Direct,5,1
3648,2128,2024-12-28,Basic Frames,25.95,USD,25.95,US,Direct,0,2
3649,2128,2025-01-30,Basic Frames,6.17,USD,6.17,US,Direct,0,3
3650,2129,2023-02-03,Basic Frames,18.82,USD,18.82,US,Social Media,25,1
3651,2129,2023-03-23,Fashion Frames,47.91,USD,47.91,US,Social Media,0,2
3652,2129,2023-04-22,Basic Frames,29.86,USD,29.86,US,Social Media,0,3
3653,2129,2023-05-28,Basic Frames,21.87,USD,21.87,US,Social Media,0,4
3654,2129,2023-07-26,Basic Frames,28.09,USD,28.09,US,Social Media,0,5
3655,2132,2024-06-27,Basic Frames,7.02,USD,7.02,US,Influencer,35,1
3656,2133,2023-08-12,Basic Frames,10.04,USD,10.04,US,Google Search,30,1
3657,2137,2023-12-17,Oakley,149.36,USD,149.36,US,Google Search,30,1
3658,2138,2023-06-17,Basic Frames,14.48,USD,14.48,US,Email Marketing,10,1
3659,2139,2024-01-18,Fashion Frames,55.28,USD,55.28,US,Social Media,25,1
3660,2139,2024-04-24,Oakley,133.64,USD,133.64,US,Social Media,0,2
3661,2141,2025-01-17,Oakley,174.33,USD,174.33,US,Social Media,25,1
3662,2141,2025-03-20,Oakley,186.54,USD,186.54,US,Social Media,0,2
3663,2141,2025-04-19,Basic Frames,26.42,USD,26.42,US,Social Media,0,3
3664,2143,2025-03-22,Fashion Frames,54.67,USD,54.67,US,Social Media,25,1
3665,2143,2025-06-05,Premium Frames,99.27,USD,99.27,US,Social Media,0,2
3666,2143,2025-07-05,Premium Frames,81.15,USD,81.15,US,Social Media,0,3
3667,2144,2024-08-20,Fashion Frames,50.29,USD,50.29,US,Google Search,30,1
3668,2144,2024-12-23,Premium Frames,144.69,USD,144.69,US,Google Search,0,2
3669,2147,2025-06-26,Basic Frames,27.44,USD,27.44,US,Direct,5,1
3670,2147,2025-07-27,Basic Frames,28.45,USD,28.45,US,Direct,0,2
3671,2150,2023-06-16,Basic Frames,6.14,USD,6.14,US,Social Media,25,1
3672,2150,2023-09-13,Basic Frames,17.05,USD,17.05,US,Social Media,0,2
3673,2150,2024-03-18,Premium Frames,101.59,USD,101.59,US,Social Media,0,3
3674,2150,2024-08-27,Basic Frames,8.57,USD,8.57,US,Social Media,0,4
3675,2150,2024-10-04,Ray-Ban,185.62,USD,185.62,US,Social Media,0,5
3676,2152,2024-09-27,Ray-Ban,151.88,USD,151.88,US,Direct,5,1
3677,2152,2025-06-13,Basic Frames,16.34,USD,16.34,US,Direct,0,2
3678,2152,2025-08-13,Premium Frames,94.63,USD,94.63,US,Direct,0,3
3679,2153,2023-02-20,Ray-Ban,239.95,USD,239.95,US,Email Marketing,10,1
3680,2153,2023-05-08,Basic Frames,15.86,USD,15.86,US,Email Marketing,0,2
3681,2153,2023-06-23,Basic Frames,27.91,USD,27.91,US,Email Marketing,0,3
3682,2153,2024-01-08,Fashion Frames,31.34,USD,31.34,US,Email Marketing,0,4
3683,2155,2023-04-10,Basic Frames,17.3,USD,17.3,US,Social Media,25,1
3684,2156,2023-10-06,Basic Frames,14.75,USD,14.75,US,Google Search,30,1
3685,2158,2024-11-10,Premium Frames,99.59,USD,99.59,US,Direct,5,1
3686,2158,2024-12-10,Basic Frames,29.74,USD,29.74,US,Direct,0,2
3687,2159,2024-03-13,Basic Frames,16.54,USD,16.54,US,Google Search,30,1
3688,2159,2024-07-27,Basic Frames,9.36,USD,9.36,US,Google Search,0,2
3689,2159,2024-11-22,Basic Frames,23.93,USD,23.93,US,Google Search,0,3
3690,2159,2025-01-19,Premium Frames,81.4,USD,81.4,US,Google Search,0,4
3691,2161,2024-09-13,Fashion Frames,36.42,USD,36.42,US,Social Media,25,1
3692,2161,2024-10-19,Fashion Frames,44.96,USD,44.96,US,Social Media,0,2
3693,2161,2025-04-17,Basic Frames,9.21,USD,9.21,US,Social Media,0,3
3694,2162,2024-04-18,Fashion Frames,47.23,USD,47.23,US,Google Search,30,1
3695,2163,2024-03-03,Basic Frames,21.99,USD,21.99,US,Google Search,30,1
3696,2167,2024-06-16,Premium Frames,114.75,USD,114.75,US,Direct,5,1
3697,2167,2024-08-17,Fashion Frames,55.28,USD,55.28,US,Direct,0,2
3698,2167,2024-09-29,Fashion Frames,64.41,USD,64.41,US,Direct,0,3
3699,2167,2025-06-27,Ray-Ban,163.62,USD,163.62,US,Direct,0,4
3700,2170,2024-03-16,Fashion Frames,66.57,USD,66.57,US,Social Media,25,1
3701,2170,2024-04-26,Ray-Ban,224.45,USD,224.45,US,Social Media,0,2
3702,2170,2024-07-03,Fashion Frames,71.46,USD,71.46,US,Social Media,0,3
3703,2171,2023-05-04,Basic Frames,28.98,USD,28.98,US,Direct,5,1
3704,2171,2023-06-03,Fashion Frames,69.84,USD,69.84,US,Direct,0,2
3705,2171,2023-07-03,Oakley,130.09,USD,130.09,US,Direct,0,3
3706,2172,2023-10-18,Basic Frames,6.33,USD,6.33,US,Direct,5,1
3707,2172,2024-01-01,Basic Frames,22.43,USD,22.43,US,Direct,0,2
3708,2172,2024-03-27,Basic Frames,7.25,USD,7.25,US,Direct,0,3
3709,2172,2024-05-15,Fashion Frames,71.66,USD,71.66,US,Direct,0,4
3710,2173,2024-12-23,Fashion Frames,60.26,USD,60.26,US,Google Search,30,1
3711,2174,2024-12-04,Premium Frames,114.13,USD,114.13,US,Social Media,25,1
3712,2175,2024-09-05,Premium Frames,86.7,USD,86.7,US,Influencer,35,1
3713,2176,2024-05-21,Basic Frames,20.82,USD,20.82,US,Google Search,30,1
3714,2178,2024-11-15,Basic Frames,12.75,USD,12.75,US,Social Media,25,1
3715,2179,2023-11-13,Basic Frames,17.86,AUD,12.32,Australia,Direct,5,1
3716,2179,2024-06-17,Fashion Frames,94.76,AUD,65.35,Australia,Direct,0,2
3717,2180,2023-02-19,Basic Frames,16.3,USD,16.3,US,Social Media,25,1
3718,2180,2023-09-02,Ray-Ban,197.92,USD,197.92,US,Social Media,0,2
3719,2182,2024-02-18,Fashion Frames,66.79,USD,66.79,US,Social Media,25,1
3720,2182,2024-11-23,Basic Frames,20.67,USD,20.67,US,Social Media,0,2
3721,2182,2025-05-13,Fashion Frames,40.24,USD,40.24,US,Social Media,0,3
3722,2184,2023-03-12,Fashion Frames,38.29,USD,38.29,US,Social Media,25,1
3723,2184,2023-04-25,Basic Frames,8.89,USD,8.89,US,Social Media,0,2
3724,2184,2023-05-25,Basic Frames,15.63,USD,15.63,US,Social Media,0,3
3725,2184,2023-11-09,Basic Frames,12.57,USD,12.57,US,Social Media,0,4
3726,2184,2023-12-09,Basic Frames,10.61,USD,10.61,US,Social Media,0,5
3727,2185,2023-01-09,Fashion Frames,31.87,USD,31.87,US,Email Marketing,10,1
3728,2185,2023-02-08,Fashion Frames,40.78,USD,40.78,US,Email Marketing,0,2
3729,2187,2023-11-08,Basic Frames,18.6,USD,18.6,US,Influencer,35,1
3730,2188,2023-08-07,Fashion Frames,79.03,USD,79.03,US,Social Media,25,1
3731,2189,2025-03-06,Basic Frames,16.23,USD,16.23,US,Direct,5,1
3732,2190,2023-05-21,Ray-Ban,193.28,USD,193.28,US,Social Media,25,1
3733,2191,2025-02-25,Premium Frames,88.59,USD,88.59,US,Social Media,25,1
3734,2192,2023-09-28,Basic Frames,28.63,USD,28.63,US,Direct,5,1
3735,2192,2023-12-25,Basic Frames,23.08,USD,23.08,US,Direct,0,2
3736,2192,2024-02-04,Basic Frames,11.93,USD,11.93,US,Direct,0,3
3737,2194,2023-12-03,Basic Frames,6.01,USD,6.01,US,Social Media,25,1
3738,2194,2024-02-16,Basic Frames,21.85,USD,21.85,US,Social Media,0,2
3739,2194,2024-05-16,Ray-Ban,182.84,USD,182.84,US,Social Media,0,3
3740,2194,2024-06-15,Fashion Frames,44.98,USD,44.98,US,Social Media,0,4
3741,2195,2023-05-06,Fashion Frames,88.04,AUD,60.72,Australia,Email Marketing,10,1
3742,2195,2023-06-23,Basic Frames,23.69,AUD,16.34,Australia,Email Marketing,0,2
3743,2195,2023-10-16,Fashion Frames,62.87,AUD,43.36,Australia,Email Marketing,0,3
3744,2195,2023-12-29,Basic Frames,25.8,AUD,17.79,Australia,Email Marketing,0,4
3745,2195,2024-07-07,Basic Frames,20.33,AUD,14.02,Australia,Email Marketing,0,5
3746,2195,2024-08-06,Fashion Frames,52.87,AUD,36.46,Australia,Email Marketing,0,6
3747,2195,2024-10-06,Basic Frames,31.97,AUD,22.05,Australia,Email Marketing,0,7
3748,2196,2023-01-14,Premium Frames,134.16,USD,134.16,US,Google Search,30,1
3749,2196,2023-05-18,Premium Frames,89.99,USD,89.99,US,Google Search,0,2
3750,2196,2023-08-14,Fashion Frames,48.67,USD,48.67,US,Google Search,0,3
3751,2196,2024-05-11,Premium Frames,136.89,USD,136.89,US,Google Search,0,4
3752,2198,2025-02-10,Premium Frames,122.73,USD,122.73,US,Direct,5,1
3753,2198,2025-03-12,Fashion Frames,42.67,USD,42.67,US,Direct,0,2
3754,2199,2024-03-16,Basic Frames,20.02,USD,20.02,US,Social Media,25,1
3755,2199,2024-04-15,Basic Frames,8.09,USD,8.09,US,Social Media,0,2
3756,2199,2024-05-18,Fashion Frames,36.21,USD,36.21,US,Social Media,0,3
3757,2200,2023-07-03,Basic Frames,20.44,USD,20.44,US,Social Media,25,1
3758,2200,2024-02-15,Fashion Frames,33.01,USD,33.01,US,Social Media,0,2
3759,2204,2024-12-29,Fashion Frames,52.84,USD,52.84,US,Google Search,30,1
3760,2205,2023-08-31,Basic Frames,28.6,USD,28.6,US,Direct,5,1
3761,2205,2023-09-30,Basic Frames,20.86,USD,20.86,US,Direct,0,2
3762,2205,2024-09-29,Basic Frames,13.24,USD,13.24,US,Direct,0,3
3763,2206,2024-06-03,Fashion Frames,68.29,USD,68.29,US,Direct,5,1
3764,2206,2024-07-03,Fashion Frames,57.14,USD,57.14,US,Direct,0,2
3765,2206,2024-10-10,Premium Frames,91.6,USD,91.6,US,Direct,0,3
3766,2206,2025-01-30,Fashion Frames,37.26,USD,37.26,US,Direct,0,4
3767,2206,2025-04-09,Fashion Frames,51.49,USD,51.49,US,Direct,0,5
3768,2207,2024-07-29,Basic Frames,27.4,USD,27.4,US,Google Search,30,1
3769,2207,2024-09-07,Basic Frames,24.22,USD,24.22,US,Google Search,0,2
3770,2209,2024-11-18,Basic Frames,14.34,USD,14.34,US,Direct,5,1
3771,2210,2025-04-05,Basic Frames,21.12,USD,21.12,US,Social Media,25,1
3772,2210,2025-07-25,Basic Frames,8.82,USD,8.82,US,Social Media,0,2
3773,2211,2024-01-02,Premium Frames,114.31,USD,114.31,US,Social Media,25,1
3774,2211,2024-02-27,Basic Frames,18.57,USD,18.57,US,Social Media,0,2
3775,2211,2024-03-28,Ray-Ban,245.29,USD,245.29,US,Social Media,0,3
3776,2213,2024-02-23,Basic Frames,12.58,USD,12.58,US,Social Media,25,1
3777,2213,2024-03-24,Basic Frames,29.22,USD,29.22,US,Social Media,0,2
3778,2213,2024-09-26,Basic Frames,12.95,USD,12.95,US,Social Media,0,3
3779,2213,2024-11-18,Oakley,196.46,USD,196.46,US,Social Media,0,4
3780,2213,2025-01-15,Basic Frames,7.46,USD,7.46,US,Social Media,0,5
3781,2215,2025-02-04,Basic Frames,25.55,USD,25.55,US,Direct,5,1
3782,2215,2025-05-04,Basic Frames,17.88,USD,17.88,US,Direct,0,2
3783,2216,2023-02-13,Basic Frames,18.32,USD,18.32,US,Influencer,35,1
3784,2216,2023-11-23,Fashion Frames,34.67,USD,34.67,US,Influencer,0,2
3785,2216,2024-11-22,Basic Frames,16.51,USD,16.51,US,Influencer,0,3
3786,2216,2025-01-03,Basic Frames,18.22,USD,18.22,US,Influencer,0,4
3787,2216,2025-02-19,Basic Frames,19.5,USD,19.5,US,Influencer,0,5
3788,2217,2024-03-30,Fashion Frames,60.75,USD,60.75,US,Social Media,25,1
3789,2217,2024-07-05,Fashion Frames,41.14,USD,41.14,US,Social Media,0,2
3790,2217,2025-03-27,Fashion Frames,31.18,USD,31.18,US,Social Media,0,3
3791,2218,2023-01-25,Fashion Frames,60.01,USD,60.01,US,Google Search,30,1
3792,2218,2023-06-13,Basic Frames,6.21,USD,6.21,US,Google Search,0,2
3793,2218,2023-10-20,Premium Frames,145.08,USD,145.08,US,Google Search,0,3
3794,2219,2024-04-27,Basic Frames,18.09,USD,18.09,US,Google Search,30,1
3795,2219,2024-09-23,Basic Frames,23.29,USD,23.29,US,Google Search,0,2
3796,2219,2024-10-23,Basic Frames,12.21,USD,12.21,US,Google Search,0,3
3797,2219,2024-12-18,Basic Frames,26.46,USD,26.46,US,Google Search,0,4
3798,2220,2025-08-15,Fashion Frames,44.16,USD,44.16,US,Email Marketing,10,1
3799,2221,2023-03-21,Basic Frames,11.37,USD,11.37,US,Google Search,30,1
3800,2221,2023-04-20,Premium Frames,117.82,USD,117.82,US,Google Search,0,2
3801,2221,2024-04-19,Basic Frames,13.0,USD,13.0,US,Google Search,0,3
3802,2222,2025-06-02,Ray-Ban,244.26,USD,244.26,US,Social Media,25,1
3803,2223,2023-12-04,Ray-Ban,164.16,USD,164.16,US,Email Marketing,10,1
3804,2223,2024-04-12,Basic Frames,26.96,USD,26.96,US,Email Marketing,0,2
3805,2223,2024-05-12,Premium Frames,84.55,USD,84.55,US,Email Marketing,0,3
3806,2223,2024-06-11,Basic Frames,29.52,USD,29.52,US,Email Marketing,0,4
3807,2223,2024-07-12,Fashion Frames,79.49,USD,79.49,US,Email Marketing,0,5
3808,2223,2024-10-23,Basic Frames,11.04,USD,11.04,US,Email Marketing,0,6
3809,2223,2024-11-22,Premium Frames,89.02,USD,89.02,US,Email Marketing,0,7
3810,2224,2024-08-13,Fashion Frames,62.0,USD,62.0,US,Influencer,35,1
3811,2226,2024-08-16,Premium Frames,146.3,USD,146.3,US,Social Media,25,1
3812,2226,2024-11-28,Ray-Ban,238.51,USD,238.51,US,Social Media,0,2
3813,2226,2025-06-06,Fashion Frames,43.94,USD,43.94,US,Social Media,0,3
3814,2226,2025-07-06,Basic Frames,9.21,USD,9.21,US,Social Media,0,4
3815,2228,2025-01-12,Premium Frames,148.98,USD,148.98,US,Social Media,25,1
3816,2229,2024-10-19,Fashion Frames,31.51,USD,31.51,US,Social Media,25,1
3817,2229,2025-04-09,Basic Frames,14.53,USD,14.53,US,Social Media,0,2
3818,2231,2023-10-27,Basic Frames,12.14,USD,12.14,US,Influencer,35,1
3819,2231,2024-02-13,Fashion Frames,31.77,USD,31.77,US,Influencer,0,2
3820,2231,2024-09-03,Basic Frames,21.78,USD,21.78,US,Influencer,0,3
3821,2234,2023-01-27,Ray-Ban,222.54,USD,222.54,US,Social Media,25,1
3822,2234,2023-07-05,Fashion Frames,64.72,USD,64.72,US,Social Media,0,2
3823,2234,2023-08-04,Basic Frames,28.7,USD,28.7,US,Social Media,0,3
3824,2235,2023-12-02,Ray-Ban,213.0,USD,213.0,US,Direct,5,1
3825,2235,2024-03-05,Basic Frames,20.5,USD,20.5,US,Direct,0,2
3826,2235,2024-04-20,Basic Frames,10.95,USD,10.95,US,Direct,0,3
3827,2235,2024-07-05,Premium Frames,111.51,USD,111.51,US,Direct,0,4
3828,2236,2023-07-04,Basic Frames,10.89,USD,10.89,US,Social Media,25,1
3829,2236,2024-02-16,Premium Frames,124.46,USD,124.46,US,Social Media,0,2
3830,2236,2024-05-02,Fashion Frames,73.05,USD,73.05,US,Social Media,0,3
3831,2237,2025-03-31,Basic Frames,16.71,USD,16.71,US,Email Marketing,10,1
3832,2239,2024-04-20,Basic Frames,9.56,USD,9.56,US,Influencer,35,1
3833,2239,2024-06-07,Ray-Ban,198.42,USD,198.42,US,Influencer,0,2
3834,2239,2024-12-01,Basic Frames,17.9,USD,17.9,US,Influencer,0,3
3835,2240,2025-05-03,Fashion Frames,70.96,USD,70.96,US,Direct,5,1
3836,2241,2024-12-07,Fashion Frames,58.91,USD,58.91,US,Google Search,30,1
3837,2241,2025-01-27,Fashion Frames,77.22,USD,77.22,US,Google Search,0,2
3838,2242,2025-07-30,Fashion Frames,44.82,USD,44.82,US,Influencer,35,1
3839,2243,2024-01-09,Fashion Frames,74.38,USD,74.38,US,Social Media,25,1
3840,2243,2024-02-08,Premium Frames,137.41,USD,137.41,US,Social Media,0,2
3841,2243,2024-05-20,Basic Frames,22.5,USD,22.5,US,Social Media,0,3
3842,2244,2023-04-02,Fashion Frames,38.03,USD,38.03,US,Google Search,30,1
3843,2244,2023-08-02,Basic Frames,16.23,USD,16.23,US,Google Search,0,2
3844,2245,2024-03-25,Ray-Ban,214.87,USD,214.87,US,Influencer,35,1
3845,2245,2024-04-24,Ray-Ban,190.85,USD,190.85,US,Influencer,0,2
3846,2245,2024-07-06,Oakley,177.94,USD,177.94,US,Influencer,0,3
3847,2245,2024-10-07,Premium Frames,90.47,USD,90.47,US,Influencer,0,4
3848,2245,2024-11-06,Fashion Frames,67.77,USD,67.77,US,Influencer,0,5
3849,2246,2025-05-17,Basic Frames,8.39,USD,8.39,US,Influencer,35,1
3850,2246,2025-07-26,Premium Frames,107.5,USD,107.5,US,Influencer,0,2
3851,2247,2023-04-25,Fashion Frames,31.66,USD,31.66,US,Google Search,30,1
3852,2247,2023-10-13,Fashion Frames,71.7,USD,71.7,US,Google Search,0,2
3853,2249,2024-03-27,Premium Frames,134.14,USD,134.14,US,Direct,5,1
3854,2250,2024-09-06,Fashion Frames,76.99,USD,76.99,US,Email Marketing,10,1
3855,2251,2024-02-25,Basic Frames,25.02,USD,25.02,US,Google Search,30,1
3856,2251,2024-03-27,Basic Frames,6.23,USD,6.23,US,Google Search,0,2
3857,2251,2024-10-17,Premium Frames,135.62,USD,135.62,US,Google Search,0,3
3858,2251,2025-01-07,Fashion Frames,57.58,USD,57.58,US,Google Search,0,4
3859,2251,2025-08-05,Basic Frames,25.64,USD,25.64,US,Google Search,0,5
3860,2253,2023-03-29,Premium Frames,90.61,USD,90.61,US,Google Search,30,1
3861,2253,2023-08-07,Fashion Frames,68.22,USD,68.22,US,Google Search,0,2
3862,2253,2023-09-06,Ray-Ban,239.35,USD,239.35,US,Google Search,0,3
3863,2253,2023-10-14,Basic Frames,25.57,USD,25.57,US,Google Search,0,4
3864,2254,2024-02-11,Fashion Frames,54.47,USD,54.47,US,Google Search,30,1
3865,2254,2024-03-12,Premium Frames,97.82,USD,97.82,US,Google Search,0,2
3866,2254,2024-04-11,Fashion Frames,57.63,USD,57.63,US,Google Search,0,3
3867,2254,2024-07-06,Fashion Frames,44.11,USD,44.11,US,Google Search,0,4
3868,2254,2024-08-22,Premium Frames,118.51,USD,118.51,US,Google Search,0,5
3869,2255,2025-06-16,Fashion Frames,33.18,USD,33.18,US,Social Media,25,1
3870,2256,2023-11-16,Oakley,128.21,USD,128.21,US,Influencer,35,1
3871,2256,2023-12-16,Fashion Frames,74.44,USD,74.44,US,Influencer,0,2
3872,2257,2025-02-05,Basic Frames,6.03,USD,6.03,US,Social Media,25,1
3873,2257,2025-03-07,Basic Frames,11.38,USD,11.38,US,Social Media,0,2
3874,2257,2025-06-17,Basic Frames,11.44,USD,11.44,US,Social Media,0,3
3875,2258,2023-12-17,Basic Frames,14.48,USD,14.48,US,Direct,5,1
3876,2258,2024-05-08,Basic Frames,12.88,USD,12.88,US,Direct,0,2
3877,2260,2023-12-25,Basic Frames,22.48,USD,22.48,US,Google Search,30,1
3878,2260,2024-01-24,Basic Frames,23.16,USD,23.16,US,Google Search,0,2
3879,2260,2024-02-26,Basic Frames,27.64,USD,27.64,US,Google Search,0,3
3880,2260,2024-06-07,Basic Frames,17.8,USD,17.8,US,Google Search,0,4
3881,2262,2023-07-21,Fashion Frames,77.87,USD,77.87,US,Google Search,30,1
3882,2262,2023-09-25,Basic Frames,12.76,USD,12.76,US,Google Search,0,2
3883,2263,2023-04-11,Fashion Frames,47.35,USD,47.35,US,Influencer,35,1
3884,2264,2024-06-15,Basic Frames,28.19,USD,28.19,US,Direct,5,1
3885,2264,2024-08-12,Basic Frames,8.04,USD,8.04,US,Direct,0,2
3886,2264,2024-11-08,Fashion Frames,33.12,USD,33.12,US,Direct,0,3
3887,2264,2024-12-16,Ray-Ban,165.96,USD,165.96,US,Direct,0,4
3888,2265,2024-10-17,Premium Frames,104.1,USD,104.1,US,Social Media,25,1
3889,2266,2023-05-02,Fashion Frames,51.84,USD,51.84,US,Social Media,25,1
3890,2266,2023-07-11,Oakley,191.45,USD,191.45,US,Social Media,0,2
3891,2266,2023-08-10,Fashion Frames,64.67,USD,64.67,US,Social Media,0,3
3892,2266,2023-09-09,Fashion Frames,61.61,USD,61.61,US,Social Media,0,4
3893,2266,2024-03-08,Basic Frames,12.89,USD,12.89,US,Social Media,0,5
3894,2268,2024-06-09,Premium Frames,115.45,USD,115.45,US,Social Media,25,1
3895,2268,2025-01-01,Basic Frames,14.86,USD,14.86,US,Social Media,0,2
3896,2268,2025-05-11,Basic Frames,12.37,USD,12.37,US,Social Media,0,3
3897,2268,2025-06-10,Fashion Frames,75.44,USD,75.44,US,Social Media,0,4
3898,2274,2025-01-23,Fashion Frames,38.24,USD,38.24,US,Google Search,30,1
3899,2275,2025-04-24,Basic Frames,25.12,USD,25.12,US,Social Media,25,1
3900,2278,2023-06-01,Premium Frames,110.49,USD,110.49,US,Social Media,25,1
3901,2278,2023-07-01,Basic Frames,23.44,USD,23.44,US,Social Media,0,2
3902,2278,2023-08-21,Fashion Frames,38.09,USD,38.09,US,Social Media,0,3
3903,2278,2023-11-30,Fashion Frames,46.83,USD,46.83,US,Social Media,0,4
3904,2279,2023-09-20,Basic Frames,24.42,USD,24.42,US,Direct,5,1
3905,2279,2024-03-17,Basic Frames,14.46,USD,14.46,US,Direct,0,2
3906,2279,2024-09-04,Ray-Ban,199.93,USD,199.93,US,Direct,0,3
3907,2279,2024-11-02,Basic Frames,17.55,USD,17.55,US,Direct,0,4
3908,2281,2023-06-06,Basic Frames,21.28,USD,21.28,US,Google Search,30,1
3909,2281,2023-07-22,Fashion Frames,37.77,USD,37.77,US,Google Search,0,2
3910,2284,2023-07-12,Basic Frames,19.18,USD,19.18,US,Email Marketing,10,1
3911,2284,2023-08-11,Premium Frames,118.17,USD,118.17,US,Email Marketing,0,2
3912,2285,2024-09-14,Basic Frames,18.87,USD,18.87,US,Social Media,25,1
3913,2286,2023-06-22,Basic Frames,8.01,USD,8.01,US,Social Media,25,1
3914,2286,2024-01-13,Fashion Frames,66.03,USD,66.03,US,Social Media,0,2
3915,2287,2025-03-04,Basic Frames,24.64,USD,24.64,US,Direct,5,1
3916,2289,2024-11-03,Fashion Frames,35.28,USD,35.28,US,Social Media,25,1
3917,2290,2023-03-27,Fashion Frames,40.96,USD,40.96,US,Direct,5,1
3918,2290,2023-08-24,Ray-Ban,235.21,USD,235.21,US,Direct,0,2
3919,2291,2023-07-31,Basic Frames,17.37,USD,17.37,US,Influencer,35,1
3920,2292,2025-03-09,Basic Frames,8.64,USD,8.64,US,Social Media,25,1
3921,2292,2025-07-17,Fashion Frames,75.66,USD,75.66,US,Social Media,0,2
3922,2293,2024-10-27,Basic Frames,26.38,USD,26.38,US,Google Search,30,1
3923,2293,2025-06-08,Basic Frames,24.69,USD,24.69,US,Google Search,0,2
3924,2294,2024-05-29,Basic Frames,17.05,USD,17.05,US,Google Search,30,1
3925,2294,2025-03-20,Basic Frames,26.05,USD,26.05,US,Google Search,0,2
3926,2294,2025-06-30,Basic Frames,19.24,USD,19.24,US,Google Search,0,3
3927,2294,2025-08-06,Fashion Frames,76.64,USD,76.64,US,Google Search,0,4
3928,2295,2024-05-05,Basic Frames,11.06,USD,11.06,US,Direct,5,1
3929,2296,2025-02-17,Fashion Frames,67.6,USD,67.6,US,Social Media,25,1
3930,2296,2025-03-19,Basic Frames,8.81,USD,8.81,US,Social Media,0,2
3931,2296,2025-04-18,Basic Frames,22.7,USD,22.7,US,Social Media,0,3
3932,2297,2024-08-01,Fashion Frames,66.92,USD,66.92,US,Google Search,30,1
3933,2298,2025-02-22,Basic Frames,16.19,USD,16.19,US,Social Media,25,1
3934,2298,2025-07-07,Fashion Frames,33.65,USD,33.65,US,Social Media,0,2
3935,2299,2024-09-01,Premium Frames,121.13,USD,121.13,US,Google Search,30,1
3936,2299,2024-11-21,Ray-Ban,198.21,USD,198.21,US,Google Search,0,2
3937,2299,2025-02-23,Basic Frames,20.25,USD,20.25,US,Google Search,0,3
3938,2300,2024-04-17,Premium Frames,91.14,USD,91.14,US,Google Search,30,1
3939,2301,2024-12-02,Fashion Frames,43.01,USD,43.01,US,Direct,5,1
3940,2301,2025-08-10,Premium Frames,81.86,USD,81.86,US,Direct,0,2
3941,2303,2025-06-28,Ray-Ban,226.78,USD,226.78,US,Google Search,30,1
3942,2304,2024-08-16,Basic Frames,9.36,USD,9.36,US,Social Media,25,1
3943,2304,2024-12-24,Fashion Frames,56.85,USD,56.85,US,Social Media,0,2
3944,2304,2025-06-22,Fashion Frames,77.49,USD,77.49,US,Social Media,0,3
3945,2305,2024-10-28,Basic Frames,23.34,USD,23.34,US,Email Marketing,10,1
3946,2306,2024-10-21,Fashion Frames,62.6,USD,62.6,US,Email Marketing,10,1
3947,2307,2024-10-25,Basic Frames,8.67,USD,8.67,US,Social Media,25,1
3948,2307,2024-12-13,Fashion Frames,33.94,USD,33.94,US,Social Media,0,2
3949,2307,2025-01-12,Premium Frames,125.33,USD,125.33,US,Social Media,0,3
3950,2307,2025-02-21,Basic Frames,20.5,USD,20.5,US,Social Media,0,4
3951,2308,2023-11-27,Basic Frames,9.85,USD,9.85,US,Social Media,25,1
3952,2308,2023-12-27,Fashion Frames,50.42,USD,50.42,US,Social Media,0,2
3953,2308,2024-02-25,Fashion Frames,51.76,USD,51.76,US,Social Media,0,3
3954,2308,2024-04-07,Fashion Frames,77.46,USD,77.46,US,Social Media,0,4
3955,2308,2024-05-25,Basic Frames,16.9,USD,16.9,US,Social Media,0,5
3956,2308,2024-09-27,Fashion Frames,65.86,USD,65.86,US,Social Media,0,6
3957,2309,2025-06-03,Premium Frames,120.47,USD,120.47,US,Influencer,35,1
3958,2309,2025-07-04,Basic Frames,13.34,USD,13.34,US,Influencer,0,2
3959,2309,2025-08-03,Basic Frames,11.46,USD,11.46,US,Influencer,0,3
3960,2311,2023-11-27,Fashion Frames,35.5,USD,35.5,US,Social Media,25,1
3961,2311,2024-01-19,Premium Frames,107.05,USD,107.05,US,Social Media,0,2
3962,2314,2023-03-11,Basic Frames,7.34,USD,7.34,US,Social Media,25,1
3963,2314,2023-04-10,Basic Frames,15.41,USD,15.41,US,Social Media,0,2
3964,2314,2023-05-28,Fashion Frames,71.3,USD,71.3,US,Social Media,0,3
3965,2314,2024-03-03,Basic Frames,29.42,USD,29.42,US,Social Media,0,4
3966,2315,2024-04-25,Premium Frames,86.33,USD,86.33,US,Social Media,25,1
3967,2315,2024-08-05,Premium Frames,128.78,USD,128.78,US,Social Media,0,2
3968,2315,2024-09-04,Fashion Frames,54.39,USD,54.39,US,Social Media,0,3
3969,2315,2024-10-08,Ray-Ban,215.62,USD,215.62,US,Social Media,0,4
3970,2315,2024-11-07,Premium Frames,108.95,USD,108.95,US,Social Media,0,5
3971,2315,2024-12-07,Basic Frames,15.13,USD,15.13,US,Social Media,0,6
3972,2315,2025-01-08,Basic Frames,7.31,USD,7.31,US,Social Media,0,7
3973,2315,2025-05-06,Basic Frames,14.92,USD,14.92,US,Social Media,0,8
3974,2315,2025-07-14,Basic Frames,16.18,USD,16.18,US,Social Media,0,9
3975,2316,2024-03-31,Fashion Frames,36.12,USD,36.12,US,Direct,5,1
3976,2317,2024-10-20,Premium Frames,134.74,USD,134.74,US,Google Search,30,1
3977,2317,2025-07-26,Basic Frames,14.05,USD,14.05,US,Google Search,0,2
3978,2318,2023-11-12,Basic Frames,9.91,USD,9.91,US,Social Media,25,1
3979,2318,2024-05-18,Fashion Frames,36.22,USD,36.22,US,Social Media,0,2
3980,2318,2024-10-05,Basic Frames,11.09,USD,11.09,US,Social Media,0,3
3981,2319,2025-03-26,Fashion Frames,75.57,USD,75.57,US,Influencer,35,1
3982,2319,2025-06-30,Basic Frames,10.51,USD,10.51,US,Influencer,0,2
3983,2320,2023-11-08,Basic Frames,28.3,USD,28.3,US,Direct,5,1
3984,2320,2024-03-23,Basic Frames,11.77,USD,11.77,US,Direct,0,2
3985,2321,2024-09-17,Oakley,165.61,USD,165.61,US,Google Search,30,1
3986,2321,2024-10-17,Premium Frames,84.1,USD,84.1,US,Google Search,0,2
3987,2321,2024-12-13,Fashion Frames,79.34,USD,79.34,US,Google Search,0,3
3988,2321,2025-02-07,Fashion Frames,54.71,USD,54.71,US,Google Search,0,4
3989,2322,2023-02-28,Fashion Frames,35.57,USD,35.57,US,Google Search,30,1
3990,2322,2024-02-28,Fashion Frames,46.12,USD,46.12,US,Google Search,0,2
3991,2326,2023-11-19,Basic Frames,13.55,USD,13.55,US,Social Media,25,1
3992,2326,2024-05-12,Ray-Ban,189.67,USD,189.67,US,Social Media,0,2
3993,2326,2024-07-04,Fashion Frames,48.44,USD,48.44,US,Social Media,0,3
3994,2327,2024-04-17,Premium Frames,127.55,USD,127.55,US,Social Media,25,1
3995,2327,2024-05-17,Oakley,146.51,USD,146.51,US,Social Media,0,2
3996,2327,2024-07-12,Fashion Frames,74.93,USD,74.93,US,Social Media,0,3
3997,2328,2024-04-18,Fashion Frames,55.61,USD,55.61,US,Direct,5,1
3998,2330,2023-03-13,Fashion Frames,70.01,USD,70.01,US,Direct,5,1
3999,2330,2023-08-15,Basic Frames,17.45,USD,17.45,US,Direct,0,2
4000,2330,2024-02-05,Basic Frames,26.85,USD,26.85,US,Direct,0,3
4001,2330,2024-08-19,Fashion Frames,32.83,USD,32.83,US,Direct,0,4
4002,2330,2024-09-26,Ray-Ban,166.96,USD,166.96,US,Direct,0,5
4003,2330,2025-03-18,Oakley,174.59,USD,174.59,US,Direct,0,6
4004,2330,2025-05-11,Fashion Frames,34.86,USD,34.86,US,Direct,0,7
4005,2331,2024-01-15,Ray-Ban,245.33,USD,245.33,US,Google Search,30,1
4006,2331,2024-03-21,Ray-Ban,173.93,USD,173.93,US,Google Search,0,2
4007,2332,2025-05-17,Fashion Frames,64.39,USD,64.39,US,Direct,5,1
4008,2333,2023-11-04,Basic Frames,23.25,USD,23.25,US,Social Media,25,1
4009,2335,2024-11-09,Oakley,199.38,USD,199.38,US,Influencer,35,1
4010,2336,2025-06-10,Basic Frames,18.56,USD,18.56,US,Influencer,35,1
4011,2338,2023-04-03,Basic Frames,9.15,USD,9.15,US,Social Media,25,1
4012,2338,2023-07-27,Fashion Frames,45.25,USD,45.25,US,Social Media,0,2
4013,2338,2023-08-27,Fashion Frames,61.55,USD,61.55,US,Social Media,0,3
4014,2340,2024-09-03,Fashion Frames,65.93,USD,65.93,US,Google Search,30,1
4015,2340,2025-02-07,Basic Frames,22.39,USD,22.39,US,Google Search,0,2
4016,2341,2024-06-04,Fashion Frames,79.85,USD,79.85,US,Direct,5,1
4017,2341,2024-08-24,Premium Frames,122.87,USD,122.87,US,Direct,0,2
4018,2343,2024-04-21,Premium Frames,149.61,USD,149.61,US,Direct,5,1
4019,2343,2024-06-21,Premium Frames,87.72,USD,87.72,US,Direct,0,2
4020,2343,2025-06-21,Fashion Frames,31.73,USD,31.73,US,Direct,0,3
4021,2345,2024-07-21,Fashion Frames,73.51,USD,73.51,US,Direct,5,1
4022,2348,2025-07-08,Oakley,156.38,USD,156.38,US,Social Media,25,1
4023,2349,2023-02-13,Fashion Frames,45.48,USD,45.48,US,Social Media,25,1
4024,2349,2023-05-06,Basic Frames,7.64,USD,7.64,US,Social Media,0,2
4025,2349,2023-09-17,Basic Frames,19.84,USD,19.84,US,Social Media,0,3
4026,2350,2024-04-08,Basic Frames,7.71,USD,7.71,US,Direct,5,1
4027,2351,2025-07-22,Ray-Ban,196.61,USD,196.61,US,Social Media,25,1
4028,2355,2023-07-14,Ray-Ban,242.49,USD,242.49,US,Direct,5,1
4029,2355,2023-09-19,Fashion Frames,77.05,USD,77.05,US,Direct,0,2
4030,2357,2024-09-11,Basic Frames,14.72,USD,14.72,US,Social Media,25,1
4031,2357,2024-10-30,Basic Frames,12.88,USD,12.88,US,Social Media,0,2
4032,2357,2025-02-23,Basic Frames,15.82,USD,15.82,US,Social Media,0,3
4033,2358,2024-05-30,Basic Frames,22.33,USD,22.33,US,Social Media,25,1
4034,2359,2024-05-29,Basic Frames,18.3,USD,18.3,US,Google Search,30,1
4035,2359,2024-06-28,Fashion Frames,61.61,USD,61.61,US,Google Search,0,2
4036,2359,2024-09-01,Fashion Frames,46.37,USD,46.37,US,Google Search,0,3
4037,2360,2023-06-17,Basic Frames,15.92,USD,15.92,US,Google Search,30,1
4038,2361,2023-03-06,Fashion Frames,73.99,USD,73.99,US,Influencer,35,1
4039,2363,2023-04-17,Basic Frames,29.46,USD,29.46,US,Direct,5,1
4040,2363,2023-07-21,Basic Frames,7.37,USD,7.37,US,Direct,0,2
4041,2363,2023-10-18,Basic Frames,24.97,USD,24.97,US,Direct,0,3
4042,2363,2024-05-23,Oakley,175.98,USD,175.98,US,Direct,0,4
4043,2363,2024-07-08,Premium Frames,119.7,USD,119.7,US,Direct,0,5
4044,2364,2025-04-16,Fashion Frames,36.16,USD,36.16,US,Email Marketing,10,1
4045,2365,2025-07-14,Premium Frames,120.34,USD,120.34,US,Email Marketing,10,1
4046,2367,2023-12-19,Basic Frames,26.98,USD,26.98,US,Direct,5,1
4047,2369,2023-03-30,Basic Frames,17.24,USD,17.24,US,Google Search,30,1
4048,2370,2024-06-04,Fashion Frames,71.1,USD,71.1,US,Email Marketing,10,1
4049,2370,2024-08-24,Premium Frames,88.53,USD,88.53,US,Email Marketing,0,2
4050,2370,2025-05-27,Fashion Frames,39.83,USD,39.83,US,Email Marketing,0,3
4051,2370,2025-06-28,Ray-Ban,161.73,USD,161.73,US,Email Marketing,0,4
4052,2372,2023-06-26,Basic Frames,16.39,USD,16.39,US,Influencer,35,1
4053,2372,2023-07-26,Fashion Frames,50.67,USD,50.67,US,Influencer,0,2
4054,2373,2023-02-10,Fashion Frames,47.78,USD,47.78,US,Influencer,35,1
4055,2373,2023-03-12,Fashion Frames,60.61,USD,60.61,US,Influencer,0,2
4056,2373,2023-09-22,Fashion Frames,41.42,USD,41.42,US,Influencer,0,3
4057,2375,2024-12-26,Fashion Frames,53.27,USD,53.27,US,Direct,5,1
4058,2376,2024-03-24,Fashion Frames,77.48,USD,77.48,US,Google Search,30,1
4059,2376,2024-04-23,Basic Frames,9.49,USD,9.49,US,Google Search,0,2
4060,2377,2024-03-27,Fashion Frames,58.84,USD,58.84,US,Social Media,25,1
4061,2380,2024-09-25,Basic Frames,25.4,USD,25.4,US,Social Media,25,1
4062,2380,2025-07-13,Fashion Frames,69.69,USD,69.69,US,Social Media,0,2
4063,2382,2024-01-10,Fashion Frames,41.36,USD,41.36,US,Direct,5,1
4064,2382,2024-08-25,Basic Frames,6.55,USD,6.55,US,Direct,0,2
4065,2382,2024-09-24,Basic Frames,24.21,USD,24.21,US,Direct,0,3
4066,2382,2024-12-17,Premium Frames,110.18,USD,110.18,US,Direct,0,4
4067,2382,2025-01-16,Basic Frames,12.05,USD,12.05,US,Direct,0,5
4068,2383,2024-01-20,Oakley,131.34,USD,131.34,US,Direct,5,1
4069,2383,2025-01-19,Fashion Frames,44.42,USD,44.42,US,Direct,0,2
4070,2383,2025-06-16,Ray-Ban,159.09,USD,159.09,US,Direct,0,3
4071,2385,2023-10-20,Basic Frames,16.07,USD,16.07,US,Email Marketing,10,1
4072,2385,2023-11-19,Oakley,137.13,USD,137.13,US,Email Marketing,0,2
4073,2385,2024-02-08,Basic Frames,27.43,USD,27.43,US,Email Marketing,0,3
4074,2385,2025-02-07,Fashion Frames,40.02,USD,40.02,US,Email Marketing,0,4
4075,2386,2024-02-07,Oakley,191.6,USD,191.6,US,Social Media,25,1
4076,2386,2024-03-08,Premium Frames,110.57,USD,110.57,US,Social Media,0,2
4077,2388,2025-03-20,Fashion Frames,40.73,USD,40.73,US,Google Search,30,1
4078,2388,2025-05-30,Premium Frames,145.99,USD,145.99,US,Google Search,0,2
4079,2389,2023-12-13,Basic Frames,18.85,USD,18.85,US,Direct,5,1
4080,2392,2023-03-06,Basic Frames,27.9,USD,27.9,US,Google Search,30,1
4081,2392,2024-01-29,Basic Frames,19.69,USD,19.69,US,Google Search,0,2
4082,2392,2024-02-28,Fashion Frames,71.33,USD,71.33,US,Google Search,0,3
4083,2392,2024-03-29,Basic Frames,19.46,USD,19.46,US,Google Search,0,4
4084,2394,2024-10-10,Fashion Frames,66.41,USD,66.41,US,Influencer,35,1
4085,2394,2024-12-09,Basic Frames,19.88,USD,19.88,US,Influencer,0,2
4086,2395,2024-10-28,Premium Frames,126.82,USD,126.82,US,Google Search,30,1
4087,2395,2025-01-11,Basic Frames,25.76,USD,25.76,US,Google Search,0,2
4088,2395,2025-02-10,Ray-Ban,223.7,USD,223.7,US,Google Search,0,3
4089,2395,2025-07-23,Basic Frames,25.81,USD,25.81,US,Google Search,0,4
4090,2397,2023-03-14,Fashion Frames,74.93,USD,74.93,US,Social Media,25,1
4091,2397,2023-05-13,Basic Frames,28.41,USD,28.41,US,Social Media,0,2
4092,2398,2023-12-24,Ray-Ban,182.32,USD,182.32,US,Social Media,25,1
4093,2398,2024-03-12,Basic Frames,25.01,USD,25.01,US,Social Media,0,2
4094,2398,2024-06-30,Fashion Frames,64.02,USD,64.02,US,Social Media,0,3
4095,2398,2024-09-20,Premium Frames,99.13,USD,99.13,US,Social Media,0,4
4096,2403,2023-10-19,Fashion Frames,62.31,USD,62.31,US,Influencer,35,1
4097,2403,2024-10-18,Fashion Frames,59.34,USD,59.34,US,Influencer,0,2
4098,2404,2023-09-21,Basic Frames,23.9,USD,23.9,US,Google Search,30,1
4099,2404,2024-09-20,Basic Frames,10.5,USD,10.5,US,Google Search,0,2
4100,2404,2024-10-21,Fashion Frames,65.13,USD,65.13,US,Google Search,0,3
4101,2404,2025-01-14,Basic Frames,24.59,USD,24.59,US,Google Search,0,4
4102,2405,2025-01-12,Fashion Frames,41.59,USD,41.59,US,Direct,5,1
4103,2405,2025-02-16,Basic Frames,11.03,USD,11.03,US,Direct,0,2
4104,2406,2025-06-15,Premium Frames,127.89,USD,127.89,US,Social Media,25,1
4105,2406,2025-07-20,Fashion Frames,77.8,USD,77.8,US,Social Media,0,2
4106,2407,2024-11-10,Fashion Frames,48.83,USD,48.83,US,Social Media,25,1
4107,2407,2024-12-10,Premium Frames,101.83,USD,101.83,US,Social Media,0,2
4108,2407,2025-01-09,Fashion Frames,46.04,USD,46.04,US,Social Media,0,3
4109,2407,2025-04-23,Fashion Frames,71.13,USD,71.13,US,Social Media,0,4
4110,2408,2025-07-24,Premium Frames,115.44,USD,115.44,US,Email Marketing,10,1
4111,2410,2025-06-15,Fashion Frames,48.23,USD,48.23,US,Email Marketing,10,1
4112,2410,2025-07-15,Ray-Ban,232.99,USD,232.99,US,Email Marketing,0,2
4113,2411,2023-06-08,Premium Frames,148.21,USD,148.21,US,Google Search,30,1
4114,2412,2023-12-09,Fashion Frames,76.39,USD,76.39,US,Direct,5,1
4115,2412,2024-12-08,Basic Frames,17.01,USD,17.01,US,Direct,0,2
4116,2413,2023-04-10,Basic Frames,19.27,USD,19.27,US,Google Search,30,1
4117,2413,2023-05-10,Fashion Frames,38.97,USD,38.97,US,Google Search,0,2
4118,2413,2023-07-07,Fashion Frames,52.36,USD,52.36,US,Google Search,0,3
4119,2413,2023-11-10,Basic Frames,12.84,USD,12.84,US,Google Search,0,4
4120,2414,2024-08-19,Basic Frames,22.33,USD,22.33,US,Social Media,25,1
4121,2414,2025-03-01,Ray-Ban,213.78,USD,213.78,US,Social Media,0,2
4122,2415,2024-11-17,Ray-Ban,243.85,USD,243.85,US,Google Search,30,1
4123,2418,2023-12-31,Fashion Frames,72.02,USD,72.02,US,Social Media,25,1
4124,2418,2024-07-06,Ray-Ban,159.87,USD,159.87,US,Social Media,0,2
4125,2418,2024-08-05,Fashion Frames,31.8,USD,31.8,US,Social Media,0,3
4126,2418,2025-04-03,Fashion Frames,76.69,USD,76.69,US,Social Media,0,4
4127,2419,2023-11-15,Fashion Frames,67.75,USD,67.75,US,Social Media,25,1
4128,2419,2024-04-11,Basic Frames,20.97,USD,20.97,US,Social Media,0,2
4129,2419,2024-05-11,Basic Frames,19.07,USD,19.07,US,Social Media,0,3
4130,2419,2024-11-03,Premium Frames,124.71,USD,124.71,US,Social Media,0,4
4131,2420,2024-11-05,Fashion Frames,70.49,USD,70.49,US,Google Search,30,1
4132,2420,2024-12-28,Basic Frames,22.03,USD,22.03,US,Google Search,0,2
4133,2422,2024-11-13,Basic Frames,24.65,USD,24.65,US,Email Marketing,10,1
4134,2422,2025-01-24,Basic Frames,19.24,USD,19.24,US,Email Marketing,0,2
4135,2423,2024-02-08,Fashion Frames,72.96,USD,72.96,US,Email Marketing,10,1
4136,2423,2024-06-11,Basic Frames,28.81,USD,28.81,US,Email Marketing,0,2
4137,2423,2025-01-27,Basic Frames,14.41,USD,14.41,US,Email Marketing,0,3
4138,2425,2024-09-16,Basic Frames,27.79,USD,27.79,US,Google Search,30,1
4139,2425,2024-11-02,Ray-Ban,214.84,USD,214.84,US,Google Search,0,2
4140,2425,2024-12-02,Basic Frames,24.83,USD,24.83,US,Google Search,0,3
4141,2425,2025-02-05,Fashion Frames,50.39,USD,50.39,US,Google Search,0,4
4142,2425,2025-06-10,Fashion Frames,77.04,USD,77.04,US,Google Search,0,5
4143,2427,2023-04-06,Fashion Frames,44.11,USD,44.11,US,Google Search,30,1
4144,2427,2023-06-16,Basic Frames,21.81,USD,21.81,US,Google Search,0,2
4145,2428,2023-11-14,Basic Frames,27.66,USD,27.66,US,Social Media,25,1
4146,2430,2024-01-22,Premium Frames,81.29,USD,81.29,US,Google Search,30,1
4147,2432,2025-04-03,Fashion Frames,32.29,USD,32.29,US,Social Media,25,1
4148,2432,2025-05-03,Oakley,183.24,USD,183.24,US,Social Media,0,2
4149,2434,2025-04-19,Basic Frames,23.79,USD,23.79,US,Direct,5,1
4150,2434,2025-05-22,Premium Frames,102.91,USD,102.91,US,Direct,0,2
4151,2435,2023-05-14,Basic Frames,19.73,USD,19.73,US,Social Media,25,1
4152,2436,2024-11-20,Basic Frames,19.34,USD,19.34,US,Direct,5,1
4153,2436,2025-03-23,Basic Frames,15.39,USD,15.39,US,Direct,0,2
4154,2436,2025-06-09,Basic Frames,20.79,USD,20.79,US,Direct,0,3
4155,2437,2024-12-21,Basic Frames,7.24,USD,7.24,US,Social Media,25,1
4156,2437,2025-01-20,Basic Frames,28.37,USD,28.37,US,Social Media,0,2
4157,2438,2025-05-02,Basic Frames,28.55,USD,28.55,US,Google Search,30,1
4158,2438,2025-06-20,Basic Frames,15.37,USD,15.37,US,Google Search,0,2
4159,2440,2024-12-12,Basic Frames,13.63,USD,13.63,US,Social Media,25,1
4160,2441,2025-07-23,Basic Frames,11.54,USD,11.54,US,Social Media,25,1
4161,2442,2024-07-08,Fashion Frames,37.19,USD,37.19,US,Social Media,25,1
4162,2442,2024-08-07,Oakley,129.47,USD,129.47,US,Social Media,0,2
4163,2442,2024-09-06,Fashion Frames,59.27,USD,59.27,US,Social Media,0,3
4164,2443,2023-04-06,Premium Frames,193.71,AUD,133.59,Australia,Social Media,25,1
4165,2443,2023-06-02,Basic Frames,40.6,AUD,28.0,Australia,Social Media,0,2
4166,2443,2023-08-20,Ray-Ban,339.15,AUD,233.9,Australia,Social Media,0,3
4167,2443,2023-09-19,Premium Frames,133.36,AUD,91.97,Australia,Social Media,0,4
4168,2443,2023-11-22,Basic Frames,19.92,AUD,13.74,Australia,Social Media,0,5
4169,2443,2024-07-05,Ray-Ban,232.33,AUD,160.23,Australia,Social Media,0,6
4170,2444,2024-11-03,Basic Frames,6.28,USD,6.28,US,Google Search,30,1
4171,2444,2024-12-03,Fashion Frames,68.73,USD,68.73,US,Google Search,0,2
4172,2445,2024-12-04,Fashion Frames,61.29,USD,61.29,US,Email Marketing,10,1
4173,2445,2025-01-03,Fashion Frames,57.64,USD,57.64,US,Email Marketing,0,2
4174,2445,2025-02-02,Fashion Frames,78.65,USD,78.65,US,Email Marketing,0,3
4175,2445,2025-07-10,Premium Frames,120.45,USD,120.45,US,Email Marketing,0,4
4176,2445,2025-08-09,Fashion Frames,32.24,USD,32.24,US,Email Marketing,0,5
4177,2448,2024-01-07,Fashion Frames,51.82,GBP,69.1,UK,Direct,5,1
4178,2448,2024-03-24,Fashion Frames,30.11,GBP,40.14,UK,Direct,0,2
4179,2448,2024-05-02,Fashion Frames,47.23,GBP,62.97,UK,Direct,0,3
4180,2449,2023-01-19,Oakley,135.51,USD,135.51,US,Influencer,35,1
4181,2449,2023-02-18,Fashion Frames,72.18,USD,72.18,US,Influencer,0,2
4182,2449,2023-05-20,Basic Frames,23.43,USD,23.43,US,Influencer,0,3
4183,2451,2023-11-26,Premium Frames,98.97,USD,98.97,US,Direct,5,1
4184,2452,2023-07-19,Fashion Frames,35.07,USD,35.07,US,Social Media,25,1
4185,2453,2023-08-14,Fashion Frames,32.13,USD,32.13,US,Direct,5,1
4186,2453,2024-05-12,Basic Frames,29.64,USD,29.64,US,Direct,0,2
4187,2453,2024-08-23,Basic Frames,26.81,USD,26.81,US,Direct,0,3
4188,2454,2023-12-27,Basic Frames,28.25,USD,28.25,US,Email Marketing,10,1
4189,2454,2024-04-22,Oakley,129.81,USD,129.81,US,Email Marketing,0,2
4190,2455,2025-03-07,Basic Frames,12.29,USD,12.29,US,Social Media,25,1
4191,2455,2025-08-08,Premium Frames,93.46,USD,93.46,US,Social Media,0,2
4192,2456,2024-05-13,Basic Frames,26.27,USD,26.27,US,Social Media,25,1
4193,2456,2024-09-16,Fashion Frames,75.72,USD,75.72,US,Social Media,0,2
4194,2456,2024-12-06,Premium Frames,95.35,USD,95.35,US,Social Media,0,3
4195,2456,2025-02-22,Premium Frames,87.95,USD,87.95,US,Social Media,0,4
4196,2458,2023-08-21,Fashion Frames,54.84,USD,54.84,US,Influencer,35,1
4197,2458,2023-09-20,Basic Frames,21.02,USD,21.02,US,Influencer,0,2
4198,2458,2024-02-05,Basic Frames,11.05,USD,11.05,US,Influencer,0,3
4199,2458,2024-06-14,Ray-Ban,192.57,USD,192.57,US,Influencer,0,4
4200,2460,2023-06-11,Ray-Ban,195.64,USD,195.64,US,Social Media,25,1
4201,2460,2023-07-11,Ray-Ban,166.95,USD,166.95,US,Social Media,0,2
4202,2460,2023-10-08,Basic Frames,13.17,USD,13.17,US,Social Media,0,3
4203,2460,2023-12-18,Basic Frames,27.69,USD,27.69,US,Social Media,0,4
4204,2461,2023-03-21,Premium Frames,124.55,USD,124.55,US,Google Search,30,1
4205,2461,2023-06-07,Premium Frames,139.98,USD,139.98,US,Google Search,0,2
4206,2461,2024-01-01,Basic Frames,8.81,USD,8.81,US,Google Search,0,3
4207,2462,2023-11-15,Premium Frames,104.93,USD,104.93,US,Direct,5,1
4208,2464,2025-03-18,Fashion Frames,31.25,USD,31.25,US,Email Marketing,10,1
4209,2464,2025-04-17,Ray-Ban,202.65,USD,202.65,US,Email Marketing,0,2
4210,2465,2023-04-16,Basic Frames,8.92,USD,8.92,US,Google Search,30,1
4211,2465,2023-07-03,Basic Frames,20.55,USD,20.55,US,Google Search,0,2
4212,2466,2024-06-04,Ray-Ban,202.28,USD,202.28,US,Social Media,25,1
4213,2466,2024-10-26,Basic Frames,24.26,USD,24.26,US,Social Media,0,2
4214,2466,2025-02-04,Ray-Ban,172.41,USD,172.41,US,Social Media,0,3
4215,2466,2025-03-26,Basic Frames,14.76,USD,14.76,US,Social Media,0,4
4216,2468,2024-07-21,Premium Frames,90.56,USD,90.56,US,Social Media,25,1
4217,2468,2024-09-20,Basic Frames,8.0,USD,8.0,US,Social Media,0,2
4218,2469,2025-05-08,Basic Frames,9.04,USD,9.04,US,Social Media,25,1
4219,2470,2025-01-29,Basic Frames,10.78,USD,10.78,US,Influencer,35,1
4220,2471,2025-06-28,Premium Frames,110.38,EUR,129.86,France,Social Media,25,1
4221,2472,2024-07-02,Basic Frames,17.21,USD,17.21,US,Social Media,25,1
4222,2472,2024-09-11,Oakley,184.72,USD,184.72,US,Social Media,0,2
4223,2472,2025-04-04,Premium Frames,111.09,USD,111.09,US,Social Media,0,3
4224,2475,2023-12-17,Basic Frames,10.75,USD,10.75,US,Google Search,30,1
4225,2475,2024-01-16,Fashion Frames,72.46,USD,72.46,US,Google Search,0,2
4226,2475,2024-03-08,Fashion Frames,66.15,USD,66.15,US,Google Search,0,3
4227,2475,2024-06-14,Fashion Frames,78.13,USD,78.13,US,Google Search,0,4
4228,2475,2024-07-14,Fashion Frames,36.04,USD,36.04,US,Google Search,0,5
4229,2477,2025-03-08,Fashion Frames,39.12,USD,39.12,US,Social Media,25,1
4230,2477,2025-04-07,Premium Frames,95.2,USD,95.2,US,Social Media,0,2
4231,2479,2023-05-28,Basic Frames,16.71,USD,16.71,US,Google Search,30,1
4232,2479,2023-06-27,Fashion Frames,60.22,USD,60.22,US,Google Search,0,2
4233,2479,2023-10-31,Basic Frames,12.52,USD,12.52,US,Google Search,0,3
4234,2479,2024-01-15,Basic Frames,13.65,USD,13.65,US,Google Search,0,4
4235,2479,2024-05-04,Premium Frames,88.42,USD,88.42,US,Google Search,0,5
4236,2479,2024-10-11,Basic Frames,15.19,USD,15.19,US,Google Search,0,6
4237,2480,2024-09-11,Fashion Frames,48.29,USD,48.29,US,Social Media,25,1
4238,2480,2025-01-08,Basic Frames,27.55,USD,27.55,US,Social Media,0,2
4239,2480,2025-03-16,Fashion Frames,71.15,USD,71.15,US,Social Media,0,3
4240,2481,2024-01-21,Basic Frames,27.35,USD,27.35,US,Google Search,30,1
4241,2481,2024-02-20,Premium Frames,147.11,USD,147.11,US,Google Search,0,2
4242,2482,2023-06-08,Basic Frames,15.84,USD,15.84,US,Social Media,25,1
4243,2482,2023-10-01,Fashion Frames,60.59,USD,60.59,US,Social Media,0,2
4244,2482,2023-11-14,Premium Frames,141.53,USD,141.53,US,Social Media,0,3
4245,2482,2024-01-25,Oakley,196.03,USD,196.03,US,Social Media,0,4
4246,2482,2024-02-24,Basic Frames,18.73,USD,18.73,US,Social Media,0,5
4247,2482,2024-04-07,Basic Frames,15.56,USD,15.56,US,Social Media,0,6
4248,2483,2023-06-25,Basic Frames,25.42,USD,25.42,US,Social Media,25,1
4249,2484,2023-07-29,Fashion Frames,58.16,AUD,40.11,Australia,Direct,5,1
4250,2484,2023-10-01,Premium Frames,142.0,AUD,97.93,Australia,Direct,0,2
4251,2484,2023-11-12,Basic Frames,16.18,AUD,11.16,Australia,Direct,0,3
4252,2485,2025-05-01,Premium Frames,91.01,USD,91.01,US,Email Marketing,10,1
4253,2486,2024-12-17,Fashion Frames,31.47,USD,31.47,US,Influencer,35,1
4254,2486,2025-04-21,Basic Frames,22.52,USD,22.52,US,Influencer,0,2
4255,2486,2025-06-28,Basic Frames,23.2,USD,23.2,US,Influencer,0,3
4256,2486,2025-07-28,Fashion Frames,41.47,USD,41.47,US,Influencer,0,4
4257,2487,2025-03-01,Fashion Frames,46.76,USD,46.76,US,Influencer,35,1
4258,2488,2024-10-06,Premium Frames,85.57,USD,85.57,US,Influencer,35,1
4259,2488,2024-11-05,Basic Frames,12.81,USD,12.81,US,Influencer,0,2
4260,2489,2025-04-13,Ray-Ban,172.53,USD,172.53,US,Social Media,25,1
4261,2489,2025-05-23,Fashion Frames,58.49,USD,58.49,US,Social Media,0,2
4262,2490,2025-07-18,Premium Frames,146.29,USD,146.29,US,Google Search,30,1
4263,2493,2024-03-30,Fashion Frames,62.67,USD,62.67,US,Social Media,25,1
4264,2493,2024-10-21,Fashion Frames,64.42,USD,64.42,US,Social Media,0,2
4265,2493,2025-03-21,Ray-Ban,194.09,USD,194.09,US,Social Media,0,3
4266,2495,2024-02-25,Fashion Frames,33.43,USD,33.43,US,Direct,5,1
4267,2495,2024-03-26,Fashion Frames,55.2,USD,55.2,US,Direct,0,2
4268,2495,2024-07-28,Fashion Frames,33.29,USD,33.29,US,Direct,0,3
4269,2495,2024-08-27,Basic Frames,12.59,USD,12.59,US,Direct,0,4
4270,2496,2024-02-08,Basic Frames,16.87,USD,16.87,US,Social Media,25,1
4271,2497,2024-11-30,Fashion Frames,59.97,USD,59.97,US,Influencer,35,1
4272,2498,2025-01-10,Fashion Frames,32.04,USD,32.04,US,Direct,5,1
4273,2498,2025-03-02,Premium Frames,82.23,USD,82.23,US,Direct,0,2
4274,2498,2025-04-01,Fashion Frames,69.38,USD,69.38,US,Direct,0,3
4275,2499,2023-09-01,Fashion Frames,26.55,EUR,31.23,France,Google Search,30,1
4276,2499,2023-10-01,Basic Frames,14.52,EUR,17.08,France,Google Search,0,2
4277,2499,2023-12-06,Basic Frames,7.78,EUR,9.15,France,Google Search,0,3
4278,2501,2024-09-22,Basic Frames,18.8,USD,18.8,US,Social Media,25,1
4279,2502,2023-10-28,Premium Frames,104.28,USD,104.28,US,Google Search,30,1
4280,2502,2023-11-30,Oakley,121.3,USD,121.3,US,Google Search,0,2
4281,2502,2023-12-30,Basic Frames,17.28,USD,17.28,US,Google Search,0,3
4282,2504,2025-03-01,Fashion Frames,45.75,USD,45.75,US,Social Media,25,1
4283,2504,2025-03-31,Fashion Frames,46.54,USD,46.54,US,Social Media,0,2
4284,2504,2025-08-03,Fashion Frames,47.95,USD,47.95,US,Social Media,0,3
4285,2505,2025-03-22,Basic Frames,24.59,USD,24.59,US,Email Marketing,10,1
4286,2506,2024-04-06,Basic Frames,7.13,USD,7.13,US,Google Search,30,1
4287,2507,2023-08-31,Premium Frames,148.89,USD,148.89,US,Direct,5,1
4288,2508,2024-07-07,Basic Frames,21.39,USD,21.39,US,Google Search,30,1
4289,2508,2024-11-17,Basic Frames,27.85,USD,27.85,US,Google Search,0,2
4290,2508,2025-01-30,Ray-Ban,234.46,USD,234.46,US,Google Search,0,3
4291,2508,2025-03-24,Fashion Frames,76.95,USD,76.95,US,Google Search,0,4
4292,2509,2023-09-06,Fashion Frames,41.98,USD,41.98,US,Direct,5,1
4293,2511,2025-04-10,Premium Frames,149.55,USD,149.55,US,Social Media,25,1
4294,2514,2025-07-27,Ray-Ban,159.71,USD,159.71,US,Influencer,35,1
4295,2518,2024-11-25,Basic Frames,6.12,USD,6.12,US,Social Media,25,1
4296,2519,2024-08-15,Ray-Ban,156.2,USD,156.2,US,Google Search,30,1
4297,2519,2024-09-14,Premium Frames,141.95,USD,141.95,US,Google Search,0,2
4298,2519,2025-02-04,Basic Frames,7.03,USD,7.03,US,Google Search,0,3
4299,2519,2025-03-07,Fashion Frames,33.35,USD,33.35,US,Google Search,0,4
4300,2519,2025-05-29,Fashion Frames,45.91,USD,45.91,US,Google Search,0,5
4301,2520,2024-03-30,Basic Frames,22.51,USD,22.51,US,Social Media,25,1
4302,2520,2024-08-10,Basic Frames,25.0,USD,25.0,US,Social Media,0,2
4303,2521,2024-04-17,Basic Frames,22.77,USD,22.77,US,Social Media,25,1
4304,2523,2023-11-07,Basic Frames,8.88,USD,8.88,US,Google Search,30,1
4305,2523,2024-03-18,Ray-Ban,182.61,USD,182.61,US,Google Search,0,2
4306,2523,2024-08-08,Basic Frames,9.55,USD,9.55,US,Google Search,0,3
4307,2523,2024-09-22,Basic Frames,20.02,USD,20.02,US,Google Search,0,4
4308,2526,2024-06-09,Fashion Frames,63.74,USD,63.74,US,Email Marketing,10,1
4309,2526,2024-07-09,Basic Frames,18.52,USD,18.52,US,Email Marketing,0,2
4310,2526,2024-11-08,Fashion Frames,42.79,USD,42.79,US,Email Marketing,0,3
4311,2527,2024-07-04,Basic Frames,17.76,USD,17.76,US,Google Search,30,1
4312,2528,2024-03-08,Fashion Frames,68.86,USD,68.86,US,Google Search,30,1
4313,2528,2024-06-26,Ray-Ban,198.79,USD,198.79,US,Google Search,0,2
4314,2528,2024-07-26,Basic Frames,8.2,USD,8.2,US,Google Search,0,3
4315,2530,2025-04-23,Fashion Frames,48.3,USD,48.3,US,Google Search,30,1
4316,2532,2025-04-01,Basic Frames,21.53,USD,21.53,US,Direct,5,1
4317,2534,2023-05-24,Basic Frames,7.8,USD,7.8,US,Google Search,30,1
4318,2534,2023-10-21,Fashion Frames,55.24,USD,55.24,US,Google Search,0,2
4319,2535,2025-06-17,Fashion Frames,63.85,USD,63.85,US,Direct,5,1
4320,2536,2023-09-16,Basic Frames,15.24,USD,15.24,US,Influencer,35,1
4321,2537,2023-02-26,Premium Frames,104.49,USD,104.49,US,Direct,5,1
4322,2537,2023-10-18,Ray-Ban,231.59,USD,231.59,US,Direct,0,2
4323,2537,2023-11-17,Basic Frames,24.28,USD,24.28,US,Direct,0,3
4324,2537,2023-12-17,Fashion Frames,56.18,USD,56.18,US,Direct,0,4
4325,2537,2024-03-08,Basic Frames,13.52,USD,13.52,US,Direct,0,5
4326,2537,2024-08-09,Basic Frames,28.67,USD,28.67,US,Direct,0,6
4327,2537,2025-03-27,Basic Frames,23.0,USD,23.0,US,Direct,0,7
4328,2538,2024-10-31,Fashion Frames,72.54,USD,72.54,US,Direct,5,1
4329,2538,2025-07-02,Premium Frames,88.29,USD,88.29,US,Direct,0,2
4330,2539,2024-05-23,Fashion Frames,75.92,USD,75.92,US,Social Media,25,1
4331,2539,2024-07-01,Basic Frames,15.25,USD,15.25,US,Social Media,0,2
4332,2539,2024-11-17,Fashion Frames,53.17,USD,53.17,US,Social Media,0,3
4333,2539,2024-12-17,Basic Frames,20.89,USD,20.89,US,Social Media,0,4
4334,2539,2025-05-30,Basic Frames,10.87,USD,10.87,US,Social Media,0,5
4335,2540,2025-06-20,Fashion Frames,34.36,USD,34.36,US,Direct,5,1
4336,2540,2025-07-20,Basic Frames,16.15,USD,16.15,US,Direct,0,2
4337,2541,2024-01-18,Basic Frames,28.84,USD,28.84,US,Google Search,30,1
4338,2541,2024-02-19,Fashion Frames,59.28,USD,59.28,US,Google Search,0,2
4339,2542,2024-07-27,Oakley,156.88,USD,156.88,US,Influencer,35,1
4340,2542,2024-11-22,Ray-Ban,161.61,USD,161.61,US,Influencer,0,2
4341,2542,2025-01-01,Basic Frames,8.64,USD,8.64,US,Influencer,0,3
4342,2544,2023-04-24,Fashion Frames,44.07,USD,44.07,US,Social Media,25,1
4343,2545,2025-01-06,Fashion Frames,57.01,USD,57.01,US,Google Search,30,1
4344,2545,2025-08-01,Premium Frames,105.29,USD,105.29,US,Google Search,0,2
4345,2546,2025-05-16,Basic Frames,19.21,USD,19.21,US,Direct,5,1
4346,2546,2025-08-02,Fashion Frames,48.37,USD,48.37,US,Direct,0,2
4347,2547,2024-06-19,Oakley,151.75,USD,151.75,US,Email Marketing,10,1
4348,2548,2025-06-03,Ray-Ban,184.04,USD,184.04,US,Social Media,25,1
4349,2548,2025-07-03,Fashion Frames,52.63,USD,52.63,US,Social Media,0,2
4350,2549,2023-05-11,Oakley,123.93,USD,123.93,US,Social Media,25,1
4351,2549,2023-09-09,Premium Frames,107.39,USD,107.39,US,Social Media,0,2
4352,2549,2024-03-24,Fashion Frames,76.47,USD,76.47,US,Social Media,0,3
4353,2550,2023-10-20,Basic Frames,10.55,USD,10.55,US,Google Search,30,1
4354,2550,2023-11-29,Fashion Frames,39.66,USD,39.66,US,Google Search,0,2
4355,2550,2024-11-28,Ray-Ban,178.32,USD,178.32,US,Google Search,0,3
4356,2550,2024-12-28,Basic Frames,20.58,USD,20.58,US,Google Search,0,4
4357,2551,2023-03-30,Premium Frames,88.53,USD,88.53,US,Social Media,25,1
4358,2552,2025-02-21,Basic Frames,11.97,USD,11.97,US,Social Media,25,1
4359,2553,2023-06-14,Premium Frames,88.95,USD,88.95,US,Direct,5,1
4360,2553,2024-01-25,Premium Frames,142.76,USD,142.76,US,Direct,0,2
4361,2553,2024-02-24,Premium Frames,120.69,USD,120.69,US,Direct,0,3
4362,2553,2024-03-25,Basic Frames,11.73,USD,11.73,US,Direct,0,4
4363,2554,2023-10-08,Basic Frames,12.61,USD,12.61,US,Direct,5,1
4364,2554,2023-11-07,Basic Frames,27.18,USD,27.18,US,Direct,0,2
4365,2554,2024-04-11,Basic Frames,22.79,USD,22.79,US,Direct,0,3
4366,2554,2024-11-13,Fashion Frames,50.82,USD,50.82,US,Direct,0,4
4367,2555,2024-04-05,Ray-Ban,172.77,USD,172.77,US,Google Search,30,1
4368,2555,2024-05-05,Ray-Ban,232.58,USD,232.58,US,Google Search,0,2
4369,2555,2024-06-04,Premium Frames,128.73,USD,128.73,US,Google Search,0,3
4370,2556,2025-07-17,Premium Frames,92.8,USD,92.8,US,Direct,5,1
4371,2557,2024-06-17,Basic Frames,21.29,USD,21.29,US,Google Search,30,1
4372,2557,2024-07-17,Fashion Frames,65.59,USD,65.59,US,Google Search,0,2
4373,2558,2023-05-31,Fashion Frames,31.15,USD,31.15,US,Google Search,30,1
4374,2559,2025-05-02,Basic Frames,27.79,USD,27.79,US,Direct,5,1
4375,2560,2024-03-23,Fashion Frames,67.22,USD,67.22,US,Google Search,30,1
4376,2560,2024-05-16,Fashion Frames,72.78,USD,72.78,US,Google Search,0,2
4377,2560,2024-09-11,Fashion Frames,64.71,USD,64.71,US,Google Search,0,3
4378,2561,2023-04-04,Premium Frames,108.82,EUR,128.02,France,Direct,5,1
4379,2561,2023-09-22,Basic Frames,8.5,EUR,10.0,France,Direct,0,2
4380,2561,2024-05-17,Fashion Frames,40.19,EUR,47.28,France,Direct,0,3
4381,2562,2025-07-24,Fashion Frames,78.15,USD,78.15,US,Social Media,25,1
4382,2563,2023-09-15,Fashion Frames,51.97,USD,51.97,US,Google Search,30,1
4383,2564,2025-05-08,Ray-Ban,247.46,USD,247.46,US,Google Search,30,1
4384,2566,2025-06-25,Fashion Frames,68.25,USD,68.25,US,Google Search,30,1
4385,2567,2024-01-02,Basic Frames,14.45,USD,14.45,US,Direct,5,1
4386,2567,2024-07-29,Basic Frames,17.37,USD,17.37,US,Direct,0,2
4387,2567,2024-09-16,Basic Frames,6.02,USD,6.02,US,Direct,0,3
4388,2569,2023-02-05,Basic Frames,7.08,USD,7.08,US,Google Search,30,1
4389,2569,2024-02-05,Ray-Ban,152.72,USD,152.72,US,Google Search,0,2
4390,2569,2024-07-13,Oakley,174.4,USD,174.4,US,Google Search,0,3
4391,2570,2024-03-02,Basic Frames,11.48,USD,11.48,US,Google Search,30,1
4392,2571,2023-03-09,Premium Frames,133.09,USD,133.09,US,Social Media,25,1
4393,2573,2024-05-29,Basic Frames,25.29,USD,25.29,US,Email Marketing,10,1
4394,2574,2024-01-28,Basic Frames,15.11,EUR,17.78,France,Social Media,25,1
4395,2574,2024-02-27,Premium Frames,89.42,EUR,105.2,France,Social Media,0,2
4396,2575,2023-09-03,Basic Frames,21.92,USD,21.92,US,Social Media,25,1
4397,2575,2024-09-02,Basic Frames,12.08,USD,12.08,US,Social Media,0,2
4398,2575,2024-10-02,Premium Frames,112.65,USD,112.65,US,Social Media,0,3
4399,2577,2023-04-05,Fashion Frames,47.35,USD,47.35,US,Direct,5,1
4400,2577,2023-05-05,Basic Frames,18.43,USD,18.43,US,Direct,0,2
4401,2578,2024-01-26,Basic Frames,26.76,USD,26.76,US,Influencer,35,1
4402,2578,2024-02-25,Premium Frames,139.22,USD,139.22,US,Influencer,0,2
4403,2578,2024-10-05,Fashion Frames,54.73,USD,54.73,US,Influencer,0,3
4404,2578,2024-11-04,Basic Frames,12.48,USD,12.48,US,Influencer,0,4
4405,2579,2023-08-18,Premium Frames,125.15,USD,125.15,US,Influencer,35,1
4406,2579,2023-09-17,Basic Frames,9.55,USD,9.55,US,Influencer,0,2
4407,2579,2023-11-29,Fashion Frames,51.11,USD,51.11,US,Influencer,0,3
4408,2579,2024-01-15,Fashion Frames,41.79,USD,41.79,US,Influencer,0,4
4409,2581,2023-11-28,Fashion Frames,32.51,USD,32.51,US,Social Media,25,1
4410,2582,2025-08-17,Fashion Frames,65.09,USD,65.09,US,Influencer,35,1
4411,2583,2023-04-19,Basic Frames,10.95,USD,10.95,US,Google Search,30,1
4412,2583,2023-07-01,Fashion Frames,35.37,USD,35.37,US,Google Search,0,2
4413,2585,2025-01-31,Fashion Frames,36.29,USD,36.29,US,Social Media,25,1
4414,2585,2025-04-07,Basic Frames,12.57,USD,12.57,US,Social Media,0,2
4415,2586,2024-10-29,Basic Frames,19.08,USD,19.08,US,Influencer,35,1
4416,2590,2023-05-28,Basic Frames,27.85,USD,27.85,US,Google Search,30,1
4417,2590,2023-08-31,Fashion Frames,48.09,USD,48.09,US,Google Search,0,2
4418,2590,2023-09-30,Basic Frames,13.95,USD,13.95,US,Google Search,0,3
4419,2590,2024-04-27,Basic Frames,20.14,USD,20.14,US,Google Search,0,4
4420,2590,2024-07-04,Ray-Ban,244.58,USD,244.58,US,Google Search,0,5
4421,2591,2023-02-18,Premium Frames,94.15,USD,94.15,US,Social Media,25,1
4422,2591,2023-03-20,Basic Frames,19.91,USD,19.91,US,Social Media,0,2
4423,2591,2023-05-20,Premium Frames,129.43,USD,129.43,US,Social Media,0,3
4424,2591,2023-07-24,Ray-Ban,233.58,USD,233.58,US,Social Media,0,4
4425,2592,2023-10-26,Basic Frames,25.09,USD,25.09,US,Direct,5,1
4426,2592,2023-12-16,Fashion Frames,58.77,USD,58.77,US,Direct,0,2
4427,2592,2024-02-28,Premium Frames,135.68,USD,135.68,US,Direct,0,3
4428,2592,2024-04-28,Basic Frames,14.33,USD,14.33,US,Direct,0,4
4429,2593,2025-08-15,Basic Frames,6.2,USD,6.2,US,Email Marketing,10,1
4430,2595,2024-05-04,Basic Frames,22.34,USD,22.34,US,Google Search,30,1
4431,2595,2024-08-23,Fashion Frames,56.64,USD,56.64,US,Google Search,0,2
4432,2595,2024-11-12,Basic Frames,12.95,USD,12.95,US,Google Search,0,3
4433,2596,2024-12-19,Basic Frames,14.36,AUD,9.9,Australia,Social Media,25,1
4434,2596,2025-01-18,Basic Frames,25.64,AUD,17.68,Australia,Social Media,0,2
4435,2596,2025-06-02,Fashion Frames,49.55,AUD,34.17,Australia,Social Media,0,3
4436,2597,2025-05-13,Basic Frames,24.49,AUD,16.89,Australia,Influencer,35,1
4437,2597,2025-07-26,Basic Frames,16.27,AUD,11.22,Australia,Influencer,0,2
4438,2599,2025-02-17,Ray-Ban,199.35,USD,199.35,US,Google Search,30,1
4439,2599,2025-04-12,Fashion Frames,31.25,USD,31.25,US,Google Search,0,2
4440,2600,2025-01-10,Fashion Frames,71.87,USD,71.87,US,Social Media,25,1
4441,2601,2024-05-03,Fashion Frames,37.75,USD,37.75,US,Direct,5,1
4442,2601,2024-06-02,Oakley,190.3,USD,190.3,US,Direct,0,2
4443,2601,2025-03-06,Premium Frames,135.18,USD,135.18,US,Direct,0,3
4444,2602,2024-04-20,Premium Frames,147.14,USD,147.14,US,Influencer,35,1
4445,2602,2024-10-02,Ray-Ban,206.51,USD,206.51,US,Influencer,0,2
4446,2602,2025-01-06,Fashion Frames,77.73,USD,77.73,US,Influencer,0,3
4447,2603,2024-09-28,Fashion Frames,37.99,USD,37.99,US,Social Media,25,1
4448,2603,2024-11-09,Fashion Frames,66.92,USD,66.92,US,Social Media,0,2
4449,2604,2023-01-07,Basic Frames,28.04,USD,28.04,US,Google Search,30,1
4450,2605,2025-07-19,Fashion Frames,32.57,USD,32.57,US,Social Media,25,1
4451,2607,2023-01-21,Basic Frames,22.28,USD,22.28,US,Influencer,35,1
4452,2608,2023-09-20,Fashion Frames,50.56,USD,50.56,US,Social Media,25,1
4453,2608,2024-01-11,Premium Frames,143.39,USD,143.39,US,Social Media,0,2
4454,2611,2023-06-04,Ray-Ban,168.16,USD,168.16,US,Social Media,25,1
4455,2611,2023-10-16,Basic Frames,16.46,USD,16.46,US,Social Media,0,2
4456,2614,2024-09-26,Fashion Frames,68.62,USD,68.62,US,Google Search,30,1
4457,2614,2025-01-17,Fashion Frames,43.25,USD,43.25,US,Google Search,0,2
4458,2615,2024-06-28,Premium Frames,94.77,USD,94.77,US,Google Search,30,1
4459,2615,2024-07-28,Fashion Frames,45.94,USD,45.94,US,Google Search,0,2
4460,2615,2024-09-17,Fashion Frames,45.57,USD,45.57,US,Google Search,0,3
4461,2617,2023-05-01,Basic Frames,10.4,USD,10.4,US,Direct,5,1
4462,2620,2023-09-08,Premium Frames,117.33,USD,117.33,US,Direct,5,1
4463,2621,2023-11-06,Basic Frames,18.09,USD,18.09,US,Direct,5,1
4464,2621,2023-12-25,Ray-Ban,218.83,USD,218.83,US,Direct,0,2
4465,2621,2024-07-08,Ray-Ban,186.4,USD,186.4,US,Direct,0,3
4466,2621,2025-07-08,Fashion Frames,48.36,USD,48.36,US,Direct,0,4
4467,2622,2023-05-09,Basic Frames,29.07,USD,29.07,US,Google Search,30,1
4468,2622,2023-07-13,Basic Frames,17.07,USD,17.07,US,Google Search,0,2
4469,2622,2023-09-03,Premium Frames,143.97,USD,143.97,US,Google Search,0,3
4470,2623,2023-03-15,Basic Frames,24.4,USD,24.4,US,Social Media,25,1
4471,2624,2023-09-16,Basic Frames,9.37,USD,9.37,US,Direct,5,1
4472,2624,2023-10-16,Basic Frames,27.76,USD,27.76,US,Direct,0,2
4473,2624,2023-11-15,Basic Frames,24.88,USD,24.88,US,Direct,0,3
4474,2624,2024-03-30,Basic Frames,19.93,USD,19.93,US,Direct,0,4
4475,2625,2024-03-10,Basic Frames,20.9,USD,20.9,US,Google Search,30,1
4476,2625,2024-04-29,Basic Frames,27.6,USD,27.6,US,Google Search,0,2
4477,2625,2025-03-13,Fashion Frames,74.01,USD,74.01,US,Google Search,0,3
4478,2626,2024-11-11,Oakley,187.61,USD,187.61,US,Email Marketing,10,1
4479,2626,2024-12-27,Basic Frames,9.02,USD,9.02,US,Email Marketing,0,2
4480,2627,2025-03-25,Fashion Frames,53.68,USD,53.68,US,Email Marketing,10,1
4481,2627,2025-05-22,Fashion Frames,68.39,USD,68.39,US,Email Marketing,0,2
4482,2628,2024-09-30,Basic Frames,26.14,USD,26.14,US,Email Marketing,10,1
4483,2628,2024-10-30,Fashion Frames,35.15,USD,35.15,US,Email Marketing,0,2
4484,2628,2024-12-23,Basic Frames,12.48,USD,12.48,US,Email Marketing,0,3
4485,2630,2023-03-10,Premium Frames,122.01,USD,122.01,US,Social Media,25,1
4486,2630,2023-04-09,Fashion Frames,71.28,USD,71.28,US,Social Media,0,2
4487,2630,2024-04-08,Fashion Frames,58.71,USD,58.71,US,Social Media,0,3
4488,2630,2024-06-16,Fashion Frames,64.84,USD,64.84,US,Social Media,0,4
4489,2632,2025-05-12,Premium Frames,121.34,USD,121.34,US,Social Media,25,1
4490,2633,2025-07-24,Premium Frames,130.47,USD,130.47,US,Direct,5,1
4491,2634,2024-05-30,Premium Frames,116.62,USD,116.62,US,Google Search,30,1
4492,2634,2025-04-21,Basic Frames,19.49,USD,19.49,US,Google Search,0,2
4493,2636,2024-07-11,Premium Frames,142.76,USD,142.76,US,Social Media,25,1
4494,2636,2024-12-11,Premium Frames,125.14,USD,125.14,US,Social Media,0,2
4495,2636,2025-02-16,Oakley,132.38,USD,132.38,US,Social Media,0,3
4496,2636,2025-08-11,Fashion Frames,61.78,USD,61.78,US,Social Media,0,4
4497,2637,2023-01-22,Fashion Frames,76.89,USD,76.89,US,Influencer,35,1
4498,2637,2023-02-24,Ray-Ban,230.76,USD,230.76,US,Influencer,0,2
4499,2637,2023-06-01,Fashion Frames,61.56,USD,61.56,US,Influencer,0,3
4500,2637,2023-08-08,Basic Frames,10.82,USD,10.82,US,Influencer,0,4
4501,2637,2024-04-20,Basic Frames,7.61,USD,7.61,US,Influencer,0,5
4502,2637,2024-08-21,Fashion Frames,38.5,USD,38.5,US,Influencer,0,6
4503,2639,2024-06-13,Fashion Frames,43.11,USD,43.11,US,Direct,5,1
4504,2639,2024-12-16,Fashion Frames,36.08,USD,36.08,US,Direct,0,2
4505,2640,2024-08-18,Fashion Frames,55.78,USD,55.78,US,Social Media,25,1
4506,2641,2023-09-09,Basic Frames,28.23,USD,28.23,US,Google Search,30,1
4507,2641,2024-07-27,Basic Frames,13.2,USD,13.2,US,Google Search,0,2
4508,2642,2025-01-05,Fashion Frames,40.02,USD,40.02,US,Email Marketing,10,1
4509,2643,2023-05-30,Basic Frames,26.35,USD,26.35,US,Influencer,35,1
4510,2643,2023-08-08,Premium Frames,98.96,USD,98.96,US,Influencer,0,2
4511,2643,2023-09-28,Fashion Frames,61.03,USD,61.03,US,Influencer,0,3
4512,2643,2023-10-28,Basic Frames,16.54,USD,16.54,US,Influencer,0,4
4513,2644,2023-11-03,Fashion Frames,37.04,USD,37.04,US,Direct,5,1
4514,2644,2024-03-22,Ray-Ban,165.48,USD,165.48,US,Direct,0,2
4515,2644,2024-08-25,Basic Frames,6.52,USD,6.52,US,Direct,0,3
4516,2644,2024-10-16,Basic Frames,9.4,USD,9.4,US,Direct,0,4
4517,2644,2024-11-15,Ray-Ban,224.72,USD,224.72,US,Direct,0,5
4518,2645,2024-03-24,Premium Frames,116.29,USD,116.29,US,Email Marketing,10,1
4519,2646,2023-01-18,Basic Frames,10.81,USD,10.81,US,Social Media,25,1
4520,2646,2023-03-04,Fashion Frames,54.54,USD,54.54,US,Social Media,0,2
4521,2646,2023-08-30,Fashion Frames,45.18,USD,45.18,US,Social Media,0,3
4522,2646,2023-09-29,Basic Frames,8.4,USD,8.4,US,Social Media,0,4
4523,2647,2024-09-28,Fashion Frames,49.0,USD,49.0,US,Google Search,30,1
4524,2648,2023-12-31,Basic Frames,15.26,USD,15.26,US,Google Search,30,1
4525,2648,2024-01-30,Fashion Frames,70.19,USD,70.19,US,Google Search,0,2
4526,2648,2024-03-28,Basic Frames,17.14,USD,17.14,US,Google Search,0,3
4527,2650,2024-08-07,Fashion Frames,44.89,USD,44.89,US,Social Media,25,1
4528,2650,2025-01-01,Ray-Ban,162.89,USD,162.89,US,Social Media,0,2
4529,2651,2024-03-02,Fashion Frames,59.45,USD,59.45,US,Google Search,30,1
4530,2652,2023-07-11,Basic Frames,21.61,USD,21.61,US,Social Media,25,1
4531,2652,2023-08-10,Ray-Ban,216.06,USD,216.06,US,Social Media,0,2
4532,2652,2023-09-22,Fashion Frames,52.78,USD,52.78,US,Social Media,0,3
4533,2652,2023-11-06,Basic Frames,27.79,USD,27.79,US,Social Media,0,4
4534,2652,2023-12-06,Basic Frames,14.51,USD,14.51,US,Social Media,0,5
4535,2653,2024-11-23,Basic Frames,27.18,USD,27.18,US,Google Search,30,1
4536,2654,2024-12-15,Basic Frames,6.22,USD,6.22,US,Google Search,30,1
4537,2654,2025-01-21,Basic Frames,9.8,USD,9.8,US,Google Search,0,2
4538,2655,2023-04-08,Ray-Ban,236.24,USD,236.24,US,Social Media,25,1
4539,2656,2024-06-20,Fashion Frames,75.22,USD,75.22,US,Google Search,30,1
4540,2656,2025-01-08,Fashion Frames,56.73,USD,56.73,US,Google Search,0,2
4541,2657,2024-01-08,Basic Frames,10.19,USD,10.19,US,Google Search,30,1
4542,2657,2024-12-04,Fashion Frames,38.42,USD,38.42,US,Google Search,0,2
4543,2657,2025-04-10,Fashion Frames,63.14,USD,63.14,US,Google Search,0,3
4544,2658,2023-03-11,Basic Frames,17.03,USD,17.03,US,Email Marketing,10,1
4545,2658,2024-01-25,Basic Frames,26.61,USD,26.61,US,Email Marketing,0,2
4546,2658,2024-04-03,Basic Frames,9.36,USD,9.36,US,Email Marketing,0,3
4547,2658,2024-05-03,Basic Frames,24.84,USD,24.84,US,Email Marketing,0,4
4548,2659,2024-06-27,Basic Frames,28.16,USD,28.16,US,Social Media,25,1
4549,2659,2025-04-12,Basic Frames,7.64,USD,7.64,US,Social Media,0,2
4550,2659,2025-07-01,Fashion Frames,72.13,USD,72.13,US,Social Media,0,3
4551,2660,2024-07-30,Premium Frames,147.42,USD,147.42,US,Social Media,25,1
4552,2660,2024-08-29,Premium Frames,122.8,USD,122.8,US,Social Media,0,2
4553,2660,2024-12-14,Fashion Frames,39.84,USD,39.84,US,Social Media,0,3
4554,2661,2024-06-13,Basic Frames,18.17,USD,18.17,US,Direct,5,1
4555,2662,2025-03-27,Basic Frames,12.22,USD,12.22,US,Email Marketing,10,1
4556,2663,2024-06-07,Basic Frames,20.13,USD,20.13,US,Direct,5,1
4557,2663,2025-06-07,Fashion Frames,59.46,USD,59.46,US,Direct,0,2
4558,2664,2024-07-21,Premium Frames,138.26,USD,138.26,US,Social Media,25,1
4559,2664,2024-09-07,Premium Frames,85.66,USD,85.66,US,Social Media,0,2
4560,2665,2023-01-27,Ray-Ban,223.55,USD,223.55,US,Social Media,25,1
4561,2665,2023-05-31,Basic Frames,11.56,USD,11.56,US,Social Media,0,2
4562,2665,2023-09-01,Ray-Ban,216.86,USD,216.86,US,Social Media,0,3
4563,2666,2024-02-05,Premium Frames,127.87,USD,127.87,US,Social Media,25,1
4564,2667,2025-06-18,Fashion Frames,42.35,USD,42.35,US,Direct,5,1
4565,2671,2024-02-04,Fashion Frames,74.16,USD,74.16,US,Google Search,30,1
4566,2671,2024-03-05,Premium Frames,131.24,USD,131.24,US,Google Search,0,2
4567,2671,2024-04-04,Basic Frames,15.22,USD,15.22,US,Google Search,0,3
4568,2674,2025-02-05,Basic Frames,12.01,USD,12.01,US,Google Search,30,1
4569,2674,2025-07-03,Basic Frames,6.9,USD,6.9,US,Google Search,0,2
4570,2676,2024-01-07,Fashion Frames,49.34,USD,49.34,US,Direct,5,1
4571,2676,2024-07-18,Basic Frames,21.15,USD,21.15,US,Direct,0,2
4572,2676,2024-08-28,Basic Frames,6.71,USD,6.71,US,Direct,0,3
4573,2677,2025-03-19,Basic Frames,8.58,USD,8.58,US,Social Media,25,1
4574,2677,2025-04-23,Fashion Frames,53.03,USD,53.03,US,Social Media,0,2
4575,2677,2025-06-12,Premium Frames,90.19,USD,90.19,US,Social Media,0,3
4576,2678,2023-03-28,Basic Frames,19.36,USD,19.36,US,Direct,5,1
4577,2678,2023-09-04,Basic Frames,10.7,USD,10.7,US,Direct,0,2
4578,2678,2023-10-28,Fashion Frames,55.06,USD,55.06,US,Direct,0,3
4579,2679,2023-12-23,Basic Frames,11.41,USD,11.41,US,Google Search,30,1
4580,2679,2024-05-10,Premium Frames,132.21,USD,132.21,US,Google Search,0,2
4581,2680,2023-10-04,Fashion Frames,56.9,USD,56.9,US,Social Media,25,1
4582,2680,2024-06-13,Basic Frames,24.96,USD,24.96,US,Social Media,0,2
4583,2680,2025-02-14,Fashion Frames,35.21,USD,35.21,US,Social Media,0,3
4584,2680,2025-03-16,Basic Frames,6.58,USD,6.58,US,Social Media,0,4
4585,2680,2025-04-21,Ray-Ban,246.02,USD,246.02,US,Social Media,0,5
4586,2681,2025-01-21,Oakley,122.66,USD,122.66,US,Google Search,30,1
4587,2681,2025-03-10,Basic Frames,9.37,USD,9.37,US,Google Search,0,2
4588,2681,2025-04-09,Basic Frames,6.13,USD,6.13,US,Google Search,0,3
4589,2683,2024-10-31,Basic Frames,26.75,USD,26.75,US,Google Search,30,1
4590,2683,2025-04-03,Fashion Frames,47.69,USD,47.69,US,Google Search,0,2
4591,2683,2025-05-03,Basic Frames,22.38,USD,22.38,US,Google Search,0,3
4592,2683,2025-06-17,Basic Frames,28.99,USD,28.99,US,Google Search,0,4
4593,2685,2025-03-02,Fashion Frames,58.46,AUD,40.32,Australia,Email Marketing,10,1
4594,2686,2024-08-28,Basic Frames,25.86,USD,25.86,US,Google Search,30,1
4595,2686,2025-08-08,Basic Frames,18.02,USD,18.02,US,Google Search,0,2
4596,2687,2025-01-23,Fashion Frames,75.09,USD,75.09,US,Direct,5,1
4597,2687,2025-02-22,Fashion Frames,72.82,USD,72.82,US,Direct,0,2
4598,2689,2023-12-15,Fashion Frames,61.65,USD,61.65,US,Social Media,25,1
4599,2689,2024-03-30,Basic Frames,26.98,USD,26.98,US,Social Media,0,2
4600,2690,2023-05-29,Premium Frames,89.78,USD,89.78,US,Social Media,25,1
4601,2690,2023-06-28,Fashion Frames,56.35,USD,56.35,US,Social Media,0,2
4602,2691,2023-02-17,Ray-Ban,200.37,USD,200.37,US,Google Search,30,1
4603,2692,2023-12-27,Fashion Frames,57.49,USD,57.49,US,Email Marketing,10,1
4604,2692,2024-04-02,Basic Frames,6.54,USD,6.54,US,Email Marketing,0,2
4605,2692,2024-07-25,Premium Frames,137.67,USD,137.67,US,Email Marketing,0,3
4606,2693,2024-08-06,Premium Frames,138.14,USD,138.14,US,Direct,5,1
4607,2693,2024-09-20,Premium Frames,107.94,USD,107.94,US,Direct,0,2
4608,2694,2023-12-14,Basic Frames,26.94,USD,26.94,US,Direct,5,1
4609,2695,2025-04-20,Fashion Frames,45.12,USD,45.12,US,Direct,5,1
4610,2696,2024-11-02,Premium Frames,97.66,USD,97.66,US,Google Search,30,1
4611,2696,2024-12-11,Basic Frames,18.43,USD,18.43,US,Google Search,0,2
4612,2697,2023-07-02,Basic Frames,13.49,USD,13.49,US,Google Search,30,1
4613,2697,2023-10-10,Basic Frames,20.85,USD,20.85,US,Google Search,0,2
4614,2697,2024-10-09,Ray-Ban,205.05,USD,205.05,US,Google Search,0,3
4615,2699,2025-03-08,Basic Frames,28.49,USD,28.49,US,Influencer,35,1
4616,2699,2025-05-31,Oakley,198.79,USD,198.79,US,Influencer,0,2
4617,2699,2025-08-07,Fashion Frames,63.01,USD,63.01,US,Influencer,0,3
4618,2700,2024-12-21,Fashion Frames,51.65,USD,51.65,US,Direct,5,1
4619,2700,2025-03-10,Fashion Frames,40.83,USD,40.83,US,Direct,0,2
4620,2702,2024-12-26,Basic Frames,10.9,USD,10.9,US,Social Media,25,1
4621,2704,2024-10-19,Fashion Frames,68.11,USD,68.11,US,Social Media,25,1
4622,2704,2025-04-27,Basic Frames,27.9,USD,27.9,US,Social Media,0,2
4623,2704,2025-07-28,Premium Frames,85.3,USD,85.3,US,Social Media,0,3
4624,2705,2023-07-07,Basic Frames,25.34,USD,25.34,US,Influencer,35,1
4625,2705,2024-02-25,Basic Frames,19.53,USD,19.53,US,Influencer,0,2
4626,2705,2024-03-26,Basic Frames,20.64,USD,20.64,US,Influencer,0,3
4627,2705,2024-07-06,Premium Frames,138.62,USD,138.62,US,Influencer,0,4
4628,2707,2023-05-21,Basic Frames,7.7,USD,7.7,US,Social Media,25,1
4629,2707,2023-07-23,Fashion Frames,51.4,USD,51.4,US,Social Media,0,2
4630,2711,2024-04-13,Premium Frames,89.93,USD,89.93,US,Email Marketing,10,1
4631,2711,2024-05-13,Basic Frames,23.36,USD,23.36,US,Email Marketing,0,2
4632,2711,2024-07-12,Ray-Ban,161.3,USD,161.3,US,Email Marketing,0,3
4633,2712,2023-02-07,Basic Frames,11.41,USD,11.41,US,Direct,5,1
4634,2713,2023-10-31,Basic Frames,17.46,USD,17.46,US,Direct,5,1
4635,2713,2023-11-30,Ray-Ban,228.37,USD,228.37,US,Direct,0,2
4636,2713,2023-12-30,Basic Frames,27.03,USD,27.03,US,Direct,0,3
4637,2714,2023-07-26,Fashion Frames,76.63,USD,76.63,US,Google Search,30,1
4638,2714,2023-08-25,Premium Frames,82.82,USD,82.82,US,Google Search,0,2
4639,2716,2025-03-29,Fashion Frames,60.8,USD,60.8,US,Social Media,25,1
4640,2716,2025-04-28,Basic Frames,15.11,USD,15.11,US,Social Media,0,2
4641,2716,2025-05-28,Fashion Frames,64.5,USD,64.5,US,Social Media,0,3
4642,2717,2023-07-25,Premium Frames,114.27,USD,114.27,US,Direct,5,1
4643,2717,2023-12-13,Basic Frames,15.29,USD,15.29,US,Direct,0,2
4644,2717,2024-02-13,Fashion Frames,49.48,USD,49.48,US,Direct,0,3
4645,2718,2025-07-04,Oakley,176.11,USD,176.11,US,Direct,5,1
4646,2719,2023-03-03,Basic Frames,8.77,USD,8.77,US,Direct,5,1
4647,2719,2023-04-02,Fashion Frames,36.78,USD,36.78,US,Direct,0,2
4648,2720,2023-11-20,Basic Frames,27.69,USD,27.69,US,Google Search,30,1
4649,2720,2024-02-17,Fashion Frames,48.24,USD,48.24,US,Google Search,0,2
4650,2721,2025-08-14,Fashion Frames,75.99,USD,75.99,US,Social Media,25,1
4651,2722,2023-12-14,Basic Frames,8.21,USD,8.21,US,Social Media,25,1
4652,2722,2024-04-10,Premium Frames,81.69,USD,81.69,US,Social Media,0,2
4653,2722,2024-08-09,Fashion Frames,51.24,USD,51.24,US,Social Media,0,3
4654,2725,2025-04-29,Fashion Frames,33.24,USD,33.24,US,Direct,5,1
4655,2728,2023-10-01,Basic Frames,7.37,USD,7.37,US,Influencer,35,1
4656,2729,2023-02-12,Basic Frames,16.53,USD,16.53,US,Influencer,35,1
4657,2729,2023-05-21,Fashion Frames,44.85,USD,44.85,US,Influencer,0,2
4658,2729,2023-06-20,Fashion Frames,46.39,USD,46.39,US,Influencer,0,3
4659,2729,2023-10-13,Basic Frames,20.46,USD,20.46,US,Influencer,0,4
4660,2732,2023-07-20,Basic Frames,15.55,USD,15.55,US,Direct,5,1
4661,2732,2023-08-19,Basic Frames,21.78,USD,21.78,US,Direct,0,2
4662,2732,2023-11-27,Fashion Frames,63.17,USD,63.17,US,Direct,0,3
4663,2733,2023-10-21,Basic Frames,28.52,USD,28.52,US,Social Media,25,1
4664,2733,2023-12-30,Fashion Frames,41.09,USD,41.09,US,Social Media,0,2
4665,2733,2024-08-14,Basic Frames,22.93,USD,22.93,US,Social Media,0,3
4666,2733,2024-10-31,Fashion Frames,70.86,USD,70.86,US,Social Media,0,4
4667,2733,2025-01-09,Fashion Frames,74.98,USD,74.98,US,Social Media,0,5
4668,2735,2025-06-02,Fashion Frames,45.83,USD,45.83,US,Google Search,30,1
4669,2735,2025-07-07,Basic Frames,14.81,USD,14.81,US,Google Search,0,2
4670,2735,2025-08-14,Basic Frames,19.23,USD,19.23,US,Google Search,0,3
4671,2737,2023-02-18,Premium Frames,142.62,USD,142.62,US,Google Search,30,1
4672,2737,2023-03-20,Basic Frames,13.65,USD,13.65,US,Google Search,0,2
4673,2737,2023-04-19,Premium Frames,118.36,USD,118.36,US,Google Search,0,3
4674,2738,2025-06-16,Basic Frames,14.32,USD,14.32,US,Influencer,35,1
4675,2738,2025-08-14,Basic Frames,15.86,USD,15.86,US,Influencer,0,2
4676,2740,2023-12-09,Basic Frames,7.88,USD,7.88,US,Direct,5,1
4677,2740,2024-02-14,Fashion Frames,75.69,USD,75.69,US,Direct,0,2
4678,2740,2024-07-04,Fashion Frames,72.23,USD,72.23,US,Direct,0,3
4679,2740,2024-08-17,Fashion Frames,56.53,USD,56.53,US,Direct,0,4
4680,2740,2024-10-10,Ray-Ban,181.19,USD,181.19,US,Direct,0,5
4681,2741,2023-10-10,Basic Frames,8.95,USD,8.95,US,Email Marketing,10,1
4682,2741,2024-02-14,Ray-Ban,222.77,USD,222.77,US,Email Marketing,0,2
4683,2741,2024-03-15,Fashion Frames,69.61,USD,69.61,US,Email Marketing,0,3
4684,2741,2024-12-13,Basic Frames,6.86,USD,6.86,US,Email Marketing,0,4
4685,2741,2025-03-04,Premium Frames,97.22,USD,97.22,US,Email Marketing,0,5
4686,2742,2023-05-08,Fashion Frames,68.45,USD,68.45,US,Google Search,30,1
4687,2742,2023-06-07,Basic Frames,28.87,USD,28.87,US,Google Search,0,2
4688,2743,2025-03-30,Premium Frames,138.71,USD,138.71,US,Influencer,35,1
4689,2744,2024-01-14,Premium Frames,121.59,USD,121.59,US,Influencer,35,1
4690,2744,2024-02-13,Premium Frames,101.73,USD,101.73,US,Influencer,0,2
4691,2744,2024-03-14,Fashion Frames,78.29,USD,78.29,US,Influencer,0,3
4692,2744,2024-11-06,Basic Frames,7.43,USD,7.43,US,Influencer,0,4
4693,2744,2025-02-01,Basic Frames,26.51,USD,26.51,US,Influencer,0,5
4694,2745,2024-03-27,Fashion Frames,31.92,USD,31.92,US,Google Search,30,1
4695,2745,2024-09-25,Basic Frames,15.18,USD,15.18,US,Google Search,0,2
4696,2745,2024-10-25,Fashion Frames,52.76,USD,52.76,US,Google Search,0,3
4697,2745,2024-11-24,Fashion Frames,42.0,USD,42.0,US,Google Search,0,4
4698,2745,2025-03-06,Fashion Frames,49.59,USD,49.59,US,Google Search,0,5
4699,2746,2025-07-01,Fashion Frames,57.09,USD,57.09,US,Google Search,30,1
4700,2746,2025-07-31,Basic Frames,21.85,USD,21.85,US,Google Search,0,2
4701,2747,2024-02-29,Fashion Frames,68.39,USD,68.39,US,Social Media,25,1
4702,2751,2024-01-31,Premium Frames,138.14,USD,138.14,US,Direct,5,1
4703,2751,2024-03-01,Oakley,141.0,USD,141.0,US,Direct,0,2
4704,2753,2023-07-20,Basic Frames,6.66,USD,6.66,US,Social Media,25,1
4705,2753,2023-09-01,Basic Frames,23.42,USD,23.42,US,Social Media,0,2
4706,2753,2024-03-25,Basic Frames,20.92,USD,20.92,US,Social Media,0,3
4707,2759,2025-04-26,Basic Frames,28.86,USD,28.86,US,Social Media,25,1
4708,2759,2025-06-19,Premium Frames,145.34,USD,145.34,US,Social Media,0,2
4709,2759,2025-08-02,Basic Frames,12.9,USD,12.9,US,Social Media,0,3
4710,2761,2023-10-04,Basic Frames,16.17,USD,16.17,US,Influencer,35,1
4711,2761,2023-11-06,Fashion Frames,66.24,USD,66.24,US,Influencer,0,2
4712,2763,2023-03-28,Basic Frames,29.05,USD,29.05,US,Social Media,25,1
4713,2763,2023-04-27,Fashion Frames,53.9,USD,53.9,US,Social Media,0,2
4714,2763,2023-09-08,Basic Frames,29.82,USD,29.82,US,Social Media,0,3
4715,2764,2025-01-18,Fashion Frames,75.48,USD,75.48,US,Google Search,30,1
4716,2764,2025-02-17,Premium Frames,100.37,USD,100.37,US,Google Search,0,2
4717,2765,2024-03-11,Fashion Frames,44.45,USD,44.45,US,Google Search,30,1
4718,2765,2024-04-10,Fashion Frames,79.94,USD,79.94,US,Google Search,0,2
4719,2765,2024-05-10,Fashion Frames,68.8,USD,68.8,US,Google Search,0,3
4720,2766,2023-03-25,Basic Frames,19.71,USD,19.71,US,Email Marketing,10,1
4721,2766,2023-08-31,Basic Frames,6.93,USD,6.93,US,Email Marketing,0,2
4722,2767,2024-03-23,Fashion Frames,44.17,USD,44.17,US,Direct,5,1
4723,2767,2024-10-15,Fashion Frames,43.28,USD,43.28,US,Direct,0,2
4724,2767,2025-01-16,Premium Frames,126.06,USD,126.06,US,Direct,0,3
4725,2767,2025-08-15,Fashion Frames,68.81,USD,68.81,US,Direct,0,4
4726,2768,2024-09-11,Fashion Frames,46.04,USD,46.04,US,Social Media,25,1
4727,2769,2025-04-23,Fashion Frames,71.96,USD,71.96,US,Google Search,30,1
4728,2769,2025-06-24,Premium Frames,139.48,USD,139.48,US,Google Search,0,2
4729,2769,2025-07-24,Basic Frames,16.65,USD,16.65,US,Google Search,0,3
4730,2770,2023-07-07,Basic Frames,932.0,JPY,6.21,Japan,Google Search,30,1
4731,2771,2024-07-12,Fashion Frames,48.58,USD,48.58,US,Direct,5,1
4732,2772,2023-11-05,Premium Frames,119.41,USD,119.41,US,Direct,5,1
4733,2772,2023-12-05,Basic Frames,15.81,USD,15.81,US,Direct,0,2
4734,2773,2023-12-02,Ray-Ban,158.88,USD,158.88,US,Email Marketing,10,1
4735,2775,2023-03-23,Fashion Frames,66.05,EUR,77.71,France,Social Media,25,1
4736,2775,2023-05-17,Basic Frames,14.08,EUR,16.57,France,Social Media,0,2
4737,2775,2023-09-27,Basic Frames,10.36,EUR,12.19,France,Social Media,0,3
4738,2775,2024-01-06,Basic Frames,21.15,EUR,24.88,France,Social Media,0,4
4739,2776,2023-12-12,Fashion Frames,55.25,USD,55.25,US,Google Search,30,1
4740,2776,2024-01-11,Basic Frames,11.46,USD,11.46,US,Google Search,0,2
4741,2776,2024-02-16,Fashion Frames,39.55,USD,39.55,US,Google Search,0,3
4742,2778,2023-11-02,Fashion Frames,42.4,USD,42.4,US,Social Media,25,1
4743,2778,2024-02-15,Basic Frames,21.71,USD,21.71,US,Social Media,0,2
4744,2778,2024-03-16,Basic Frames,10.42,USD,10.42,US,Social Media,0,3
4745,2778,2024-06-24,Fashion Frames,55.83,USD,55.83,US,Social Media,0,4
4746,2779,2023-11-12,Premium Frames,102.9,USD,102.9,US,Influencer,35,1
4747,2780,2024-04-03,Premium Frames,96.73,USD,96.73,US,Social Media,25,1
4748,2780,2024-09-12,Fashion Frames,77.63,USD,77.63,US,Social Media,0,2
4749,2780,2024-10-12,Basic Frames,29.81,USD,29.81,US,Social Media,0,3
4750,2780,2025-03-03,Ray-Ban,247.55,USD,247.55,US,Social Media,0,4
4751,2781,2024-09-16,Ray-Ban,234.65,USD,234.65,US,Email Marketing,10,1
4752,2781,2024-11-09,Basic Frames,26.39,USD,26.39,US,Email Marketing,0,2
4753,2782,2025-01-16,Basic Frames,7.07,USD,7.07,US,Google Search,30,1
4754,2782,2025-07-24,Basic Frames,11.63,USD,11.63,US,Google Search,0,2
4755,2783,2024-03-14,Oakley,160.56,USD,160.56,US,Google Search,30,1
4756,2783,2024-04-13,Basic Frames,8.72,USD,8.72,US,Google Search,0,2
4757,2783,2024-05-25,Basic Frames,7.86,USD,7.86,US,Google Search,0,3
4758,2783,2025-03-20,Basic Frames,10.9,USD,10.9,US,Google Search,0,4
4759,2784,2023-06-24,Fashion Frames,71.63,USD,71.63,US,Google Search,30,1
4760,2784,2023-07-30,Basic Frames,22.34,USD,22.34,US,Google Search,0,2
4761,2784,2023-08-29,Basic Frames,7.71,USD,7.71,US,Google Search,0,3
4762,2785,2024-12-08,Basic Frames,12.79,USD,12.79,US,Direct,5,1
4763,2785,2025-05-12,Basic Frames,6.59,USD,6.59,US,Direct,0,2
4764,2785,2025-06-11,Basic Frames,20.57,USD,20.57,US,Direct,0,3
4765,2786,2024-04-02,Fashion Frames,78.78,USD,78.78,US,Social Media,25,1
4766,2786,2024-06-27,Basic Frames,27.54,USD,27.54,US,Social Media,0,2
4767,2786,2024-07-27,Basic Frames,14.99,USD,14.99,US,Social Media,0,3
4768,2786,2025-03-12,Ray-Ban,244.31,USD,244.31,US,Social Media,0,4
4769,2787,2023-12-26,Premium Frames,83.15,USD,83.15,US,Google Search,30,1
4770,2788,2024-04-06,Fashion Frames,45.25,USD,45.25,US,Social Media,25,1
4771,2788,2024-06-29,Ray-Ban,165.86,USD,165.86,US,Social Media,0,2
4772,2788,2024-07-29,Premium Frames,121.79,USD,121.79,US,Social Media,0,3
4773,2789,2023-02-23,Premium Frames,95.59,USD,95.59,US,Influencer,35,1
4774,2789,2023-04-10,Premium Frames,102.6,USD,102.6,US,Influencer,0,2
4775,2789,2023-10-11,Fashion Frames,66.07,USD,66.07,US,Influencer,0,3
4776,2789,2024-01-11,Premium Frames,132.2,USD,132.2,US,Influencer,0,4
4777,2791,2025-06-17,Basic Frames,28.56,USD,28.56,US,Direct,5,1
4778,2791,2025-07-17,Fashion Frames,49.56,USD,49.56,US,Direct,0,2
4779,2792,2025-08-03,Fashion Frames,63.2,USD,63.2,US,Social Media,25,1
4780,2793,2023-12-29,Fashion Frames,68.37,USD,68.37,US,Google Search,30,1
4781,2793,2024-01-28,Basic Frames,21.58,USD,21.58,US,Google Search,0,2
4782,2793,2024-10-07,Fashion Frames,77.8,USD,77.8,US,Google Search,0,3
4783,2793,2025-06-13,Basic Frames,29.01,USD,29.01,US,Google Search,0,4
4784,2793,2025-08-13,Basic Frames,29.82,USD,29.82,US,Google Search,0,5
4785,2794,2024-09-26,Basic Frames,29.95,USD,29.95,US,Direct,5,1
4786,2794,2024-10-26,Fashion Frames,61.89,USD,61.89,US,Direct,0,2
4787,2796,2023-10-17,Fashion Frames,36.94,USD,36.94,US,Direct,5,1
4788,2796,2024-09-13,Fashion Frames,74.05,USD,74.05,US,Direct,0,2
4789,2798,2025-04-01,Premium Frames,126.48,USD,126.48,US,Google Search,30,1
4790,2798,2025-05-01,Premium Frames,116.9,USD,116.9,US,Google Search,0,2
4791,2798,2025-08-13,Basic Frames,13.61,USD,13.61,US,Google Search,0,3
4792,2799,2023-03-09,Ray-Ban,207.95,USD,207.95,US,Influencer,35,1
4793,2799,2023-05-31,Basic Frames,27.87,USD,27.87,US,Influencer,0,2
4794,2799,2023-10-02,Ray-Ban,183.54,USD,183.54,US,Influencer,0,3
4795,2799,2023-11-01,Fashion Frames,70.15,USD,70.15,US,Influencer,0,4
4796,2801,2024-12-08,Fashion Frames,46.43,USD,46.43,US,Influencer,35,1
4797,2801,2025-03-18,Premium Frames,148.1,USD,148.1,US,Influencer,0,2
4798,2802,2024-10-15,Fashion Frames,52.81,USD,52.81,US,Influencer,35,1
4799,2802,2024-12-06,Basic Frames,28.98,USD,28.98,US,Influencer,0,2
4800,2803,2024-02-23,Fashion Frames,34.9,USD,34.9,US,Direct,5,1
4801,2803,2024-06-09,Premium Frames,119.67,USD,119.67,US,Direct,0,2
4802,2803,2025-01-21,Basic Frames,7.83,USD,7.83,US,Direct,0,3
4803,2804,2024-01-19,Premium Frames,114.41,USD,114.41,US,Google Search,30,1
4804,2804,2024-02-18,Fashion Frames,42.29,USD,42.29,US,Google Search,0,2
4805,2804,2024-05-07,Ray-Ban,228.84,USD,228.84,US,Google Search,0,3
4806,2804,2024-06-18,Basic Frames,11.51,USD,11.51,US,Google Search,0,4
4807,2808,2024-12-01,Fashion Frames,75.55,USD,75.55,US,Google Search,30,1
4808,2808,2025-02-03,Oakley,173.93,USD,173.93,US,Google Search,0,2
4809,2808,2025-03-05,Basic Frames,21.98,USD,21.98,US,Google Search,0,3
4810,2809,2023-07-03,Fashion Frames,70.0,USD,70.0,US,Google Search,30,1
4811,2809,2023-08-22,Fashion Frames,47.74,USD,47.74,US,Google Search,0,2
4812,2809,2023-09-21,Basic Frames,8.83,USD,8.83,US,Google Search,0,3
4813,2810,2023-02-02,Fashion Frames,55.75,USD,55.75,US,Google Search,30,1
4814,2811,2023-06-13,Premium Frames,115.1,USD,115.1,US,Social Media,25,1
4815,2811,2024-06-12,Basic Frames,27.15,USD,27.15,US,Social Media,0,2
4816,2812,2025-05-21,Fashion Frames,39.82,USD,39.82,US,Google Search,30,1
4817,2813,2024-09-17,Ray-Ban,167.51,USD,167.51,US,Direct,5,1
4818,2814,2024-11-26,Basic Frames,35.34,AUD,24.37,Australia,Email Marketing,10,1
4819,2814,2025-02-14,Fashion Frames,95.5,AUD,65.86,Australia,Email Marketing,0,2
4820,2814,2025-04-29,Basic Frames,25.06,AUD,17.28,Australia,Email Marketing,0,3
4821,2815,2025-03-12,Fashion Frames,73.6,USD,73.6,US,Social Media,25,1
4822,2815,2025-07-31,Basic Frames,26.01,USD,26.01,US,Social Media,0,2
4823,2816,2024-03-24,Fashion Frames,39.18,USD,39.18,US,Email Marketing,10,1
4824,2817,2023-03-07,Basic Frames,18.36,USD,18.36,US,Social Media,25,1
4825,2817,2023-08-02,Fashion Frames,56.94,USD,56.94,US,Social Media,0,2
4826,2817,2024-04-04,Basic Frames,15.31,USD,15.31,US,Social Media,0,3
4827,2817,2024-05-13,Basic Frames,16.14,USD,16.14,US,Social Media,0,4
4828,2818,2023-05-12,Fashion Frames,65.15,USD,65.15,US,Direct,5,1
4829,2818,2023-12-21,Basic Frames,11.79,USD,11.79,US,Direct,0,2
4830,2818,2024-10-11,Basic Frames,13.04,USD,13.04,US,Direct,0,3
4831,2818,2025-03-01,Fashion Frames,47.5,USD,47.5,US,Direct,0,4
4832,2820,2023-09-02,Basic Frames,20.61,USD,20.61,US,Direct,5,1
4833,2821,2025-03-19,Fashion Frames,66.39,USD,66.39,US,Direct,5,1
4834,2821,2025-08-03,Premium Frames,86.09,USD,86.09,US,Direct,0,2
4835,2825,2024-02-09,Fashion Frames,67.29,USD,67.29,US,Influencer,35,1
4836,2825,2024-03-10,Basic Frames,16.46,USD,16.46,US,Influencer,0,2
4837,2827,2023-02-04,Basic Frames,23.6,USD,23.6,US,Influencer,35,1
4838,2827,2023-03-17,Basic Frames,23.37,USD,23.37,US,Influencer,0,2
4839,2827,2023-06-08,Basic Frames,20.15,USD,20.15,US,Influencer,0,3
4840,2827,2023-08-07,Basic Frames,25.68,USD,25.68,US,Influencer,0,4
4841,2828,2024-09-18,Basic Frames,9.65,USD,9.65,US,Social Media,25,1
4842,2828,2025-04-25,Ray-Ban,151.77,USD,151.77,US,Social Media,0,2
4843,2829,2023-06-09,Basic Frames,22.17,USD,22.17,US,Influencer,35,1
4844,2829,2023-08-08,Basic Frames,16.88,USD,16.88,US,Influencer,0,2
4845,2829,2023-10-10,Fashion Frames,46.7,USD,46.7,US,Influencer,0,3
4846,2830,2024-11-30,Fashion Frames,66.4,USD,66.4,US,Direct,5,1
4847,2831,2024-04-06,Fashion Frames,68.88,USD,68.88,US,Social Media,25,1
4848,2832,2024-01-15,Fashion Frames,55.17,USD,55.17,US,Google Search,30,1
4849,2832,2025-01-14,Fashion Frames,33.37,USD,33.37,US,Google Search,0,2
4850,2833,2024-01-20,Basic Frames,18.6,USD,18.6,US,Social Media,25,1
4851,2834,2024-04-08,Fashion Frames,76.47,USD,76.47,US,Direct,5,1
4852,2834,2024-11-15,Basic Frames,12.85,USD,12.85,US,Direct,0,2
4853,2834,2025-03-21,Basic Frames,15.22,USD,15.22,US,Direct,0,3
4854,2837,2024-08-21,Fashion Frames,77.31,USD,77.31,US,Social Media,25,1
4855,2837,2024-10-11,Premium Frames,141.88,USD,141.88,US,Social Media,0,2
4856,2837,2025-01-04,Fashion Frames,66.82,USD,66.82,US,Social Media,0,3
4857,2838,2023-05-21,Premium Frames,100.2,USD,100.2,US,Social Media,25,1
4858,2838,2023-12-16,Basic Frames,27.11,USD,27.11,US,Social Media,0,2
4859,2838,2024-01-15,Fashion Frames,46.4,USD,46.4,US,Social Media,0,3
4860,2839,2024-06-26,Fashion Frames,39.11,USD,39.11,US,Social Media,25,1
4861,2840,2024-01-17,Fashion Frames,54.85,USD,54.85,US,Social Media,25,1
4862,2841,2024-02-14,Fashion Frames,39.3,USD,39.3,US,Google Search,30,1
4863,2841,2024-06-16,Basic Frames,28.54,USD,28.54,US,Google Search,0,2
4864,2842,2023-12-16,Basic Frames,20.55,USD,20.55,US,Social Media,25,1
4865,2842,2024-09-25,Basic Frames,8.55,USD,8.55,US,Social Media,0,2
4866,2842,2024-11-27,Fashion Frames,42.35,USD,42.35,US,Social Media,0,3
4867,2842,2025-02-04,Fashion Frames,44.65,USD,44.65,US,Social Media,0,4
4868,2842,2025-03-06,Premium Frames,87.62,USD,87.62,US,Social Media,0,5
4869,2843,2024-11-02,Fashion Frames,55.93,USD,55.93,US,Social Media,25,1
4870,2843,2025-01-25,Fashion Frames,39.27,USD,39.27,US,Social Media,0,2
4871,2844,2023-10-21,Fashion Frames,32.95,USD,32.95,US,Google Search,30,1
4872,2846,2023-05-05,Basic Frames,10.68,USD,10.68,US,Google Search,30,1
4873,2846,2023-08-19,Fashion Frames,54.93,USD,54.93,US,Google Search,0,2
4874,2848,2025-01-25,Basic Frames,12.76,USD,12.76,US,Social Media,25,1
4875,2848,2025-08-07,Premium Frames,146.4,USD,146.4,US,Social Media,0,2
4876,2849,2023-07-23,Premium Frames,111.69,USD,111.69,US,Direct,5,1
4877,2850,2024-05-27,Basic Frames,16.89,USD,16.89,US,Social Media,25,1
4878,2850,2024-09-07,Basic Frames,28.03,USD,28.03,US,Social Media,0,2
4879,2851,2024-06-14,Basic Frames,28.06,USD,28.06,US,Google Search,30,1
4880,2852,2024-02-03,Basic Frames,27.33,USD,27.33,US,Influencer,35,1
4881,2852,2024-03-09,Basic Frames,17.84,USD,17.84,US,Influencer,0,2
4882,2852,2024-04-19,Premium Frames,86.99,USD,86.99,US,Influencer,0,3
4883,2853,2025-07-25,Fashion Frames,44.64,USD,44.64,US,Email Marketing,10,1
4884,2854,2024-07-31,Basic Frames,29.24,USD,29.24,US,Google Search,30,1
4885,2857,2025-03-04,Basic Frames,7.78,USD,7.78,US,Social Media,25,1
4886,2858,2023-10-04,Basic Frames,14.05,USD,14.05,US,Social Media,25,1
4887,2858,2023-11-03,Fashion Frames,53.22,USD,53.22,US,Social Media,0,2
4888,2860,2024-04-04,Fashion Frames,34.63,USD,34.63,US,Email Marketing,10,1
4889,2860,2024-05-20,Fashion Frames,64.71,USD,64.71,US,Email Marketing,0,2
4890,2860,2024-07-18,Basic Frames,27.41,USD,27.41,US,Email Marketing,0,3
4891,2861,2023-08-09,Premium Frames,87.93,USD,87.93,US,Google Search,30,1
4892,2861,2024-01-16,Basic Frames,22.92,USD,22.92,US,Google Search,0,2
4893,2861,2024-02-15,Ray-Ban,202.61,USD,202.61,US,Google Search,0,3
4894,2861,2024-11-04,Fashion Frames,40.33,USD,40.33,US,Google Search,0,4
4895,2862,2024-09-25,Fashion Frames,72.04,USD,72.04,US,Email Marketing,10,1
4896,2862,2025-03-07,Basic Frames,21.03,USD,21.03,US,Email Marketing,0,2
4897,2864,2024-12-12,Fashion Frames,43.05,USD,43.05,US,Social Media,25,1
4898,2864,2025-08-17,Basic Frames,20.07,USD,20.07,US,Social Media,0,2
4899,2866,2024-05-24,Fashion Frames,40.59,USD,40.59,US,Google Search,30,1
4900,2867,2023-07-24,Premium Frames,114.43,USD,114.43,US,Direct,5,1
4901,2867,2023-10-15,Basic Frames,10.49,USD,10.49,US,Direct,0,2
4902,2868,2023-05-19,Fashion Frames,37.46,USD,37.46,US,Email Marketing,10,1
4903,2868,2023-06-20,Fashion Frames,62.1,USD,62.1,US,Email Marketing,0,2
4904,2868,2023-11-05,Basic Frames,8.13,USD,8.13,US,Email Marketing,0,3
4905,2868,2024-03-11,Basic Frames,18.39,USD,18.39,US,Email Marketing,0,4
4906,2868,2024-04-23,Fashion Frames,66.44,USD,66.44,US,Email Marketing,0,5
4907,2869,2023-06-02,Fashion Frames,52.28,USD,52.28,US,Social Media,25,1
4908,2870,2025-05-28,Basic Frames,20.67,USD,20.67,US,Direct,5,1
4909,2870,2025-08-14,Fashion Frames,65.79,USD,65.79,US,Direct,0,2
4910,2871,2023-03-17,Ray-Ban,219.11,USD,219.11,US,Social Media,25,1
4911,2872,2024-04-09,Basic Frames,21.14,USD,21.14,US,Email Marketing,10,1
4912,2872,2024-07-26,Fashion Frames,42.5,USD,42.5,US,Email Marketing,0,2
4913,2872,2025-05-30,Premium Frames,105.06,USD,105.06,US,Email Marketing,0,3
4914,2873,2023-07-01,Fashion Frames,77.76,USD,77.76,US,Social Media,25,1
4915,2873,2023-08-28,Premium Frames,141.57,USD,141.57,US,Social Media,0,2
4916,2873,2024-08-27,Fashion Frames,72.19,USD,72.19,US,Social Media,0,3
4917,2875,2024-12-31,Premium Frames,114.83,USD,114.83,US,Google Search,30,1
4918,2875,2025-06-07,Fashion Frames,61.87,USD,61.87,US,Google Search,0,2
4919,2876,2024-04-02,Ray-Ban,204.8,USD,204.8,US,Email Marketing,10,1
4920,2876,2024-05-02,Basic Frames,13.09,USD,13.09,US,Email Marketing,0,2
4921,2876,2024-07-19,Basic Frames,11.25,USD,11.25,US,Email Marketing,0,3
4922,2876,2025-04-15,Basic Frames,29.11,USD,29.11,US,Email Marketing,0,4
4923,2879,2024-12-27,Basic Frames,16.73,USD,16.73,US,Social Media,25,1
4924,2879,2025-04-09,Oakley,139.79,USD,139.79,US,Social Media,0,2
4925,2880,2025-05-15,Basic Frames,10.23,USD,10.23,US,Email Marketing,10,1
4926,2882,2024-11-16,Basic Frames,14.34,USD,14.34,US,Influencer,35,1
4927,2882,2025-04-30,Premium Frames,108.47,USD,108.47,US,Influencer,0,2
4928,2883,2023-12-24,Fashion Frames,74.23,USD,74.23,US,Direct,5,1
4929,2883,2024-12-23,Fashion Frames,72.17,USD,72.17,US,Direct,0,2
4930,2885,2023-03-19,Premium Frames,128.42,USD,128.42,US,Social Media,25,1
4931,2886,2024-07-22,Ray-Ban,177.52,USD,177.52,US,Google Search,30,1
4932,2886,2024-08-21,Fashion Frames,41.54,USD,41.54,US,Google Search,0,2
4933,2886,2025-02-13,Basic Frames,26.42,USD,26.42,US,Google Search,0,3
4934,2886,2025-03-15,Basic Frames,15.82,USD,15.82,US,Google Search,0,4
4935,2887,2024-07-10,Basic Frames,13.76,USD,13.76,US,Google Search,30,1
4936,2888,2023-11-08,Premium Frames,109.37,USD,109.37,US,Direct,5,1
4937,2888,2023-12-27,Basic Frames,25.42,USD,25.42,US,Direct,0,2
4938,2888,2024-05-12,Basic Frames,16.2,USD,16.2,US,Direct,0,3
4939,2888,2024-06-22,Fashion Frames,43.77,USD,43.77,US,Direct,0,4
4940,2888,2024-11-05,Ray-Ban,156.41,USD,156.41,US,Direct,0,5
4941,2888,2025-02-20,Fashion Frames,54.79,USD,54.79,US,Direct,0,6
4942,2888,2025-04-05,Fashion Frames,41.73,USD,41.73,US,Direct,0,7
4943,2889,2025-07-12,Ray-Ban,155.52,USD,155.52,US,Social Media,25,1
4944,2890,2023-11-07,Fashion Frames,41.84,USD,41.84,US,Social Media,25,1
4945,2890,2024-01-10,Basic Frames,27.01,USD,27.01,US,Social Media,0,2
4946,2890,2024-02-09,Fashion Frames,57.26,USD,57.26,US,Social Media,0,3
4947,2890,2025-02-08,Ray-Ban,228.18,USD,228.18,US,Social Media,0,4
4948,2891,2025-05-29,Ray-Ban,246.86,USD,246.86,US,Google Search,30,1
4949,2892,2023-06-25,Basic Frames,9.1,USD,9.1,US,Google Search,30,1
4950,2892,2023-07-25,Fashion Frames,57.45,USD,57.45,US,Google Search,0,2
4951,2892,2023-08-24,Basic Frames,28.81,USD,28.81,US,Google Search,0,3
4952,2892,2023-11-29,Premium Frames,82.46,USD,82.46,US,Google Search,0,4
4953,2892,2024-01-05,Premium Frames,107.16,USD,107.16,US,Google Search,0,5
4954,2894,2024-12-30,Basic Frames,14.46,USD,14.46,US,Email Marketing,10,1
4955,2894,2025-01-29,Basic Frames,24.38,USD,24.38,US,Email Marketing,0,2
4956,2894,2025-03-22,Fashion Frames,34.11,USD,34.11,US,Email Marketing,0,3
4957,2895,2025-08-12,Basic Frames,11.05,USD,11.05,US,Social Media,25,1
4958,2896,2024-12-21,Basic Frames,29.65,USD,29.65,US,Social Media,25,1
4959,2896,2025-01-20,Fashion Frames,72.07,USD,72.07,US,Social Media,0,2
4960,2896,2025-02-19,Premium Frames,108.29,USD,108.29,US,Social Media,0,3
4961,2897,2024-10-16,Basic Frames,12.96,USD,12.96,US,Social Media,25,1
4962,2898,2023-06-29,Basic Frames,14.97,USD,14.97,US,Social Media,25,1
4963,2899,2025-03-23,Fashion Frames,49.38,EUR,58.09,France,Direct,5,1
4964,2900,2024-01-09,Fashion Frames,31.67,USD,31.67,US,Direct,5,1
4965,2903,2023-05-12,Basic Frames,18.04,USD,18.04,US,Social Media,25,1
4966,2905,2025-03-23,Fashion Frames,44.87,USD,44.87,US,Influencer,35,1
4967,2906,2023-05-25,Fashion Frames,61.95,USD,61.95,US,Direct,5,1
4968,2906,2023-10-14,Basic Frames,22.51,USD,22.51,US,Direct,0,2
4969,2906,2024-01-14,Fashion Frames,32.66,USD,32.66,US,Direct,0,3
4970,2909,2024-05-31,Fashion Frames,50.64,USD,50.64,US,Email Marketing,10,1
4971,2909,2024-06-30,Fashion Frames,71.1,USD,71.1,US,Email Marketing,0,2
4972,2912,2024-07-22,Fashion Frames,55.72,USD,55.72,US,Social Media,25,1
4973,2912,2025-06-25,Fashion Frames,65.47,USD,65.47,US,Social Media,0,2
4974,2914,2024-01-14,Fashion Frames,97.72,AUD,67.39,Australia,Social Media,25,1
4975,2915,2024-04-28,Fashion Frames,76.03,USD,76.03,US,Direct,5,1
4976,2915,2024-07-26,Fashion Frames,35.68,USD,35.68,US,Direct,0,2
4977,2915,2024-09-13,Ray-Ban,209.23,USD,209.23,US,Direct,0,3
4978,2916,2025-04-12,Fashion Frames,71.74,USD,71.74,US,Google Search,30,1
4979,2919,2024-09-25,Basic Frames,23.84,USD,23.84,US,Direct,5,1
4980,2919,2024-10-25,Basic Frames,13.25,USD,13.25,US,Direct,0,2
4981,2919,2024-12-10,Basic Frames,17.01,USD,17.01,US,Direct,0,3
4982,2919,2025-04-08,Basic Frames,8.39,USD,8.39,US,Direct,0,4
4983,2921,2023-03-31,Fashion Frames,49.45,USD,49.45,US,Google Search,30,1
4984,2922,2023-04-08,Basic Frames,11.33,USD,11.33,US,Direct,5,1
4985,2923,2023-11-29,Basic Frames,12.69,USD,12.69,US,Google Search,30,1
4986,2923,2023-12-29,Fashion Frames,44.94,USD,44.94,US,Google Search,0,2
4987,2923,2024-03-27,Basic Frames,22.87,USD,22.87,US,Google Search,0,3
4988,2924,2024-02-16,Fashion Frames,49.74,USD,49.74,US,Google Search,30,1
4989,2924,2024-07-05,Basic Frames,29.84,USD,29.84,US,Google Search,0,2
4990,2928,2024-06-24,Fashion Frames,53.16,USD,53.16,US,Social Media,25,1
4991,2929,2024-03-03,Basic Frames,6.6,USD,6.6,US,Influencer,35,1
4992,2929,2024-06-28,Oakley,181.7,USD,181.7,US,Influencer,0,2
4993,2930,2025-03-02,Basic Frames,17.44,USD,17.44,US,Email Marketing,10,1
4994,2930,2025-04-12,Oakley,128.72,USD,128.72,US,Email Marketing,0,2
4995,2931,2024-02-25,Basic Frames,9.45,USD,9.45,US,Google Search,30,1
4996,2931,2024-05-27,Basic Frames,21.12,USD,21.12,US,Google Search,0,2
4997,2931,2024-06-26,Oakley,126.69,USD,126.69,US,Google Search,0,3
4998,2931,2025-03-29,Fashion Frames,58.48,USD,58.48,US,Google Search,0,4
4999,2932,2025-04-26,Fashion Frames,77.16,USD,77.16,US,Social Media,25,1
5000,2933,2024-08-14,Premium Frames,86.79,USD,86.79,US,Google Search,30,1
5001,2933,2024-12-05,Premium Frames,108.82,USD,108.82,US,Google Search,0,2
5002,2933,2025-01-09,Fashion Frames,72.07,USD,72.07,US,Google Search,0,3
5003,2933,2025-02-08,Fashion Frames,56.65,USD,56.65,US,Google Search,0,4
5004,2933,2025-04-17,Fashion Frames,72.14,USD,72.14,US,Google Search,0,5
5005,2935,2023-05-16,Fashion Frames,55.18,USD,55.18,US,Email Marketing,10,1
5006,2936,2023-11-26,Basic Frames,23.77,USD,23.77,US,Social Media,25,1
5007,2936,2024-01-08,Basic Frames,26.02,USD,26.02,US,Social Media,0,2
5008,2936,2024-02-07,Fashion Frames,32.79,USD,32.79,US,Social Media,0,3
5009,2936,2024-04-05,Basic Frames,22.54,USD,22.54,US,Social Media,0,4
5010,2936,2024-12-23,Premium Frames,122.31,USD,122.31,US,Social Media,0,5
5011,2938,2023-03-17,Basic Frames,11.02,USD,11.02,US,Social Media,25,1
5012,2938,2023-04-16,Premium Frames,119.81,USD,119.81,US,Social Media,0,2
5013,2939,2024-04-06,Fashion Frames,55.49,USD,55.49,US,Google Search,30,1
5014,2939,2024-05-24,Ray-Ban,245.99,USD,245.99,US,Google Search,0,2
5015,2939,2024-09-14,Fashion Frames,42.55,USD,42.55,US,Google Search,0,3
5016,2939,2024-10-14,Fashion Frames,53.61,USD,53.61,US,Google Search,0,4
5017,2939,2024-12-20,Fashion Frames,54.67,USD,54.67,US,Google Search,0,5
5018,2939,2025-02-15,Oakley,164.38,USD,164.38,US,Google Search,0,6
5019,2939,2025-06-28,Fashion Frames,67.24,USD,67.24,US,Google Search,0,7
5020,2942,2024-06-17,Basic Frames,7.86,USD,7.86,US,Google Search,30,1
5021,2942,2024-10-12,Fashion Frames,37.24,USD,37.24,US,Google Search,0,2
5022,2942,2025-02-07,Fashion Frames,31.67,USD,31.67,US,Google Search,0,3
5023,2942,2025-06-02,Basic Frames,18.48,USD,18.48,US,Google Search,0,4
5024,2943,2023-12-27,Basic Frames,10.74,USD,10.74,US,Social Media,25,1
5025,2943,2024-02-17,Premium Frames,141.01,USD,141.01,US,Social Media,0,2
5026,2943,2024-03-20,Fashion Frames,36.57,USD,36.57,US,Social Media,0,3
5027,2943,2024-07-17,Fashion Frames,74.39,USD,74.39,US,Social Media,0,4
5028,2943,2024-12-20,Premium Frames,115.17,USD,115.17,US,Social Media,0,5
5029,2944,2023-05-26,Basic Frames,18.59,USD,18.59,US,Direct,5,1
5030,2944,2023-10-07,Fashion Frames,37.85,USD,37.85,US,Direct,0,2
5031,2944,2023-12-13,Premium Frames,141.32,USD,141.32,US,Direct,0,3
5032,2944,2024-05-01,Fashion Frames,51.49,USD,51.49,US,Direct,0,4
5033,2945,2025-06-27,Fashion Frames,36.76,USD,36.76,US,Social Media,25,1
5034,2945,2025-07-27,Basic Frames,29.9,USD,29.9,US,Social Media,0,2
5035,2946,2025-04-30,Basic Frames,27.13,USD,27.13,US,Google Search,30,1
5036,2947,2025-04-01,Oakley,145.79,USD,145.79,US,Direct,5,1
5037,2949,2024-10-21,Fashion Frames,29.35,GBP,39.13,UK,Email Marketing,10,1
5038,2949,2025-04-18,Premium Frames,75.77,GBP,101.02,UK,Email Marketing,0,2
5039,2949,2025-06-30,Basic Frames,16.83,GBP,22.44,UK,Email Marketing,0,3
5040,2952,2025-03-05,Basic Frames,20.51,USD,20.51,US,Social Media,25,1
5041,2953,2023-05-19,Basic Frames,11.05,USD,11.05,US,Email Marketing,10,1
5042,2953,2023-08-01,Basic Frames,13.92,USD,13.92,US,Email Marketing,0,2
5043,2957,2025-06-11,Fashion Frames,66.04,USD,66.04,US,Social Media,25,1
5044,2958,2023-03-04,Basic Frames,13.62,USD,13.62,US,Social Media,25,1
5045,2958,2023-07-30,Basic Frames,10.3,USD,10.3,US,Social Media,0,2
5046,2958,2024-03-04,Ray-Ban,197.58,USD,197.58,US,Social Media,0,3
5047,2960,2023-05-26,Fashion Frames,65.37,USD,65.37,US,Social Media,25,1
5048,2960,2023-06-25,Premium Frames,94.75,USD,94.75,US,Social Media,0,2
5049,2960,2023-07-25,Basic Frames,8.25,USD,8.25,US,Social Media,0,3
5050,2961,2024-06-18,Basic Frames,8.27,USD,8.27,US,Social Media,25,1
5051,2961,2025-06-18,Basic Frames,21.0,USD,21.0,US,Social Media,0,2
5052,2961,2025-07-30,Ray-Ban,209.85,USD,209.85,US,Social Media,0,3
5053,2962,2023-06-09,Premium Frames,124.91,USD,124.91,US,Google Search,30,1
5054,2962,2023-07-09,Basic Frames,27.2,USD,27.2,US,Google Search,0,2
5055,2963,2023-11-20,Fashion Frames,31.69,USD,31.69,US,Social Media,25,1
5056,2963,2024-01-28,Premium Frames,94.29,USD,94.29,US,Social Media,0,2
5057,2964,2023-06-22,Basic Frames,27.88,USD,27.88,US,Social Media,25,1
5058,2965,2023-07-05,Ray-Ban,223.2,USD,223.2,US,Social Media,25,1
5059,2966,2023-11-30,Basic Frames,24.41,USD,24.41,US,Social Media,25,1
5060,2966,2023-12-30,Fashion Frames,76.78,USD,76.78,US,Social Media,0,2
5061,2967,2025-08-15,Ray-Ban,214.52,USD,214.52,US,Direct,5,1
5062,2968,2024-12-31,Fashion Frames,60.04,USD,60.04,US,Social Media,25,1
5063,2968,2025-06-08,Fashion Frames,36.05,USD,36.05,US,Social Media,0,2
5064,2968,2025-07-08,Basic Frames,11.19,USD,11.19,US,Social Media,0,3
5065,2969,2023-08-26,Basic Frames,19.53,USD,19.53,US,Google Search,30,1
5066,2969,2024-01-19,Premium Frames,89.74,USD,89.74,US,Google Search,0,2
5067,2970,2024-01-06,Fashion Frames,62.6,USD,62.6,US,Social Media,25,1
5068,2970,2024-04-22,Basic Frames,15.19,USD,15.19,US,Social Media,0,2
5069,2970,2024-10-04,Fashion Frames,59.21,USD,59.21,US,Social Media,0,3
5070,2972,2025-07-06,Premium Frames,147.7,USD,147.7,US,Social Media,25,1
5071,2972,2025-08-05,Basic Frames,23.69,USD,23.69,US,Social Media,0,2
5072,2973,2023-10-20,Basic Frames,27.82,USD,27.82,US,Email Marketing,10,1
5073,2973,2024-01-02,Fashion Frames,41.26,USD,41.26,US,Email Marketing,0,2
5074,2973,2024-02-01,Basic Frames,6.06,USD,6.06,US,Email Marketing,0,3
5075,2973,2024-05-25,Basic Frames,11.56,USD,11.56,US,Email Marketing,0,4
5076,2973,2024-08-11,Basic Frames,11.19,USD,11.19,US,Email Marketing,0,5
5077,2975,2023-04-02,Fashion Frames,38.02,USD,38.02,US,Google Search,30,1
5078,2975,2023-07-15,Fashion Frames,54.3,USD,54.3,US,Google Search,0,2
5079,2975,2023-08-14,Premium Frames,81.02,USD,81.02,US,Google Search,0,3
5080,2975,2024-02-06,Fashion Frames,34.81,USD,34.81,US,Google Search,0,4
5081,2977,2023-07-21,Fashion Frames,70.55,USD,70.55,US,Social Media,25,1
5082,2977,2023-08-20,Premium Frames,110.35,USD,110.35,US,Social Media,0,2
5083,2977,2023-09-19,Fashion Frames,54.11,USD,54.11,US,Social Media,0,3
5084,2977,2023-11-14,Basic Frames,13.26,USD,13.26,US,Social Media,0,4
5085,2979,2024-07-30,Fashion Frames,50.27,USD,50.27,US,Google Search,30,1
5086,2979,2024-11-29,Basic Frames,24.57,USD,24.57,US,Google Search,0,2
5087,2979,2025-07-16,Fashion Frames,65.61,USD,65.61,US,Google Search,0,3
5088,2980,2023-10-22,Basic Frames,26.13,USD,26.13,US,Email Marketing,10,1
5089,2980,2023-12-31,Fashion Frames,46.53,USD,46.53,US,Email Marketing,0,2
5090,2980,2024-10-22,Basic Frames,7.88,USD,7.88,US,Email Marketing,0,3
5091,2980,2024-11-21,Basic Frames,20.53,USD,20.53,US,Email Marketing,0,4
5092,2980,2025-01-07,Basic Frames,11.13,USD,11.13,US,Email Marketing,0,5
5093,2980,2025-04-24,Premium Frames,92.46,USD,92.46,US,Email Marketing,0,6
5094,2981,2023-05-12,Premium Frames,100.16,USD,100.16,US,Social Media,25,1
5095,2981,2023-10-20,Fashion Frames,38.0,USD,38.0,US,Social Media,0,2
5096,2981,2023-11-19,Premium Frames,111.17,USD,111.17,US,Social Media,0,3
5097,2981,2024-01-02,Premium Frames,111.47,USD,111.47,US,Social Media,0,4
5098,2982,2024-10-02,Basic Frames,12.01,USD,12.01,US,Social Media,25,1
5099,2982,2024-11-01,Fashion Frames,36.89,USD,36.89,US,Social Media,0,2
5100,2984,2024-09-27,Basic Frames,10.27,USD,10.27,US,Direct,5,1
5101,2984,2024-10-27,Fashion Frames,73.44,USD,73.44,US,Direct,0,2
5102,2984,2025-01-14,Premium Frames,140.02,USD,140.02,US,Direct,0,3
5103,2984,2025-03-21,Basic Frames,24.5,USD,24.5,US,Direct,0,4
5104,2985,2024-07-02,Oakley,153.93,USD,153.93,US,Influencer,35,1
5105,2986,2023-05-01,Premium Frames,141.46,USD,141.46,US,Social Media,25,1
5106,2986,2023-07-01,Basic Frames,28.09,USD,28.09,US,Social Media,0,2
5107,2986,2024-05-14,Fashion Frames,40.36,USD,40.36,US,Social Media,0,3
5108,2986,2024-09-07,Premium Frames,106.82,USD,106.82,US,Social Media,0,4
5109,2986,2024-12-14,Basic Frames,28.4,USD,28.4,US,Social Media,0,5
5110,2988,2024-10-22,Premium Frames,105.91,USD,105.91,US,Direct,5,1
5111,2988,2024-11-21,Basic Frames,10.68,USD,10.68,US,Direct,0,2
5112,2989,2023-06-24,Basic Frames,13.88,USD,13.88,US,Social Media,25,1
5113,2989,2023-07-24,Premium Frames,143.86,USD,143.86,US,Social Media,0,2
5114,2989,2023-10-17,Fashion Frames,75.87,USD,75.87,US,Social Media,0,3
5115,2989,2024-06-30,Basic Frames,18.07,USD,18.07,US,Social Media,0,4
5116,2990,2024-08-29,Fashion Frames,44.38,USD,44.38,US,Social Media,25,1
5117,2991,2024-08-18,Ray-Ban,214.53,USD,214.53,US,Direct,5,1
5118,2991,2025-01-06,Fashion Frames,50.52,USD,50.52,US,Direct,0,2
5119,2993,2023-07-25,Premium Frames,99.92,USD,99.92,US,Influencer,35,1
5120,2993,2023-11-18,Fashion Frames,33.8,USD,33.8,US,Influencer,0,2
5121,2994,2024-11-10,Basic Frames,6.73,USD,6.73,US,Direct,5,1
5122,2994,2024-12-10,Fashion Frames,66.18,USD,66.18,US,Direct,0,2
5123,2995,2024-10-01,Fashion Frames,60.77,USD,60.77,US,Social Media,25,1
5124,2995,2025-05-15,Ray-Ban,195.99,USD,195.99,US,Social Media,0,2
5125,2996,2025-01-07,Fashion Frames,67.75,USD,67.75,US,Social Media,25,1
5126,2996,2025-02-06,Fashion Frames,62.73,USD,62.73,US,Social Media,0,2
5127,2996,2025-07-05,Basic Frames,19.09,USD,19.09,US,Social Media,0,3
5128,2997,2025-07-15,Basic Frames,12.64,EUR,14.87,France,Influencer,35,1
5129,2998,2024-09-11,Fashion Frames,65.95,USD,65.95,US,Direct,5,1
5130,2998,2024-10-11,Basic Frames,22.94,USD,22.94,US,Direct,0,2
5131,2998,2024-11-28,Basic Frames,10.25,USD,10.25,US,Direct,0,3
5132,2998,2025-06-02,Basic Frames,26.42,USD,26.42,US,Direct,0,4
5133,2999,2023-12-12,Basic Frames,19.52,GBP,26.02,UK,Social Media,25,1
5134,3000,2025-06-10,Basic Frames,16.64,USD,16.64,US,Google Search,30,1
5135,3000,2025-07-10,Basic Frames,23.05,USD,23.05,US,Google Search,0,2
5136,3001,2025-08-04,Premium Frames,140.19,USD,140.19,US,Google Search,30,1
5137,3002,2024-08-07,Basic Frames,26.46,USD,26.46,US,Direct,5,1
5138,3002,2025-08-07,Basic Frames,21.72,USD,21.72,US,Direct,0,2
5139,3004,2025-04-25,Basic Frames,22.13,USD,22.13,US,Direct,5,1
5140,3004,2025-08-15,Basic Frames,27.59,USD,27.59,US,Direct,0,2
5141,3006,2023-02-19,Premium Frames,149.05,USD,149.05,US,Google Search,30,1
5142,3006,2023-03-21,Fashion Frames,66.38,USD,66.38,US,Google Search,0,2
5143,3006,2024-01-21,Fashion Frames,48.95,USD,48.95,US,Google Search,0,3
5144,3007,2023-03-26,Basic Frames,21.95,USD,21.95,US,Social Media,25,1
5145,3007,2023-04-25,Premium Frames,109.73,USD,109.73,US,Social Media,0,2
5146,3008,2023-03-06,Fashion Frames,34.01,USD,34.01,US,Direct,5,1
5147,3008,2023-05-23,Oakley,135.44,USD,135.44,US,Direct,0,2
5148,3008,2023-07-20,Premium Frames,133.53,USD,133.53,US,Direct,0,3
5149,3008,2024-03-13,Basic Frames,9.54,USD,9.54,US,Direct,0,4
5150,3009,2024-10-18,Fashion Frames,39.46,USD,39.46,US,Influencer,35,1
5151,3009,2025-02-10,Premium Frames,84.07,USD,84.07,US,Influencer,0,2
5152,3010,2025-03-08,Basic Frames,22.53,USD,22.53,US,Direct,5,1
5153,3010,2025-04-07,Premium Frames,109.24,USD,109.24,US,Direct,0,2
5154,3010,2025-06-10,Ray-Ban,213.89,USD,213.89,US,Direct,0,3
5155,3013,2024-11-08,Basic Frames,19.45,USD,19.45,US,Email Marketing,10,1
5156,3014,2023-08-07,Fashion Frames,78.08,AUD,53.85,Australia,Direct,5,1
5157,3016,2024-08-11,Fashion Frames,76.58,USD,76.58,US,Direct,5,1
5158,3016,2024-11-29,Basic Frames,8.12,USD,8.12,US,Direct,0,2
5159,3016,2025-05-23,Basic Frames,28.03,USD,28.03,US,Direct,0,3
5160,3017,2024-03-08,Fashion Frames,35.23,USD,35.23,US,Social Media,25,1
5161,3017,2024-05-29,Ray-Ban,182.43,USD,182.43,US,Social Media,0,2
5162,3017,2024-10-18,Basic Frames,21.04,USD,21.04,US,Social Media,0,3
5163,3018,2024-09-25,Oakley,133.55,USD,133.55,US,Google Search,30,1
5164,3019,2024-11-07,Basic Frames,21.31,USD,21.31,US,Direct,5,1
5165,3019,2025-02-23,Ray-Ban,196.57,USD,196.57,US,Direct,0,2
5166,3022,2025-07-01,Fashion Frames,64.36,USD,64.36,US,Email Marketing,10,1
5167,3027,2023-11-08,Basic Frames,15.1,USD,15.1,US,Google Search,30,1
5168,3027,2024-03-04,Fashion Frames,45.07,USD,45.07,US,Google Search,0,2
5169,3027,2024-04-22,Basic Frames,12.7,USD,12.7,US,Google Search,0,3
5170,3028,2024-05-14,Basic Frames,15.94,USD,15.94,US,Google Search,30,1
5171,3028,2024-10-14,Fashion Frames,71.93,USD,71.93,US,Google Search,0,2
5172,3028,2025-03-25,Fashion Frames,44.37,USD,44.37,US,Google Search,0,3
5173,3028,2025-04-24,Basic Frames,10.78,USD,10.78,US,Google Search,0,4
5174,3030,2025-04-04,Basic Frames,16.55,USD,16.55,US,Email Marketing,10,1
5175,3030,2025-05-12,Fashion Frames,35.53,USD,35.53,US,Email Marketing,0,2
5176,3031,2025-04-07,Oakley,149.09,USD,149.09,US,Social Media,25,1
5177,3031,2025-05-07,Premium Frames,134.29,USD,134.29,US,Social Media,0,2
5178,3032,2024-12-06,Fashion Frames,71.65,USD,71.65,US,Social Media,25,1
5179,3033,2024-02-27,Basic Frames,10.09,USD,10.09,US,Google Search,30,1
5180,3033,2024-03-28,Oakley,195.97,USD,195.97,US,Google Search,0,2
5181,3033,2024-05-04,Basic Frames,20.05,USD,20.05,US,Google Search,0,3
5182,3034,2023-11-01,Basic Frames,19.65,USD,19.65,US,Social Media,25,1
5183,3034,2023-12-01,Fashion Frames,79.69,USD,79.69,US,Social Media,0,2
5184,3035,2024-04-19,Fashion Frames,62.65,USD,62.65,US,Google Search,30,1
5185,3035,2024-06-26,Premium Frames,128.06,USD,128.06,US,Google Search,0,2
5186,3035,2024-07-26,Fashion Frames,45.15,USD,45.15,US,Google Search,0,3
5187,3035,2024-12-28,Premium Frames,104.61,USD,104.61,US,Google Search,0,4
5188,3035,2025-04-14,Fashion Frames,78.46,USD,78.46,US,Google Search,0,5
5189,3035,2025-05-20,Ray-Ban,205.61,USD,205.61,US,Google Search,0,6
5190,3037,2024-12-07,Basic Frames,18.32,USD,18.32,US,Influencer,35,1
5191,3037,2025-04-19,Basic Frames,11.06,USD,11.06,US,Influencer,0,2
5192,3038,2023-03-04,Basic Frames,12.26,USD,12.26,US,Email Marketing,10,1
5193,3040,2024-04-05,Fashion Frames,61.92,USD,61.92,US,Direct,5,1
5194,3041,2024-03-04,Basic Frames,17.21,USD,17.21,US,Social Media,25,1
5195,3041,2024-06-06,Fashion Frames,46.83,USD,46.83,US,Social Media,0,2
5196,3041,2024-07-10,Premium Frames,119.9,USD,119.9,US,Social Media,0,3
5197,3041,2024-09-30,Basic Frames,21.8,USD,21.8,US,Social Media,0,4
5198,3043,2024-05-01,Oakley,128.37,USD,128.37,US,Google Search,30,1
5199,3043,2024-05-31,Ray-Ban,186.53,USD,186.53,US,Google Search,0,2
5200,3043,2024-07-23,Ray-Ban,240.2,USD,240.2,US,Google Search,0,3
5201,3044,2023-07-28,Fashion Frames,54.3,USD,54.3,US,Google Search,30,1
5202,3044,2023-08-27,Fashion Frames,47.5,USD,47.5,US,Google Search,0,2
5203,3044,2024-08-26,Basic Frames,27.67,USD,27.67,US,Google Search,0,3
5204,3045,2023-12-17,Premium Frames,105.7,USD,105.7,US,Social Media,25,1
5205,3045,2024-07-04,Premium Frames,92.23,USD,92.23,US,Social Media,0,2
5206,3045,2024-12-27,Fashion Frames,57.79,USD,57.79,US,Social Media,0,3
5207,3047,2023-05-31,Basic Frames,20.8,USD,20.8,US,Influencer,35,1
5208,3047,2023-07-29,Basic Frames,20.25,USD,20.25,US,Influencer,0,2
5209,3048,2023-11-25,Fashion Frames,66.82,USD,66.82,US,Google Search,30,1
5210,3048,2024-11-20,Basic Frames,17.37,USD,17.37,US,Google Search,0,2
5211,3048,2025-01-02,Basic Frames,11.85,USD,11.85,US,Google Search,0,3
5212,3048,2025-02-07,Fashion Frames,66.45,USD,66.45,US,Google Search,0,4
5213,3049,2025-06-03,Basic Frames,17.58,USD,17.58,US,Email Marketing,10,1
5214,3050,2025-01-05,Fashion Frames,32.97,USD,32.97,US,Social Media,25,1
5215,3052,2025-01-22,Ray-Ban,243.54,USD,243.54,US,Direct,5,1
5216,3054,2023-12-23,Premium Frames,110.39,USD,110.39,US,Social Media,25,1
5217,3055,2024-02-15,Basic Frames,19.86,USD,19.86,US,Google Search,30,1
5218,3055,2024-08-30,Basic Frames,20.23,USD,20.23,US,Google Search,0,2
5219,3055,2024-09-29,Basic Frames,9.94,USD,9.94,US,Google Search,0,3
5220,3056,2023-05-17,Fashion Frames,45.73,USD,45.73,US,Social Media,25,1
5221,3056,2023-06-16,Basic Frames,20.32,USD,20.32,US,Social Media,0,2
5222,3056,2023-08-17,Fashion Frames,65.18,USD,65.18,US,Social Media,0,3
5223,3056,2023-11-04,Fashion Frames,56.68,USD,56.68,US,Social Media,0,4
5224,3056,2024-01-19,Ray-Ban,245.2,USD,245.2,US,Social Media,0,5
5225,3056,2024-03-16,Fashion Frames,58.83,USD,58.83,US,Social Media,0,6
5226,3057,2025-02-19,Premium Frames,126.78,USD,126.78,US,Social Media,25,1
5227,3059,2024-06-11,Fashion Frames,35.43,USD,35.43,US,Google Search,30,1
5228,3059,2024-07-24,Basic Frames,25.03,USD,25.03,US,Google Search,0,2
5229,3060,2024-07-31,Basic Frames,14.31,USD,14.31,US,Google Search,30,1
5230,3060,2024-08-30,Basic Frames,15.5,USD,15.5,US,Google Search,0,2
5231,3060,2024-09-29,Premium Frames,112.78,USD,112.78,US,Google Search,0,3
5232,3060,2025-01-01,Basic Frames,21.81,USD,21.81,US,Google Search,0,4
5233,3060,2025-04-23,Fashion Frames,40.82,USD,40.82,US,Google Search,0,5
5234,3060,2025-06-14,Fashion Frames,39.43,USD,39.43,US,Google Search,0,6
5235,3061,2023-04-22,Fashion Frames,40.05,USD,40.05,US,Social Media,25,1
5236,3063,2023-09-05,Fashion Frames,96.4,AUD,66.48,Australia,Social Media,25,1
5237,3063,2024-05-16,Premium Frames,132.88,AUD,91.64,Australia,Social Media,0,2
5238,3063,2025-05-16,Basic Frames,28.03,AUD,19.33,Australia,Social Media,0,3
5239,3065,2023-05-06,Fashion Frames,56.27,AUD,38.81,Australia,Direct,5,1
5240,3065,2023-06-15,Basic Frames,12.18,AUD,8.4,Australia,Direct,0,2
5241,3066,2023-10-01,Premium Frames,108.19,USD,108.19,US,Influencer,35,1
5242,3066,2024-02-28,Basic Frames,11.1,USD,11.1,US,Influencer,0,2
5243,3067,2024-05-02,Fashion Frames,49.44,USD,49.44,US,Google Search,30,1
5244,3067,2024-06-01,Premium Frames,112.98,USD,112.98,US,Google Search,0,2
5245,3068,2023-09-21,Basic Frames,28.01,USD,28.01,US,Email Marketing,10,1
5246,3068,2023-11-17,Basic Frames,15.3,USD,15.3,US,Email Marketing,0,2
5247,3069,2023-06-02,Premium Frames,145.53,USD,145.53,US,Social Media,25,1
5248,3069,2023-07-23,Premium Frames,108.59,USD,108.59,US,Social Media,0,2
5249,3069,2023-10-06,Basic Frames,13.85,USD,13.85,US,Social Media,0,3
5250,3070,2023-04-24,Basic Frames,22.19,USD,22.19,US,Email Marketing,10,1
5251,3070,2023-07-16,Basic Frames,26.94,USD,26.94,US,Email Marketing,0,2
5252,3070,2023-08-27,Fashion Frames,60.25,USD,60.25,US,Email Marketing,0,3
5253,3070,2023-11-02,Fashion Frames,57.17,USD,57.17,US,Email Marketing,0,4
5254,3070,2024-05-28,Basic Frames,14.32,USD,14.32,US,Email Marketing,0,5
5255,3071,2023-02-24,Basic Frames,29.29,USD,29.29,US,Influencer,35,1
5256,3071,2023-07-18,Basic Frames,6.65,USD,6.65,US,Influencer,0,2
5257,3071,2024-07-17,Premium Frames,142.11,USD,142.11,US,Influencer,0,3
5258,3071,2024-08-28,Basic Frames,10.28,USD,10.28,US,Influencer,0,4
5259,3071,2025-01-24,Fashion Frames,42.52,USD,42.52,US,Influencer,0,5
5260,3072,2023-11-11,Basic Frames,18.03,USD,18.03,US,Social Media,25,1
5261,3072,2024-04-12,Basic Frames,6.04,USD,6.04,US,Social Media,0,2
5262,3073,2024-02-19,Basic Frames,15.56,USD,15.56,US,Direct,5,1
5263,3073,2024-03-31,Basic Frames,7.85,USD,7.85,US,Direct,0,2
5264,3073,2024-12-09,Fashion Frames,42.27,USD,42.27,US,Direct,0,3
5265,3074,2025-06-06,Basic Frames,7.06,USD,7.06,US,Direct,5,1
5266,3075,2024-10-04,Ray-Ban,160.19,USD,160.19,US,Direct,5,1
5267,3076,2024-03-04,Fashion Frames,39.81,USD,39.81,US,Social Media,25,1
5268,3076,2024-10-18,Basic Frames,9.62,USD,9.62,US,Social Media,0,2
5269,3076,2024-11-17,Fashion Frames,46.24,USD,46.24,US,Social Media,0,3
5270,3077,2023-09-12,Fashion Frames,54.55,USD,54.55,US,Social Media,25,1
5271,3077,2024-05-06,Fashion Frames,43.79,USD,43.79,US,Social Media,0,2
5272,3079,2025-07-14,Basic Frames,15.56,USD,15.56,US,Social Media,25,1
5273,3080,2023-06-15,Basic Frames,8.55,USD,8.55,US,Email Marketing,10,1
5274,3080,2023-07-15,Fashion Frames,70.51,USD,70.51,US,Email Marketing,0,2
5275,3081,2025-05-01,Basic Frames,23.58,USD,23.58,US,Direct,5,1
5276,3082,2023-12-05,Basic Frames,15.71,USD,15.71,US,Social Media,25,1
5277,3082,2024-03-25,Basic Frames,25.37,USD,25.37,US,Social Media,0,2
5278,3083,2025-08-16,Basic Frames,9.09,USD,9.09,US,Social Media,25,1
5279,3084,2024-08-14,Basic Frames,22.47,USD,22.47,US,Direct,5,1
5280,3084,2025-02-11,Fashion Frames,31.57,USD,31.57,US,Direct,0,2
5281,3084,2025-03-13,Fashion Frames,63.04,USD,63.04,US,Direct,0,3
5282,3084,2025-04-12,Premium Frames,127.24,USD,127.24,US,Direct,0,4
5283,3085,2025-01-11,Fashion Frames,33.67,USD,33.67,US,Social Media,25,1
5284,3085,2025-05-09,Oakley,154.0,USD,154.0,US,Social Media,0,2
5285,3087,2023-07-16,Oakley,184.57,USD,184.57,US,Google Search,30,1
5286,3087,2023-12-18,Fashion Frames,75.5,USD,75.5,US,Google Search,0,2
5287,3087,2024-06-01,Fashion Frames,55.6,USD,55.6,US,Google Search,0,3
5288,3089,2023-06-18,Fashion Frames,72.36,USD,72.36,US,Social Media,25,1
5289,3091,2024-06-16,Basic Frames,10.29,USD,10.29,US,Direct,5,1
5290,3092,2024-05-02,Fashion Frames,68.22,USD,68.22,US,Email Marketing,10,1
5291,3092,2024-06-01,Fashion Frames,73.65,USD,73.65,US,Email Marketing,0,2
5292,3093,2024-06-07,Basic Frames,6.17,USD,6.17,US,Social Media,25,1
5293,3095,2023-11-18,Oakley,140.63,USD,140.63,US,Google Search,30,1
5294,3096,2024-05-30,Premium Frames,123.4,USD,123.4,US,Direct,5,1
5295,3096,2024-07-22,Fashion Frames,73.74,USD,73.74,US,Direct,0,2
5296,3097,2023-01-29,Basic Frames,17.15,USD,17.15,US,Google Search,30,1
5297,3098,2023-04-07,Basic Frames,26.83,USD,26.83,US,Social Media,25,1
5298,3099,2024-02-13,Premium Frames,84.46,USD,84.46,US,Email Marketing,10,1
5299,3099,2024-03-28,Basic Frames,20.38,USD,20.38,US,Email Marketing,0,2
5300,3100,2024-06-08,Fashion Frames,51.86,USD,51.86,US,Direct,5,1
5301,3101,2024-04-22,Basic Frames,24.4,USD,24.4,US,Social Media,25,1
5302,3101,2024-09-03,Basic Frames,6.56,USD,6.56,US,Social Media,0,2
5303,3101,2025-01-22,Basic Frames,12.41,USD,12.41,US,Social Media,0,3
5304,3102,2023-09-13,Basic Frames,12.01,GBP,16.01,UK,Social Media,25,1
5305,3103,2023-08-09,Fashion Frames,45.59,USD,45.59,US,Social Media,25,1
5306,3104,2024-08-20,Fashion Frames,36.47,USD,36.47,US,Social Media,25,1
5307,3106,2023-02-20,Basic Frames,15.51,USD,15.51,US,Social Media,25,1
5308,3106,2023-07-20,Basic Frames,10.21,USD,10.21,US,Social Media,0,2
5309,3107,2023-03-19,Basic Frames,9.03,USD,9.03,US,Direct,5,1
5310,3107,2023-11-18,Basic Frames,9.47,USD,9.47,US,Direct,0,2
5311,3107,2024-01-27,Basic Frames,17.84,USD,17.84,US,Direct,0,3
5312,3107,2024-02-26,Ray-Ban,239.38,USD,239.38,US,Direct,0,4
5313,3108,2023-10-26,Fashion Frames,53.44,USD,53.44,US,Social Media,25,1
5314,3108,2024-02-24,Ray-Ban,212.11,USD,212.11,US,Social Media,0,2
5315,3108,2024-05-10,Fashion Frames,76.02,USD,76.02,US,Social Media,0,3
5316,3108,2025-02-17,Ray-Ban,240.45,USD,240.45,US,Social Media,0,4
5317,3112,2025-05-13,Fashion Frames,47.0,USD,47.0,US,Social Media,25,1
5318,3112,2025-06-13,Fashion Frames,32.88,USD,32.88,US,Social Media,0,2
5319,3113,2024-11-02,Premium Frames,130.94,USD,130.94,US,Direct,5,1
5320,3115,2024-04-30,Fashion Frames,56.12,USD,56.12,US,Google Search,30,1
5321,3115,2024-06-23,Premium Frames,131.05,USD,131.05,US,Google Search,0,2
5322,3115,2025-03-31,Basic Frames,14.11,USD,14.11,US,Google Search,0,3
5323,3116,2023-10-22,Basic Frames,13.25,USD,13.25,US,Google Search,30,1
5324,3116,2023-12-04,Basic Frames,15.62,USD,15.62,US,Google Search,0,2
5325,3117,2024-07-08,Oakley,179.74,USD,179.74,US,Google Search,30,1
5326,3117,2024-10-15,Basic Frames,23.32,USD,23.32,US,Google Search,0,2
5327,3119,2025-05-19,Ray-Ban,241.32,USD,241.32,US,Google Search,30,1
5328,3122,2023-05-19,Fashion Frames,79.75,USD,79.75,US,Social Media,25,1
5329,3122,2023-07-02,Basic Frames,20.77,USD,20.77,US,Social Media,0,2
5330,3123,2025-06-26,Fashion Frames,69.89,USD,69.89,US,Social Media,25,1
5331,3124,2023-10-03,Ray-Ban,155.83,USD,155.83,US,Social Media,25,1
5332,3124,2023-11-25,Basic Frames,19.76,USD,19.76,US,Social Media,0,2
5333,3124,2024-03-14,Basic Frames,11.17,USD,11.17,US,Social Media,0,3
5334,3124,2024-06-19,Basic Frames,28.45,USD,28.45,US,Social Media,0,4
5335,3124,2024-10-01,Fashion Frames,44.46,USD,44.46,US,Social Media,0,5
5336,3124,2024-12-05,Basic Frames,22.53,USD,22.53,US,Social Media,0,6
5337,3125,2025-01-15,Premium Frames,115.61,USD,115.61,US,Social Media,25,1
5338,3125,2025-06-12,Basic Frames,7.1,USD,7.1,US,Social Media,0,2
5339,3126,2024-01-16,Basic Frames,10.35,USD,10.35,US,Direct,5,1
5340,3127,2025-02-24,Ray-Ban,151.5,USD,151.5,US,Google Search,30,1
5341,3128,2024-02-17,Ray-Ban,228.42,USD,228.42,US,Google Search,30,1
5342,3128,2024-03-30,Fashion Frames,63.2,USD,63.2,US,Google Search,0,2
5343,3128,2024-05-29,Fashion Frames,44.46,USD,44.46,US,Google Search,0,3
5344,3129,2024-01-14,Premium Frames,135.53,USD,135.53,US,Email Marketing,10,1
5345,3129,2024-02-20,Basic Frames,21.24,USD,21.24,US,Email Marketing,0,2
5346,3129,2024-08-06,Fashion Frames,35.76,USD,35.76,US,Email Marketing,0,3
5347,3129,2025-05-27,Fashion Frames,42.02,USD,42.02,US,Email Marketing,0,4
5348,3130,2023-02-25,Fashion Frames,41.83,USD,41.83,US,Social Media,25,1
5349,3131,2024-02-16,Oakley,178.25,USD,178.25,US,Email Marketing,10,1
5350,3131,2024-07-29,Fashion Frames,60.86,USD,60.86,US,Email Marketing,0,2
5351,3131,2025-06-23,Basic Frames,17.06,USD,17.06,US,Email Marketing,0,3
5352,3132,2023-02-23,Ray-Ban,209.93,USD,209.93,US,Social Media,25,1
5353,3133,2024-08-11,Ray-Ban,198.08,USD,198.08,US,Social Media,25,1
5354,3133,2025-03-31,Basic Frames,19.38,USD,19.38,US,Social Media,0,2
5355,3133,2025-04-30,Basic Frames,14.23,USD,14.23,US,Social Media,0,3
5356,3134,2024-08-01,Premium Frames,137.76,USD,137.76,US,Social Media,25,1
5357,3134,2024-10-10,Basic Frames,9.64,USD,9.64,US,Social Media,0,2
5358,3136,2024-01-10,Fashion Frames,48.52,EUR,57.08,France,Social Media,25,1
5359,3136,2024-04-02,Fashion Frames,33.43,EUR,39.33,France,Social Media,0,2
5360,3136,2024-05-02,Fashion Frames,42.59,EUR,50.11,France,Social Media,0,3
5361,3137,2024-07-21,Fashion Frames,63.37,USD,63.37,US,Google Search,30,1
5362,3137,2025-02-12,Basic Frames,19.71,USD,19.71,US,Google Search,0,2
5363,3137,2025-05-05,Basic Frames,7.89,USD,7.89,US,Google Search,0,3
5364,3137,2025-06-04,Basic Frames,17.68,USD,17.68,US,Google Search,0,4
5365,3139,2023-03-23,Premium Frames,132.61,USD,132.61,US,Social Media,25,1
5366,3139,2023-06-28,Fashion Frames,56.95,USD,56.95,US,Social Media,0,2
5367,3139,2023-09-08,Fashion Frames,45.9,USD,45.9,US,Social Media,0,3
5368,3141,2024-06-03,Fashion Frames,53.9,USD,53.9,US,Google Search,30,1
5369,3141,2024-08-16,Premium Frames,91.76,USD,91.76,US,Google Search,0,2
5370,3141,2024-09-15,Basic Frames,20.04,USD,20.04,US,Google Search,0,3
5371,3141,2025-05-29,Basic Frames,20.98,USD,20.98,US,Google Search,0,4
5372,3141,2025-06-28,Basic Frames,19.56,USD,19.56,US,Google Search,0,5
5373,3142,2024-04-07,Fashion Frames,68.48,USD,68.48,US,Social Media,25,1
5374,3142,2024-05-07,Basic Frames,24.03,USD,24.03,US,Social Media,0,2
5375,3142,2024-06-28,Basic Frames,12.81,USD,12.81,US,Social Media,0,3
5376,3142,2025-02-19,Basic Frames,23.86,USD,23.86,US,Social Media,0,4
5377,3144,2024-07-28,Premium Frames,118.09,USD,118.09,US,Google Search,30,1
5378,3144,2024-11-22,Basic Frames,15.08,USD,15.08,US,Google Search,0,2
5379,3144,2025-02-08,Premium Frames,146.47,USD,146.47,US,Google Search,0,3
5380,3144,2025-07-08,Premium Frames,89.52,USD,89.52,US,Google Search,0,4
5381,3145,2023-11-07,Ray-Ban,171.92,USD,171.92,US,Social Media,25,1
5382,3146,2025-04-30,Premium Frames,100.97,USD,100.97,US,Social Media,25,1
5383,3151,2023-05-17,Basic Frames,14.45,USD,14.45,US,Google Search,30,1
5384,3152,2023-04-15,Basic Frames,27.61,USD,27.61,US,Influencer,35,1
5385,3152,2023-06-10,Basic Frames,12.69,USD,12.69,US,Influencer,0,2
5386,3152,2024-04-04,Premium Frames,134.16,USD,134.16,US,Influencer,0,3
5387,3152,2024-07-16,Ray-Ban,213.4,USD,213.4,US,Influencer,0,4
5388,3152,2025-04-03,Ray-Ban,216.76,USD,216.76,US,Influencer,0,5
5389,3153,2024-02-16,Fashion Frames,62.02,USD,62.02,US,Social Media,25,1
5390,3153,2024-09-18,Premium Frames,124.9,USD,124.9,US,Social Media,0,2
5391,3153,2024-10-18,Basic Frames,18.06,USD,18.06,US,Social Media,0,3
5392,3153,2025-03-18,Fashion Frames,57.09,USD,57.09,US,Social Media,0,4
5393,3154,2024-01-30,Premium Frames,108.87,USD,108.87,US,Google Search,30,1
5394,3154,2024-03-10,Basic Frames,24.16,USD,24.16,US,Google Search,0,2
5395,3154,2024-04-10,Ray-Ban,179.34,USD,179.34,US,Google Search,0,3
5396,3154,2024-06-23,Fashion Frames,76.3,USD,76.3,US,Google Search,0,4
5397,3155,2025-03-24,Fashion Frames,73.79,USD,73.79,US,Google Search,30,1
5398,3156,2023-12-17,Premium Frames,81.23,USD,81.23,US,Email Marketing,10,1
5399,3156,2024-01-16,Premium Frames,138.26,USD,138.26,US,Email Marketing,0,2
5400,3158,2024-01-14,Ray-Ban,218.65,USD,218.65,US,Email Marketing,10,1
5401,3159,2025-02-13,Ray-Ban,208.44,USD,208.44,US,Social Media,25,1
5402,3159,2025-03-15,Fashion Frames,51.49,USD,51.49,US,Social Media,0,2
5403,3160,2023-05-29,Basic Frames,10.53,USD,10.53,US,Social Media,25,1
5404,3161,2023-07-30,Ray-Ban,173.2,USD,173.2,US,Social Media,25,1
5405,3161,2023-08-29,Basic Frames,20.63,USD,20.63,US,Social Media,0,2
5406,3162,2024-09-12,Premium Frames,86.55,USD,86.55,US,Influencer,35,1
5407,3163,2024-06-05,Oakley,152.7,USD,152.7,US,Google Search,30,1
5408,3163,2024-10-10,Oakley,121.83,USD,121.83,US,Google Search,0,2
5409,3163,2024-12-28,Basic Frames,20.64,USD,20.64,US,Google Search,0,3
5410,3164,2024-02-21,Basic Frames,21.01,USD,21.01,US,Social Media,25,1
5411,3164,2024-03-28,Fashion Frames,64.53,USD,64.53,US,Social Media,0,2
5412,3164,2024-05-21,Fashion Frames,77.64,USD,77.64,US,Social Media,0,3
5413,3165,2024-06-02,Basic Frames,20.43,USD,20.43,US,Social Media,25,1
5414,3167,2023-02-17,Fashion Frames,56.06,USD,56.06,US,Social Media,25,1
5415,3167,2023-03-19,Basic Frames,10.63,USD,10.63,US,Social Media,0,2
5416,3169,2023-05-22,Basic Frames,23.35,USD,23.35,US,Social Media,25,1
5417,3169,2023-09-30,Fashion Frames,42.73,USD,42.73,US,Social Media,0,2
5418,3169,2024-02-25,Basic Frames,17.33,USD,17.33,US,Social Media,0,3
5419,3169,2024-04-12,Premium Frames,130.18,USD,130.18,US,Social Media,0,4
5420,3169,2024-06-16,Fashion Frames,40.79,USD,40.79,US,Social Media,0,5
5421,3170,2024-12-31,Fashion Frames,34.18,USD,34.18,US,Email Marketing,10,1
5422,3171,2023-12-15,Basic Frames,19.86,USD,19.86,US,Google Search,30,1
5423,3171,2024-02-17,Premium Frames,112.68,USD,112.68,US,Google Search,0,2
5424,3171,2024-03-18,Basic Frames,22.41,USD,22.41,US,Google Search,0,3
5425,3171,2024-04-17,Fashion Frames,52.74,USD,52.74,US,Google Search,0,4
5426,3171,2024-05-21,Fashion Frames,42.85,USD,42.85,US,Google Search,0,5
5427,3171,2024-07-03,Fashion Frames,39.67,USD,39.67,US,Google Search,0,6
5428,3172,2025-04-04,Fashion Frames,62.43,USD,62.43,US,Direct,5,1
5429,3177,2024-09-12,Basic Frames,23.33,USD,23.33,US,Google Search,30,1
5430,3178,2025-07-06,Fashion Frames,67.68,USD,67.68,US,Email Marketing,10,1
5431,3179,2024-06-14,Basic Frames,15.75,USD,15.75,US,Social Media,25,1
5432,3179,2024-08-04,Basic Frames,18.47,USD,18.47,US,Social Media,0,2
5433,3180,2023-05-28,Oakley,150.83,USD,150.83,US,Direct,5,1
5434,3184,2023-12-16,Basic Frames,3477.0,JPY,23.18,Japan,Google Search,30,1
5435,3184,2024-05-01,Premium Frames,18432.0,JPY,122.88,Japan,Google Search,0,2
5436,3186,2024-02-16,Oakley,155.08,USD,155.08,US,Direct,5,1
5437,3188,2025-01-27,Basic Frames,25.48,USD,25.48,US,Influencer,35,1
5438,3188,2025-02-26,Basic Frames,25.88,USD,25.88,US,Influencer,0,2
5439,3188,2025-03-28,Fashion Frames,66.53,USD,66.53,US,Influencer,0,3
5440,3188,2025-04-27,Premium Frames,83.75,USD,83.75,US,Influencer,0,4
5441,3189,2025-05-19,Premium Frames,144.99,USD,144.99,US,Email Marketing,10,1
5442,3189,2025-06-18,Fashion Frames,61.83,USD,61.83,US,Email Marketing,0,2
5443,3190,2023-11-07,Fashion Frames,69.58,USD,69.58,US,Google Search,30,1
5444,3190,2023-12-07,Basic Frames,8.49,USD,8.49,US,Google Search,0,2
5445,3190,2024-01-06,Basic Frames,26.33,USD,26.33,US,Google Search,0,3
5446,3192,2023-12-20,Premium Frames,135.62,USD,135.62,US,Google Search,30,1
5447,3192,2024-02-05,Basic Frames,23.33,USD,23.33,US,Google Search,0,2
5448,3193,2024-06-09,Oakley,172.52,USD,172.52,US,Social Media,25,1
5449,3193,2024-07-22,Ray-Ban,165.05,USD,165.05,US,Social Media,0,2
5450,3193,2024-09-06,Fashion Frames,42.91,USD,42.91,US,Social Media,0,3
5451,3193,2024-11-18,Premium Frames,114.3,USD,114.3,US,Social Media,0,4
5452,3194,2025-05-04,Premium Frames,88.2,EUR,103.77,France,Social Media,25,1
5453,3195,2024-06-06,Fashion Frames,53.45,USD,53.45,US,Google Search,30,1
5454,3196,2024-07-02,Basic Frames,24.06,USD,24.06,US,Direct,5,1
5455,3196,2024-11-06,Oakley,180.56,USD,180.56,US,Direct,0,2
5456,3196,2025-05-26,Basic Frames,14.22,USD,14.22,US,Direct,0,3
5457,3197,2024-05-17,Basic Frames,13.94,USD,13.94,US,Social Media,25,1
5458,3198,2024-12-29,Basic Frames,12.19,USD,12.19,US,Google Search,30,1
5459,3198,2025-01-30,Oakley,142.02,USD,142.02,US,Google Search,0,2
5460,3198,2025-03-29,Ray-Ban,154.54,USD,154.54,US,Google Search,0,3
5461,3198,2025-05-27,Basic Frames,9.36,USD,9.36,US,Google Search,0,4
5462,3199,2024-08-22,Fashion Frames,32.27,USD,32.27,US,Google Search,30,1
5463,3199,2024-09-25,Fashion Frames,74.13,USD,74.13,US,Google Search,0,2
5464,3200,2023-11-15,Fashion Frames,65.98,USD,65.98,US,Email Marketing,10,1
5465,3201,2024-05-04,Fashion Frames,66.08,USD,66.08,US,Email Marketing,10,1
5466,3201,2024-10-25,Fashion Frames,58.81,USD,58.81,US,Email Marketing,0,2
5467,3202,2025-04-16,Premium Frames,130.2,USD,130.2,US,Google Search,30,1
5468,3203,2023-01-26,Premium Frames,91.66,USD,91.66,US,Google Search,30,1
5469,3205,2023-12-11,Basic Frames,20.58,USD,20.58,US,Influencer,35,1
5470,3205,2024-01-10,Ray-Ban,236.06,USD,236.06,US,Influencer,0,2
5471,3205,2024-10-28,Fashion Frames,43.61,USD,43.61,US,Influencer,0,3
5472,3205,2024-11-27,Fashion Frames,42.17,USD,42.17,US,Influencer,0,4
5473,3207,2023-04-26,Fashion Frames,38.27,USD,38.27,US,Influencer,35,1
5474,3208,2024-03-02,Premium Frames,106.13,USD,106.13,US,Google Search,30,1
5475,3209,2024-09-07,Basic Frames,26.89,USD,26.89,US,Google Search,30,1
5476,3209,2024-11-21,Basic Frames,18.4,USD,18.4,US,Google Search,0,2
5477,3209,2025-01-12,Fashion Frames,54.37,USD,54.37,US,Google Search,0,3
5478,3212,2025-07-22,Basic Frames,20.09,USD,20.09,US,Google Search,30,1
5479,3213,2025-01-16,Basic Frames,18.56,USD,18.56,US,Email Marketing,10,1
5480,3213,2025-03-25,Basic Frames,15.07,USD,15.07,US,Email Marketing,0,2
5481,3215,2024-12-17,Fashion Frames,73.67,USD,73.67,US,Social Media,25,1
5482,3216,2024-10-15,Fashion Frames,54.72,USD,54.72,US,Direct,5,1
5483,3216,2025-04-13,Basic Frames,15.12,USD,15.12,US,Direct,0,2
5484,3217,2023-01-28,Fashion Frames,34.17,USD,34.17,US,Social Media,25,1
5485,3217,2023-03-14,Fashion Frames,42.02,USD,42.02,US,Social Media,0,2
5486,3218,2024-09-17,Fashion Frames,38.35,USD,38.35,US,Social Media,25,1
5487,3218,2025-03-22,Fashion Frames,60.82,USD,60.82,US,Social Media,0,2
5488,3218,2025-04-21,Basic Frames,23.49,USD,23.49,US,Social Media,0,3
5489,3218,2025-05-21,Premium Frames,89.25,USD,89.25,US,Social Media,0,4
5490,3219,2024-05-14,Fashion Frames,55.44,USD,55.44,US,Social Media,25,1
5491,3220,2023-10-12,Premium Frames,125.07,USD,125.07,US,Google Search,30,1
5492,3220,2024-05-02,Oakley,120.98,USD,120.98,US,Google Search,0,2
5493,3220,2024-10-14,Basic Frames,23.91,USD,23.91,US,Google Search,0,3
5494,3225,2024-08-15,Basic Frames,6.79,USD,6.79,US,Google Search,30,1
5495,3226,2023-08-26,Premium Frames,146.69,USD,146.69,US,Google Search,30,1
5496,3227,2025-01-12,Fashion Frames,44.3,USD,44.3,US,Direct,5,1
5497,3227,2025-02-11,Basic Frames,29.08,USD,29.08,US,Direct,0,2
5498,3227,2025-07-07,Premium Frames,139.42,USD,139.42,US,Direct,0,3
5499,3228,2023-03-15,Premium Frames,86.48,USD,86.48,US,Google Search,30,1
5500,3228,2023-04-14,Basic Frames,25.15,USD,25.15,US,Google Search,0,2
5501,3229,2024-08-20,Premium Frames,117.08,USD,117.08,US,Direct,5,1
5502,3229,2024-10-25,Fashion Frames,42.99,USD,42.99,US,Direct,0,2
5503,3229,2024-12-04,Basic Frames,25.13,USD,25.13,US,Direct,0,3
5504,3229,2025-04-17,Fashion Frames,39.95,USD,39.95,US,Direct,0,4
5505,3232,2024-06-26,Fashion Frames,66.15,USD,66.15,US,Social Media,25,1
5506,3233,2024-10-08,Fashion Frames,78.99,USD,78.99,US,Google Search,30,1
5507,3233,2025-02-14,Basic Frames,12.38,USD,12.38,US,Google Search,0,2
5508,3234,2025-01-20,Basic Frames,23.83,USD,23.83,US,Direct,5,1
5509,3238,2024-01-29,Premium Frames,101.89,USD,101.89,US,Email Marketing,10,1
5510,3239,2023-06-05,Basic Frames,11.85,USD,11.85,US,Influencer,35,1
5511,3239,2023-07-05,Basic Frames,24.28,USD,24.28,US,Influencer,0,2
5512,3240,2025-04-23,Fashion Frames,35.82,USD,35.82,US,Direct,5,1
5513,3242,2023-09-12,Basic Frames,24.96,USD,24.96,US,Email Marketing,10,1
5514,3242,2023-10-19,Basic Frames,7.75,USD,7.75,US,Email Marketing,0,2
5515,3242,2023-12-23,Fashion Frames,54.44,USD,54.44,US,Email Marketing,0,3
5516,3242,2024-06-26,Premium Frames,111.49,USD,111.49,US,Email Marketing,0,4
5517,3243,2023-02-07,Premium Frames,87.89,USD,87.89,US,Google Search,30,1
5518,3243,2023-03-16,Basic Frames,20.15,USD,20.15,US,Google Search,0,2
5519,3244,2024-08-11,Fashion Frames,45.7,USD,45.7,US,Influencer,35,1
5520,3244,2024-09-10,Basic Frames,6.23,USD,6.23,US,Influencer,0,2
5521,3244,2025-05-05,Fashion Frames,52.06,USD,52.06,US,Influencer,0,3
5522,3246,2023-04-25,Premium Frames,111.54,USD,111.54,US,Email Marketing,10,1
5523,3247,2023-07-25,Basic Frames,20.13,USD,20.13,US,Social Media,25,1
5524,3247,2023-08-24,Fashion Frames,62.11,USD,62.11,US,Social Media,0,2
5525,3250,2023-12-03,Basic Frames,15.77,USD,15.77,US,Google Search,30,1
5526,3250,2024-01-02,Basic Frames,12.5,USD,12.5,US,Google Search,0,2
5527,3251,2024-03-07,Basic Frames,13.89,USD,13.89,US,Social Media,25,1
5528,3251,2024-07-20,Fashion Frames,54.68,USD,54.68,US,Social Media,0,2
5529,3251,2025-01-17,Premium Frames,100.58,USD,100.58,US,Social Media,0,3
5530,3252,2023-06-10,Fashion Frames,43.95,USD,43.95,US,Social Media,25,1
5531,3252,2023-07-10,Basic Frames,18.77,USD,18.77,US,Social Media,0,2
5532,3253,2024-03-07,Basic Frames,22.27,USD,22.27,US,Email Marketing,10,1
5533,3253,2024-04-06,Basic Frames,18.07,USD,18.07,US,Email Marketing,0,2
5534,3253,2024-05-21,Fashion Frames,61.67,USD,61.67,US,Email Marketing,0,3
5535,3254,2024-12-08,Basic Frames,24.16,USD,24.16,US,Direct,5,1
5536,3254,2025-05-01,Fashion Frames,39.93,USD,39.93,US,Direct,0,2
5537,3254,2025-05-31,Fashion Frames,31.32,USD,31.32,US,Direct,0,3
5538,3256,2024-03-03,Premium Frames,115.21,USD,115.21,US,Email Marketing,10,1
5539,3257,2024-06-06,Ray-Ban,226.28,USD,226.28,US,Social Media,25,1
5540,3257,2024-08-14,Basic Frames,22.15,USD,22.15,US,Social Media,0,2
5541,3258,2025-03-11,Basic Frames,26.69,USD,26.69,US,Influencer,35,1
5542,3258,2025-04-10,Fashion Frames,47.78,USD,47.78,US,Influencer,0,2
5543,3261,2024-05-04,Ray-Ban,161.76,USD,161.76,US,Direct,5,1
5544,3262,2025-06-21,Fashion Frames,46.05,USD,46.05,US,Influencer,35,1
5545,3263,2025-05-28,Ray-Ban,226.88,USD,226.88,US,Direct,5,1
5546,3264,2025-02-03,Basic Frames,22.43,USD,22.43,US,Email Marketing,10,1
5547,3264,2025-03-05,Fashion Frames,76.45,USD,76.45,US,Email Marketing,0,2
5548,3264,2025-04-19,Basic Frames,11.05,USD,11.05,US,Email Marketing,0,3
5549,3265,2025-01-15,Fashion Frames,46.86,USD,46.86,US,Influencer,35,1
5550,3265,2025-05-06,Fashion Frames,40.4,USD,40.4,US,Influencer,0,2
5551,3265,2025-07-03,Basic Frames,15.51,USD,15.51,US,Influencer,0,3
5552,3266,2023-03-08,Basic Frames,9.79,USD,9.79,US,Influencer,35,1
5553,3266,2023-09-02,Basic Frames,21.9,USD,21.9,US,Influencer,0,2
5554,3267,2025-01-09,Ray-Ban,202.13,USD,202.13,US,Google Search,30,1
5555,3268,2023-05-22,Fashion Frames,60.17,USD,60.17,US,Social Media,25,1
5556,3268,2023-06-22,Premium Frames,109.77,USD,109.77,US,Social Media,0,2
5557,3270,2023-08-02,Fashion Frames,43.88,USD,43.88,US,Social Media,25,1
5558,3273,2024-11-10,Ray-Ban,181.32,USD,181.32,US,Direct,5,1
5559,3273,2024-12-10,Fashion Frames,66.61,USD,66.61,US,Direct,0,2
5560,3273,2025-01-09,Fashion Frames,71.63,USD,71.63,US,Direct,0,3
5561,3273,2025-05-09,Fashion Frames,46.45,USD,46.45,US,Direct,0,4
5562,3274,2024-05-16,Oakley,165.06,USD,165.06,US,Social Media,25,1
5563,3274,2024-09-14,Basic Frames,24.3,USD,24.3,US,Social Media,0,2
5564,3274,2025-01-03,Basic Frames,6.14,USD,6.14,US,Social Media,0,3
5565,3274,2025-05-18,Fashion Frames,77.06,USD,77.06,US,Social Media,0,4
5566,3275,2024-06-24,Basic Frames,15.81,USD,15.81,US,Influencer,35,1
5567,3275,2024-07-24,Ray-Ban,214.93,USD,214.93,US,Influencer,0,2
5568,3275,2024-10-23,Premium Frames,90.66,USD,90.66,US,Influencer,0,3
5569,3275,2024-11-27,Fashion Frames,53.39,USD,53.39,US,Influencer,0,4
5570,3276,2024-01-23,Premium Frames,137.48,USD,137.48,US,Social Media,25,1
5571,3276,2024-07-11,Fashion Frames,40.91,USD,40.91,US,Social Media,0,2
5572,3276,2025-04-13,Fashion Frames,63.44,USD,63.44,US,Social Media,0,3
5573,3276,2025-07-22,Basic Frames,12.14,USD,12.14,US,Social Media,0,4
5574,3278,2023-06-27,Basic Frames,16.26,USD,16.26,US,Social Media,25,1
5575,3278,2023-08-12,Basic Frames,15.18,USD,15.18,US,Social Media,0,2
5576,3278,2023-09-11,Fashion Frames,58.35,USD,58.35,US,Social Media,0,3
5577,3281,2024-06-29,Premium Frames,111.37,USD,111.37,US,Google Search,30,1
5578,3281,2024-11-02,Basic Frames,12.58,USD,12.58,US,Google Search,0,2
5579,3281,2024-12-07,Premium Frames,86.14,USD,86.14,US,Google Search,0,3
5580,3281,2025-03-17,Fashion Frames,38.86,USD,38.86,US,Google Search,0,4
5581,3284,2024-01-05,Fashion Frames,77.65,USD,77.65,US,Social Media,25,1
5582,3284,2024-02-04,Premium Frames,146.32,USD,146.32,US,Social Media,0,2
5583,3284,2024-05-05,Fashion Frames,69.28,USD,69.28,US,Social Media,0,3
5584,3284,2025-05-05,Oakley,151.21,USD,151.21,US,Social Media,0,4
5585,3286,2025-03-04,Ray-Ban,175.73,USD,175.73,US,Social Media,25,1
5586,3288,2025-01-13,Fashion Frames,33.91,USD,33.91,US,Google Search,30,1
5587,3288,2025-02-17,Ray-Ban,156.56,USD,156.56,US,Google Search,0,2
5588,3289,2024-12-06,Basic Frames,18.91,USD,18.91,US,Google Search,30,1
5589,3289,2025-08-17,Basic Frames,16.51,USD,16.51,US,Google Search,0,2
5590,3290,2024-10-20,Basic Frames,17.32,USD,17.32,US,Email Marketing,10,1
5591,3292,2024-12-12,Fashion Frames,78.88,USD,78.88,US,Google Search,30,1
5592,3292,2025-05-25,Premium Frames,131.54,USD,131.54,US,Google Search,0,2
5593,3295,2024-05-17,Fashion Frames,59.13,USD,59.13,US,Google Search,30,1
5594,3296,2023-07-17,Basic Frames,16.52,USD,16.52,US,Direct,5,1
5595,3296,2023-09-24,Basic Frames,13.87,USD,13.87,US,Direct,0,2
5596,3296,2024-01-14,Premium Frames,118.71,USD,118.71,US,Direct,0,3
5597,3297,2023-09-16,Fashion Frames,58.28,USD,58.28,US,Direct,5,1
5598,3297,2023-10-19,Basic Frames,25.62,USD,25.62,US,Direct,0,2
5599,3297,2023-11-18,Oakley,175.17,USD,175.17,US,Direct,0,3
5600,3297,2023-12-18,Basic Frames,9.37,USD,9.37,US,Direct,0,4
5601,3300,2023-11-15,Basic Frames,23.74,USD,23.74,US,Social Media,25,1
5602,3300,2024-09-27,Premium Frames,147.05,USD,147.05,US,Social Media,0,2
5603,3301,2023-08-21,Basic Frames,24.54,USD,24.54,US,Direct,5,1
5604,3301,2024-01-24,Basic Frames,23.93,USD,23.93,US,Direct,0,2
5605,3301,2024-02-23,Premium Frames,95.82,USD,95.82,US,Direct,0,3
5606,3302,2023-11-12,Fashion Frames,42.16,USD,42.16,US,Google Search,30,1
5607,3302,2024-02-24,Fashion Frames,48.75,USD,48.75,US,Google Search,0,2
5608,3302,2024-10-01,Premium Frames,94.73,USD,94.73,US,Google Search,0,3
5609,3302,2024-10-31,Basic Frames,29.31,USD,29.31,US,Google Search,0,4
5610,3302,2024-11-30,Basic Frames,12.22,USD,12.22,US,Google Search,0,5
5611,3302,2025-01-05,Fashion Frames,60.58,USD,60.58,US,Google Search,0,6
5612,3302,2025-03-23,Premium Frames,145.36,USD,145.36,US,Google Search,0,7
5613,3303,2025-03-10,Premium Frames,125.31,USD,125.31,US,Direct,5,1
5614,3303,2025-04-23,Basic Frames,16.26,USD,16.26,US,Direct,0,2
5615,3307,2024-12-08,Basic Frames,29.75,USD,29.75,US,Direct,5,1
5616,3307,2025-01-07,Basic Frames,14.96,USD,14.96,US,Direct,0,2
5617,3307,2025-02-06,Fashion Frames,58.72,USD,58.72,US,Direct,0,3
5618,3307,2025-03-31,Fashion Frames,79.79,USD,79.79,US,Direct,0,4
5619,3310,2023-12-08,Basic Frames,18.93,USD,18.93,US,Social Media,25,1
5620,3310,2024-01-07,Premium Frames,100.5,USD,100.5,US,Social Media,0,2
5621,3310,2024-11-10,Basic Frames,14.01,USD,14.01,US,Social Media,0,3
5622,3310,2024-12-10,Premium Frames,85.63,USD,85.63,US,Social Media,0,4
5623,3311,2024-05-19,Basic Frames,8.21,USD,8.21,US,Social Media,25,1
5624,3311,2024-06-24,Oakley,164.66,USD,164.66,US,Social Media,0,2
5625,3312,2024-01-06,Basic Frames,9.8,USD,9.8,US,Social Media,25,1
5626,3313,2024-08-03,Fashion Frames,72.72,USD,72.72,US,Email Marketing,10,1
5627,3315,2025-08-14,Premium Frames,125.86,USD,125.86,US,Direct,5,1
5628,3316,2025-03-31,Fashion Frames,34.58,USD,34.58,US,Direct,5,1
5629,3317,2025-01-11,Premium Frames,137.43,USD,137.43,US,Google Search,30,1
5630,3317,2025-04-25,Fashion Frames,53.82,USD,53.82,US,Google Search,0,2
5631,3320,2023-05-05,Basic Frames,13.93,USD,13.93,US,Social Media,25,1
5632,3321,2024-08-10,Fashion Frames,59.19,USD,59.19,US,Social Media,25,1
5633,3321,2025-08-10,Basic Frames,16.9,USD,16.9,US,Social Media,0,2
5634,3326,2024-02-18,Fashion Frames,45.4,USD,45.4,US,Social Media,25,1
5635,3327,2025-04-21,Basic Frames,15.36,USD,15.36,US,Google Search,30,1
5636,3327,2025-08-01,Ray-Ban,151.85,USD,151.85,US,Google Search,0,2
5637,3328,2023-12-22,Basic Frames,9.61,USD,9.61,US,Google Search,30,1
5638,3328,2024-04-25,Basic Frames,26.53,USD,26.53,US,Google Search,0,2
5639,3329,2025-03-04,Basic Frames,24.43,USD,24.43,US,Social Media,25,1
5640,3329,2025-04-26,Premium Frames,117.73,USD,117.73,US,Social Media,0,2
5641,3330,2025-04-03,Premium Frames,94.82,USD,94.82,US,Social Media,25,1
5642,3330,2025-05-21,Basic Frames,25.72,USD,25.72,US,Social Media,0,2
5643,3333,2023-03-07,Ray-Ban,208.11,USD,208.11,US,Social Media,25,1
5644,3333,2023-04-08,Premium Frames,94.03,USD,94.03,US,Social Media,0,2
5645,3333,2023-06-10,Fashion Frames,38.27,USD,38.27,US,Social Media,0,3
5646,3333,2023-07-10,Fashion Frames,46.12,USD,46.12,US,Social Media,0,4
5647,3334,2023-10-26,Fashion Frames,57.14,USD,57.14,US,Google Search,30,1
5648,3334,2024-07-03,Basic Frames,28.67,USD,28.67,US,Google Search,0,2
5649,3335,2025-01-03,Ray-Ban,163.61,USD,163.61,US,Influencer,35,1
5650,3335,2025-07-15,Basic Frames,14.36,USD,14.36,US,Influencer,0,2
5651,3335,2025-08-14,Premium Frames,85.78,USD,85.78,US,Influencer,0,3
5652,3339,2024-04-03,Ray-Ban,167.17,USD,167.17,US,Social Media,25,1
5653,3339,2024-09-24,Fashion Frames,79.56,USD,79.56,US,Social Media,0,2
5654,3339,2025-08-05,Fashion Frames,42.42,USD,42.42,US,Social Media,0,3
5655,3342,2025-02-10,Fashion Frames,74.0,USD,74.0,US,Google Search,30,1
5656,3342,2025-05-01,Fashion Frames,77.27,USD,77.27,US,Google Search,0,2
5657,3343,2024-05-07,Fashion Frames,77.45,USD,77.45,US,Direct,5,1
5658,3343,2024-06-06,Basic Frames,6.61,USD,6.61,US,Direct,0,2
5659,3346,2025-04-27,Premium Frames,84.4,USD,84.4,US,Social Media,25,1
5660,3347,2024-07-11,Fashion Frames,40.73,USD,40.73,US,Google Search,30,1
5661,3347,2025-01-13,Ray-Ban,227.33,USD,227.33,US,Google Search,0,2
5662,3347,2025-03-06,Fashion Frames,59.92,USD,59.92,US,Google Search,0,3
5663,3347,2025-07-17,Ray-Ban,163.34,USD,163.34,US,Google Search,0,4
5664,3349,2025-08-16,Basic Frames,19.88,USD,19.88,US,Social Media,25,1
5665,3350,2024-08-05,Fashion Frames,38.98,USD,38.98,US,Google Search,30,1
5666,3350,2024-12-09,Basic Frames,11.03,USD,11.03,US,Google Search,0,2
5667,3350,2025-03-23,Fashion Frames,77.09,USD,77.09,US,Google Search,0,3
5668,3350,2025-06-29,Basic Frames,23.78,USD,23.78,US,Google Search,0,4
5669,3351,2024-12-15,Premium Frames,149.68,USD,149.68,US,Email Marketing,10,1
5670,3351,2025-03-07,Basic Frames,15.96,USD,15.96,US,Email Marketing,0,2
5671,3352,2023-10-15,Premium Frames,87.26,USD,87.26,US,Direct,5,1
5672,3353,2023-05-21,Fashion Frames,54.42,USD,54.42,US,Social Media,25,1
5673,3353,2023-10-08,Basic Frames,18.21,USD,18.21,US,Social Media,0,2
5674,3353,2024-03-15,Fashion Frames,77.3,USD,77.3,US,Social Media,0,3
5675,3353,2024-06-21,Basic Frames,6.39,USD,6.39,US,Social Media,0,4
5676,3353,2024-07-21,Basic Frames,15.12,USD,15.12,US,Social Media,0,5
5677,3353,2025-01-12,Basic Frames,16.08,USD,16.08,US,Social Media,0,6
5678,3355,2024-10-22,Basic Frames,14.65,USD,14.65,US,Direct,5,1
5679,3356,2025-02-01,Premium Frames,85.51,USD,85.51,US,Social Media,25,1
5680,3358,2023-09-13,Basic Frames,11.5,USD,11.5,US,Email Marketing,10,1
5681,3358,2023-10-30,Premium Frames,129.38,USD,129.38,US,Email Marketing,0,2
5682,3358,2023-11-29,Ray-Ban,215.39,USD,215.39,US,Email Marketing,0,3
5683,3358,2023-12-29,Ray-Ban,231.21,USD,231.21,US,Email Marketing,0,4
5684,3360,2023-02-28,Premium Frames,147.53,USD,147.53,US,Social Media,25,1
5685,3363,2024-06-29,Fashion Frames,72.52,USD,72.52,US,Direct,5,1
5686,3363,2024-08-07,Fashion Frames,39.69,USD,39.69,US,Direct,0,2
5687,3363,2024-09-06,Basic Frames,6.22,USD,6.22,US,Direct,0,3
5688,3363,2024-11-15,Fashion Frames,56.41,USD,56.41,US,Direct,0,4
5689,3364,2023-08-21,Fashion Frames,54.02,USD,54.02,US,Direct,5,1
5690,3364,2024-02-02,Basic Frames,6.94,USD,6.94,US,Direct,0,2
5691,3364,2024-03-11,Premium Frames,122.14,USD,122.14,US,Direct,0,3
5692,3364,2024-06-03,Fashion Frames,41.28,USD,41.28,US,Direct,0,4
5693,3366,2023-08-29,Basic Frames,20.82,USD,20.82,US,Google Search,30,1
5694,3366,2023-09-28,Fashion Frames,71.34,USD,71.34,US,Google Search,0,2
5695,3367,2023-03-01,Ray-Ban,168.29,USD,168.29,US,Social Media,25,1
5696,3368,2023-04-17,Basic Frames,9.63,USD,9.63,US,Direct,5,1
5697,3368,2024-04-16,Oakley,184.75,USD,184.75,US,Direct,0,2
5698,3369,2024-03-10,Fashion Frames,48.89,USD,48.89,US,Google Search,30,1
5699,3369,2024-05-03,Fashion Frames,76.32,USD,76.32,US,Google Search,0,2
5700,3371,2025-01-21,Fashion Frames,41.0,USD,41.0,US,Google Search,30,1
5701,3371,2025-02-20,Basic Frames,15.69,USD,15.69,US,Google Search,0,2
5702,3371,2025-05-29,Basic Frames,14.96,USD,14.96,US,Google Search,0,3
5703,3373,2023-04-17,Fashion Frames,32.4,USD,32.4,US,Influencer,35,1
5704,3373,2023-06-28,Fashion Frames,32.27,USD,32.27,US,Influencer,0,2
5705,3374,2024-11-29,Basic Frames,17.29,USD,17.29,US,Google Search,30,1
5706,3374,2025-04-19,Fashion Frames,67.01,USD,67.01,US,Google Search,0,2
5707,3375,2025-03-09,Fashion Frames,50.98,USD,50.98,US,Direct,5,1
5708,3376,2023-05-26,Basic Frames,24.3,USD,24.3,US,Influencer,35,1
5709,3376,2024-01-22,Basic Frames,23.34,USD,23.34,US,Influencer,0,2
5710,3376,2024-02-21,Fashion Frames,39.32,USD,39.32,US,Influencer,0,3
5711,3376,2024-03-22,Basic Frames,8.4,USD,8.4,US,Influencer,0,4
5712,3376,2024-10-05,Basic Frames,14.37,USD,14.37,US,Influencer,0,5
5713,3377,2023-01-12,Fashion Frames,51.57,USD,51.57,US,Social Media,25,1
5714,3377,2023-06-27,Fashion Frames,34.25,USD,34.25,US,Social Media,0,2
5715,3377,2023-12-08,Fashion Frames,78.47,USD,78.47,US,Social Media,0,3
5716,3377,2024-02-24,Basic Frames,17.15,USD,17.15,US,Social Media,0,4
5717,3377,2024-08-26,Basic Frames,15.96,USD,15.96,US,Social Media,0,5
5718,3379,2025-08-14,Basic Frames,26.57,USD,26.57,US,Google Search,30,1
5719,3381,2024-02-26,Basic Frames,17.43,USD,17.43,US,Social Media,25,1
5720,3381,2024-04-02,Premium Frames,143.07,USD,143.07,US,Social Media,0,2
5721,3381,2024-05-22,Basic Frames,12.16,USD,12.16,US,Social Media,0,3
5722,3381,2024-07-11,Fashion Frames,46.82,USD,46.82,US,Social Media,0,4
5723,3382,2024-11-05,Fashion Frames,77.89,USD,77.89,US,Direct,5,1
5724,3382,2025-03-20,Basic Frames,22.04,USD,22.04,US,Direct,0,2
5725,3382,2025-05-05,Basic Frames,8.31,USD,8.31,US,Direct,0,3
5726,3385,2025-06-18,Basic Frames,9.02,USD,9.02,US,Social Media,25,1
5727,3386,2024-05-02,Fashion Frames,52.85,GBP,70.47,UK,Social Media,25,1
5728,3386,2024-09-18,Basic Frames,7.06,GBP,9.42,UK,Social Media,0,2
5729,3387,2024-05-03,Oakley,179.45,USD,179.45,US,Influencer,35,1
5730,3387,2024-06-14,Basic Frames,23.21,USD,23.21,US,Influencer,0,2
5731,3387,2025-06-14,Fashion Frames,44.83,USD,44.83,US,Influencer,0,3
5732,3388,2024-10-31,Basic Frames,11.99,USD,11.99,US,Social Media,25,1
5733,3388,2024-11-30,Fashion Frames,43.28,USD,43.28,US,Social Media,0,2
5734,3388,2025-03-24,Basic Frames,23.52,USD,23.52,US,Social Media,0,3
5735,3389,2023-08-01,Premium Frames,130.02,USD,130.02,US,Email Marketing,10,1
5736,3389,2024-03-07,Fashion Frames,53.65,USD,53.65,US,Email Marketing,0,2
5737,3389,2024-05-29,Basic Frames,20.18,USD,20.18,US,Email Marketing,0,3
5738,3389,2025-02-04,Premium Frames,116.67,USD,116.67,US,Email Marketing,0,4
5739,3391,2023-10-25,Premium Frames,143.07,USD,143.07,US,Influencer,35,1
5740,3392,2023-11-28,Fashion Frames,49.36,USD,49.36,US,Google Search,30,1
5741,3392,2024-05-20,Premium Frames,91.02,USD,91.02,US,Google Search,0,2
5742,3392,2024-07-08,Fashion Frames,67.08,USD,67.08,US,Google Search,0,3
5743,3396,2025-07-22,Basic Frames,25.06,USD,25.06,US,Google Search,30,1
5744,3398,2023-04-16,Fashion Frames,62.1,USD,62.1,US,Social Media,25,1
5745,3400,2024-08-22,Premium Frames,108.38,USD,108.38,US,Google Search,30,1
5746,3401,2023-09-10,Fashion Frames,54.56,USD,54.56,US,Social Media,25,1
5747,3403,2025-01-30,Fashion Frames,73.61,USD,73.61,US,Social Media,25,1
5748,3403,2025-05-22,Basic Frames,29.3,USD,29.3,US,Social Media,0,2
5749,3404,2025-01-22,Fashion Frames,79.64,USD,79.64,US,Email Marketing,10,1
5750,3405,2025-05-23,Basic Frames,12.31,USD,12.31,US,Google Search,30,1
5751,3408,2025-07-27,Basic Frames,18.35,USD,18.35,US,Email Marketing,10,1
5752,3411,2024-03-03,Basic Frames,14.18,USD,14.18,US,Email Marketing,10,1
5753,3411,2024-05-31,Basic Frames,26.93,USD,26.93,US,Email Marketing,0,2
5754,3413,2025-05-08,Ray-Ban,160.55,USD,160.55,US,Social Media,25,1
5755,3416,2025-07-30,Fashion Frames,69.32,USD,69.32,US,Social Media,25,1
5756,3417,2023-02-14,Basic Frames,6.61,USD,6.61,US,Direct,5,1
5757,3417,2024-02-14,Fashion Frames,57.62,USD,57.62,US,Direct,0,2
5758,3417,2024-05-23,Ray-Ban,160.36,USD,160.36,US,Direct,0,3
5759,3420,2025-03-18,Fashion Frames,65.92,USD,65.92,US,Direct,5,1
5760,3420,2025-06-30,Fashion Frames,37.19,USD,37.19,US,Direct,0,2
5761,3420,2025-07-30,Premium Frames,104.99,USD,104.99,US,Direct,0,3
5762,3421,2024-06-17,Basic Frames,19.28,USD,19.28,US,Google Search,30,1
5763,3421,2024-09-13,Premium Frames,145.83,USD,145.83,US,Google Search,0,2
5764,3421,2025-03-19,Fashion Frames,78.35,USD,78.35,US,Google Search,0,3
5765,3421,2025-06-17,Fashion Frames,78.61,USD,78.61,US,Google Search,0,4
5766,3422,2023-07-10,Fashion Frames,71.18,USD,71.18,US,Social Media,25,1
5767,3422,2023-08-09,Fashion Frames,74.4,USD,74.4,US,Social Media,0,2
5768,3422,2023-09-08,Basic Frames,18.26,USD,18.26,US,Social Media,0,3
5769,3422,2023-11-26,Fashion Frames,37.94,USD,37.94,US,Social Media,0,4
5770,3425,2025-07-12,Fashion Frames,67.49,USD,67.49,US,Direct,5,1
5771,3425,2025-08-11,Fashion Frames,56.75,USD,56.75,US,Direct,0,2
5772,3427,2023-10-26,Basic Frames,18.73,USD,18.73,US,Direct,5,1
5773,3427,2024-10-25,Fashion Frames,33.3,USD,33.3,US,Direct,0,2
5774,3427,2025-07-06,Fashion Frames,57.12,USD,57.12,US,Direct,0,3
5775,3428,2025-06-24,Fashion Frames,64.99,USD,64.99,US,Social Media,25,1
5776,3428,2025-07-24,Fashion Frames,79.86,USD,79.86,US,Social Media,0,2
5777,3429,2023-02-12,Basic Frames,9.81,USD,9.81,US,Influencer,35,1
5778,3430,2023-01-11,Premium Frames,124.81,USD,124.81,US,Direct,5,1
5779,3430,2023-02-10,Fashion Frames,73.09,USD,73.09,US,Direct,0,2
5780,3431,2023-11-14,Fashion Frames,76.6,USD,76.6,US,Influencer,35,1
5781,3431,2023-12-14,Basic Frames,23.19,USD,23.19,US,Influencer,0,2
5782,3432,2024-08-21,Basic Frames,28.92,USD,28.92,US,Google Search,30,1
5783,3432,2024-10-25,Premium Frames,110.26,USD,110.26,US,Google Search,0,2
5784,3433,2024-09-13,Basic Frames,7.17,USD,7.17,US,Direct,5,1
5785,3433,2024-10-19,Basic Frames,29.26,USD,29.26,US,Direct,0,2
5786,3434,2023-04-26,Fashion Frames,50.1,USD,50.1,US,Social Media,25,1
5787,3434,2023-08-15,Fashion Frames,56.57,USD,56.57,US,Social Media,0,2
5788,3435,2025-08-12,Basic Frames,17.44,USD,17.44,US,Direct,5,1
5789,3436,2023-12-10,Fashion Frames,66.36,USD,66.36,US,Google Search,30,1
5790,3436,2024-02-12,Basic Frames,13.2,USD,13.2,US,Google Search,0,2
5791,3436,2025-02-11,Premium Frames,86.17,USD,86.17,US,Google Search,0,3
5792,3437,2023-10-27,Basic Frames,22.03,USD,22.03,US,Influencer,35,1
5793,3437,2023-11-26,Fashion Frames,41.23,USD,41.23,US,Influencer,0,2
5794,3437,2023-12-26,Fashion Frames,66.94,USD,66.94,US,Influencer,0,3
5795,3437,2024-03-23,Fashion Frames,60.11,USD,60.11,US,Influencer,0,4
5796,3438,2024-04-16,Fashion Frames,68.0,USD,68.0,US,Influencer,35,1
5797,3439,2024-10-23,Premium Frames,114.18,USD,114.18,US,Google Search,30,1
5798,3440,2024-07-12,Ray-Ban,247.24,USD,247.24,US,Direct,5,1
5799,3443,2025-07-15,Basic Frames,9.83,USD,9.83,US,Email Marketing,10,1
5800,3444,2023-06-16,Premium Frames,121.81,USD,121.81,US,Direct,5,1
5801,3445,2025-05-21,Fashion Frames,48.17,USD,48.17,US,Google Search,30,1
5802,3446,2024-06-06,Premium Frames,146.48,USD,146.48,US,Direct,5,1
5803,3446,2024-08-25,Premium Frames,90.69,USD,90.69,US,Direct,0,2
5804,3446,2024-09-24,Fashion Frames,50.67,USD,50.67,US,Direct,0,3
5805,3448,2023-10-14,Fashion Frames,63.94,USD,63.94,US,Google Search,30,1
5806,3448,2023-11-13,Premium Frames,95.2,USD,95.2,US,Google Search,0,2
5807,3449,2023-07-23,Basic Frames,12.61,USD,12.61,US,Social Media,25,1
5808,3449,2023-08-22,Basic Frames,13.86,USD,13.86,US,Social Media,0,2
5809,3449,2023-10-28,Fashion Frames,62.2,USD,62.2,US,Social Media,0,3
5810,3449,2024-05-22,Fashion Frames,56.51,USD,56.51,US,Social Media,0,4
5811,3449,2024-06-30,Fashion Frames,56.69,USD,56.69,US,Social Media,0,5
5812,3449,2024-08-01,Basic Frames,24.52,USD,24.52,US,Social Media,0,6
5813,3450,2025-04-08,Basic Frames,11.57,USD,11.57,US,Google Search,30,1
5814,3451,2023-05-16,Fashion Frames,71.29,USD,71.29,US,Email Marketing,10,1
5815,3451,2023-06-15,Basic Frames,18.99,USD,18.99,US,Email Marketing,0,2
5816,3452,2023-12-06,Ray-Ban,166.21,USD,166.21,US,Social Media,25,1
5817,3452,2024-03-16,Fashion Frames,74.13,USD,74.13,US,Social Media,0,2
5818,3457,2023-09-24,Ray-Ban,198.87,EUR,233.96,France,Social Media,25,1
5819,3458,2025-02-04,Basic Frames,21.05,USD,21.05,US,Social Media,25,1
5820,3459,2023-07-16,Fashion Frames,39.25,USD,39.25,US,Direct,5,1
5821,3460,2023-01-20,Basic Frames,26.77,USD,26.77,US,Direct,5,1
5822,3460,2023-03-29,Premium Frames,114.62,USD,114.62,US,Direct,0,2
5823,3460,2023-04-28,Ray-Ban,179.82,USD,179.82,US,Direct,0,3
5824,3460,2024-01-16,Fashion Frames,56.62,USD,56.62,US,Direct,0,4
5825,3461,2025-02-03,Premium Frames,131.49,USD,131.49,US,Social Media,25,1
5826,3464,2023-11-03,Fashion Frames,72.65,USD,72.65,US,Social Media,25,1
5827,3464,2023-12-19,Basic Frames,17.87,USD,17.87,US,Social Media,0,2
5828,3464,2024-05-31,Basic Frames,22.84,USD,22.84,US,Social Media,0,3
5829,3464,2024-09-11,Premium Frames,110.84,USD,110.84,US,Social Media,0,4
5830,3465,2024-08-10,Basic Frames,12.35,AUD,8.52,Australia,Social Media,25,1
5831,3470,2024-09-17,Basic Frames,13.89,USD,13.89,US,Social Media,25,1
5832,3470,2024-10-17,Fashion Frames,63.68,USD,63.68,US,Social Media,0,2
5833,3470,2025-01-31,Basic Frames,12.03,USD,12.03,US,Social Media,0,3
5834,3471,2025-06-06,Fashion Frames,31.63,USD,31.63,US,Social Media,25,1
5835,3472,2024-10-22,Fashion Frames,54.79,USD,54.79,US,Direct,5,1
5836,3473,2025-07-17,Premium Frames,96.28,USD,96.28,US,Google Search,30,1
5837,3474,2024-02-26,Fashion Frames,44.02,USD,44.02,US,Google Search,30,1
5838,3474,2024-03-27,Basic Frames,29.94,USD,29.94,US,Google Search,0,2
5839,3474,2025-01-30,Basic Frames,25.83,USD,25.83,US,Google Search,0,3
5840,3474,2025-03-01,Fashion Frames,54.91,USD,54.91,US,Google Search,0,4
5841,3474,2025-04-06,Fashion Frames,60.73,USD,60.73,US,Google Search,0,5
5842,3475,2025-05-07,Premium Frames,122.86,USD,122.86,US,Social Media,25,1
5843,3477,2024-06-19,Fashion Frames,33.06,USD,33.06,US,Social Media,25,1
5844,3477,2024-07-26,Fashion Frames,36.28,USD,36.28,US,Social Media,0,2
5845,3479,2023-04-09,Fashion Frames,35.83,USD,35.83,US,Google Search,30,1
5846,3479,2023-05-21,Premium Frames,87.55,USD,87.55,US,Google Search,0,2
5847,3481,2024-11-24,Premium Frames,121.03,USD,121.03,US,Google Search,30,1
5848,3481,2025-01-23,Basic Frames,23.02,USD,23.02,US,Google Search,0,2
5849,3481,2025-02-22,Fashion Frames,60.59,USD,60.59,US,Google Search,0,3
5850,3481,2025-03-31,Fashion Frames,70.95,USD,70.95,US,Google Search,0,4
5851,3482,2023-04-12,Fashion Frames,32.95,USD,32.95,US,Google Search,30,1
5852,3482,2023-05-16,Basic Frames,21.53,USD,21.53,US,Google Search,0,2
5853,3483,2023-07-10,Fashion Frames,53.58,USD,53.58,US,Direct,5,1
5854,3483,2024-02-28,Premium Frames,140.58,USD,140.58,US,Direct,0,2
5855,3483,2024-09-28,Basic Frames,6.89,USD,6.89,US,Direct,0,3
5856,3484,2023-05-27,Fashion Frames,70.46,USD,70.46,US,Influencer,35,1
5857,3484,2023-06-27,Fashion Frames,67.47,USD,67.47,US,Influencer,0,2
5858,3485,2024-05-03,Fashion Frames,75.5,USD,75.5,US,Social Media,25,1
5859,3485,2024-06-11,Basic Frames,11.18,USD,11.18,US,Social Media,0,2
5860,3485,2024-07-11,Ray-Ban,168.89,USD,168.89,US,Social Media,0,3
5861,3485,2024-08-14,Fashion Frames,61.9,USD,61.9,US,Social Media,0,4
5862,3485,2025-08-09,Fashion Frames,47.12,USD,47.12,US,Social Media,0,5
5863,3486,2023-11-28,Premium Frames,109.44,USD,109.44,US,Google Search,30,1
5864,3488,2023-09-17,Basic Frames,27.38,USD,27.38,US,Direct,5,1
5865,3489,2023-01-11,Fashion Frames,64.47,USD,64.47,US,Direct,5,1
5866,3490,2023-10-01,Fashion Frames,78.31,USD,78.31,US,Email Marketing,10,1
5867,3490,2024-07-05,Fashion Frames,44.55,USD,44.55,US,Email Marketing,0,2
5868,3490,2025-02-27,Fashion Frames,69.4,USD,69.4,US,Email Marketing,0,3
5869,3490,2025-06-16,Fashion Frames,46.9,USD,46.9,US,Email Marketing,0,4
5870,3490,2025-07-16,Fashion Frames,65.26,USD,65.26,US,Email Marketing,0,5
5871,3491,2024-01-29,Basic Frames,18.34,GBP,24.45,UK,Google Search,30,1
5872,3491,2024-06-11,Premium Frames,69.06,GBP,92.08,UK,Google Search,0,2
5873,3491,2024-07-18,Basic Frames,14.55,GBP,19.4,UK,Google Search,0,3
5874,3491,2024-09-05,Basic Frames,20.04,GBP,26.72,UK,Google Search,0,4
5875,3491,2024-11-15,Basic Frames,16.17,GBP,21.56,UK,Google Search,0,5
5876,3495,2023-10-03,Premium Frames,115.49,USD,115.49,US,Google Search,30,1
5877,3495,2024-01-19,Basic Frames,8.13,USD,8.13,US,Google Search,0,2
5878,3495,2024-02-18,Premium Frames,105.27,USD,105.27,US,Google Search,0,3
5879,3495,2024-04-28,Fashion Frames,57.37,USD,57.37,US,Google Search,0,4
5880,3498,2024-08-30,Premium Frames,102.1,USD,102.1,US,Social Media,25,1
5881,3500,2024-08-13,Premium Frames,109.02,USD,109.02,US,Google Search,30,1
5882,3500,2024-10-01,Fashion Frames,61.47,USD,61.47,US,Google Search,0,2
5883,3500,2025-02-06,Basic Frames,21.35,USD,21.35,US,Google Search,0,3
5884,3500,2025-08-03,Basic Frames,24.16,USD,24.16,US,Google Search,0,4
5885,3501,2023-01-12,Fashion Frames,72.94,USD,72.94,US,Social Media,25,1
5886,3501,2023-02-11,Ray-Ban,199.06,USD,199.06,US,Social Media,0,2
5887,3501,2023-05-02,Basic Frames,14.09,USD,14.09,US,Social Media,0,3
5888,3501,2023-07-01,Premium Frames,111.21,USD,111.21,US,Social Media,0,4
5889,3501,2024-05-10,Basic Frames,14.68,USD,14.68,US,Social Media,0,5
5890,3501,2024-11-06,Fashion Frames,38.8,USD,38.8,US,Social Media,0,6
5891,3502,2023-09-27,Basic Frames,6.38,USD,6.38,US,Google Search,30,1
5892,3502,2023-10-27,Basic Frames,10.55,USD,10.55,US,Google Search,0,2
5893,3502,2024-02-18,Basic Frames,13.45,USD,13.45,US,Google Search,0,3
5894,3503,2024-11-08,Basic Frames,21.42,USD,21.42,US,Direct,5,1
5895,3503,2025-04-13,Basic Frames,13.11,USD,13.11,US,Direct,0,2
5896,3503,2025-08-04,Basic Frames,19.44,USD,19.44,US,Direct,0,3
5897,3504,2024-01-13,Ray-Ban,212.23,USD,212.23,US,Direct,5,1
5898,3504,2024-02-12,Fashion Frames,34.72,USD,34.72,US,Direct,0,2
5899,3504,2024-04-01,Basic Frames,8.24,USD,8.24,US,Direct,0,3
5900,3504,2024-09-15,Fashion Frames,65.87,USD,65.87,US,Direct,0,4
5901,3506,2023-09-16,Basic Frames,26.45,USD,26.45,US,Influencer,35,1
5902,3506,2024-09-15,Fashion Frames,38.14,USD,38.14,US,Influencer,0,2
5903,3506,2025-01-10,Basic Frames,14.16,USD,14.16,US,Influencer,0,3
5904,3507,2023-03-16,Basic Frames,9.19,USD,9.19,US,Direct,5,1
5905,3507,2023-10-28,Fashion Frames,49.88,USD,49.88,US,Direct,0,2
5906,3507,2023-12-19,Fashion Frames,72.41,USD,72.41,US,Direct,0,3
5907,3507,2024-04-21,Fashion Frames,67.08,USD,67.08,US,Direct,0,4
5908,3507,2024-11-14,Basic Frames,27.04,USD,27.04,US,Direct,0,5
5909,3509,2023-05-07,Basic Frames,29.3,USD,29.3,US,Email Marketing,10,1
5910,3509,2024-05-06,Basic Frames,13.77,USD,13.77,US,Email Marketing,0,2
5911,3509,2024-06-05,Basic Frames,11.4,USD,11.4,US,Email Marketing,0,3
5912,3509,2024-07-05,Fashion Frames,71.48,USD,71.48,US,Email Marketing,0,4
5913,3510,2024-04-22,Basic Frames,9.72,USD,9.72,US,Email Marketing,10,1
5914,3510,2024-10-03,Premium Frames,149.49,USD,149.49,US,Email Marketing,0,2
5915,3511,2023-11-16,Oakley,137.96,USD,137.96,US,Direct,5,1
5916,3511,2024-06-30,Basic Frames,22.68,USD,22.68,US,Direct,0,2
5917,3511,2025-06-30,Oakley,137.52,USD,137.52,US,Direct,0,3
5918,3511,2025-07-31,Premium Frames,141.38,USD,141.38,US,Direct,0,4
5919,3512,2023-06-20,Basic Frames,19.11,GBP,25.48,UK,Social Media,25,1
5920,3513,2024-03-08,Basic Frames,13.12,USD,13.12,US,Social Media,25,1
5921,3513,2024-04-26,Premium Frames,147.56,USD,147.56,US,Social Media,0,2
5922,3513,2024-10-23,Fashion Frames,73.02,USD,73.02,US,Social Media,0,3
5923,3513,2024-11-22,Basic Frames,17.6,USD,17.6,US,Social Media,0,4
5924,3514,2024-12-15,Fashion Frames,58.26,USD,58.26,US,Social Media,25,1
5925,3517,2025-07-10,Basic Frames,18.45,USD,18.45,US,Social Media,25,1
5926,3518,2025-07-11,Fashion Frames,59.2,USD,59.2,US,Direct,5,1
5927,3520,2025-03-03,Fashion Frames,43.81,USD,43.81,US,Google Search,30,1
5928,3522,2024-12-07,Premium Frames,136.32,USD,136.32,US,Google Search,30,1
5929,3522,2025-01-06,Basic Frames,16.35,USD,16.35,US,Google Search,0,2
5930,3522,2025-02-05,Fashion Frames,48.86,USD,48.86,US,Google Search,0,3
5931,3524,2024-10-21,Basic Frames,18.97,USD,18.97,US,Google Search,30,1
5932,3525,2025-08-09,Basic Frames,22.64,USD,22.64,US,Google Search,30,1
5933,3526,2023-11-03,Basic Frames,25.86,USD,25.86,US,Social Media,25,1
5934,3526,2024-11-02,Fashion Frames,65.42,USD,65.42,US,Social Media,0,2
5935,3526,2024-12-05,Basic Frames,25.09,USD,25.09,US,Social Media,0,3
5936,3527,2024-01-12,Fashion Frames,35.73,USD,35.73,US,Email Marketing,10,1
5937,3527,2024-04-07,Basic Frames,28.02,USD,28.02,US,Email Marketing,0,2
5938,3527,2024-07-16,Basic Frames,29.65,USD,29.65,US,Email Marketing,0,3
5939,3528,2024-09-22,Basic Frames,18.85,USD,18.85,US,Google Search,30,1
5940,3528,2024-10-22,Fashion Frames,36.14,USD,36.14,US,Google Search,0,2
5941,3530,2023-08-24,Basic Frames,14.36,USD,14.36,US,Social Media,25,1
5942,3530,2023-09-23,Fashion Frames,65.41,USD,65.41,US,Social Media,0,2
5943,3530,2023-10-25,Ray-Ban,247.67,USD,247.67,US,Social Media,0,3
5944,3530,2023-11-24,Fashion Frames,71.23,USD,71.23,US,Social Media,0,4
5945,3531,2023-05-26,Fashion Frames,44.19,USD,44.19,US,Email Marketing,10,1
5946,3533,2023-06-07,Basic Frames,16.51,USD,16.51,US,Direct,5,1
5947,3533,2024-06-06,Fashion Frames,59.96,USD,59.96,US,Direct,0,2
5948,3533,2024-07-06,Basic Frames,7.55,USD,7.55,US,Direct,0,3
5949,3533,2024-08-15,Basic Frames,29.9,USD,29.9,US,Direct,0,4
5950,3534,2024-04-10,Fashion Frames,52.97,USD,52.97,US,Google Search,30,1
5951,3535,2025-02-14,Basic Frames,27.5,USD,27.5,US,Direct,5,1
5952,3536,2024-09-16,Basic Frames,22.95,USD,22.95,US,Google Search,30,1
5953,3536,2024-12-02,Fashion Frames,34.13,USD,34.13,US,Google Search,0,2
5954,3536,2025-01-01,Fashion Frames,48.37,USD,48.37,US,Google Search,0,3
5955,3536,2025-05-07,Basic Frames,28.91,USD,28.91,US,Google Search,0,4
5956,3536,2025-07-13,Ray-Ban,178.33,USD,178.33,US,Google Search,0,5
5957,3537,2024-01-18,Basic Frames,27.52,USD,27.52,US,Influencer,35,1
5958,3537,2024-12-21,Ray-Ban,153.73,USD,153.73,US,Influencer,0,2
5959,3537,2025-07-09,Basic Frames,20.35,USD,20.35,US,Influencer,0,3
5960,3538,2024-03-04,Fashion Frames,68.45,USD,68.45,US,Direct,5,1
5961,3538,2024-08-15,Premium Frames,90.2,USD,90.2,US,Direct,0,2
5962,3539,2024-12-26,Basic Frames,21.88,USD,21.88,US,Direct,5,1
5963,3539,2025-02-01,Basic Frames,13.44,USD,13.44,US,Direct,0,2
5964,3540,2024-07-17,Fashion Frames,45.93,USD,45.93,US,Email Marketing,10,1
5965,3540,2024-09-06,Fashion Frames,42.4,USD,42.4,US,Email Marketing,0,2
5966,3540,2024-11-10,Premium Frames,136.09,USD,136.09,US,Email Marketing,0,3
5967,3540,2025-01-16,Fashion Frames,55.89,USD,55.89,US,Email Marketing,0,4
5968,3541,2025-07-25,Fashion Frames,68.55,USD,68.55,US,Email Marketing,10,1
5969,3543,2025-02-19,Ray-Ban,236.41,USD,236.41,US,Social Media,25,1
5970,3543,2025-06-10,Premium Frames,147.99,USD,147.99,US,Social Media,0,2
5971,3544,2024-07-06,Fashion Frames,67.97,USD,67.97,US,Direct,5,1
5972,3544,2024-10-15,Basic Frames,20.1,USD,20.1,US,Direct,0,2
5973,3544,2024-11-15,Premium Frames,134.45,USD,134.45,US,Direct,0,3
5974,3544,2025-04-21,Premium Frames,85.9,USD,85.9,US,Direct,0,4
5975,3545,2025-04-03,Fashion Frames,51.27,USD,51.27,US,Google Search,30,1
5976,3546,2024-11-18,Fashion Frames,40.54,USD,40.54,US,Social Media,25,1
5977,3551,2024-11-29,Fashion Frames,76.51,USD,76.51,US,Direct,5,1
5978,3551,2025-01-13,Basic Frames,23.49,USD,23.49,US,Direct,0,2
5979,3552,2025-02-13,Basic Frames,8.26,USD,8.26,US,Social Media,25,1
5980,3553,2024-09-02,Basic Frames,22.82,USD,22.82,US,Direct,5,1
5981,3553,2024-12-25,Basic Frames,22.45,USD,22.45,US,Direct,0,2
5982,3553,2025-03-21,Ray-Ban,230.69,USD,230.69,US,Direct,0,3
5983,3554,2025-06-13,Basic Frames,17.39,USD,17.39,US,Direct,5,1
5984,3556,2023-04-01,Basic Frames,13.47,USD,13.47,US,Social Media,25,1
5985,3556,2023-05-01,Premium Frames,93.24,USD,93.24,US,Social Media,0,2
5986,3556,2023-06-17,Basic Frames,16.33,USD,16.33,US,Social Media,0,3
5987,3557,2024-06-22,Basic Frames,8.18,USD,8.18,US,Google Search,30,1
5988,3557,2024-07-22,Fashion Frames,43.76,USD,43.76,US,Google Search,0,2
5989,3557,2024-08-21,Fashion Frames,40.83,USD,40.83,US,Google Search,0,3
5990,3557,2024-09-20,Basic Frames,14.43,USD,14.43,US,Google Search,0,4
5991,3557,2025-02-01,Basic Frames,21.53,USD,21.53,US,Google Search,0,5
5992,3558,2024-04-02,Basic Frames,16.84,USD,16.84,US,Influencer,35,1
5993,3558,2024-08-05,Basic Frames,8.26,USD,8.26,US,Influencer,0,2
5994,3558,2024-09-04,Basic Frames,12.19,USD,12.19,US,Influencer,0,3
5995,3558,2024-10-04,Ray-Ban,238.05,USD,238.05,US,Influencer,0,4
5996,3558,2024-11-03,Basic Frames,7.46,USD,7.46,US,Influencer,0,5
5997,3559,2024-07-04,Basic Frames,22.39,USD,22.39,US,Direct,5,1
5998,3559,2024-09-02,Ray-Ban,160.45,USD,160.45,US,Direct,0,2
5999,3559,2024-10-02,Basic Frames,6.04,USD,6.04,US,Direct,0,3
6000,3559,2024-11-01,Basic Frames,29.64,USD,29.64,US,Direct,0,4
6001,3560,2024-12-22,Basic Frames,13.84,USD,13.84,US,Social Media,25,1
6002,3561,2024-01-15,Premium Frames,136.2,USD,136.2,US,Social Media,25,1
6003,3562,2023-04-02,Ray-Ban,188.11,USD,188.11,US,Google Search,30,1
6004,3562,2023-05-04,Fashion Frames,34.4,USD,34.4,US,Google Search,0,2
6005,3562,2023-10-15,Basic Frames,10.14,USD,10.14,US,Google Search,0,3
6006,3562,2023-12-31,Basic Frames,21.28,USD,21.28,US,Google Search,0,4
6007,3563,2025-08-02,Fashion Frames,57.23,USD,57.23,US,Influencer,35,1
6008,3565,2023-05-10,Fashion Frames,64.48,USD,64.48,US,Direct,5,1
6009,3565,2023-10-17,Basic Frames,9.71,USD,9.71,US,Direct,0,2
6010,3565,2024-01-05,Basic Frames,14.98,USD,14.98,US,Direct,0,3
6011,3566,2023-03-15,Fashion Frames,39.44,GBP,52.59,UK,Email Marketing,10,1
6012,3569,2025-08-02,Basic Frames,25.54,USD,25.54,US,Email Marketing,10,1
6013,3570,2024-06-04,Fashion Frames,61.48,USD,61.48,US,Social Media,25,1
6014,3570,2024-07-06,Basic Frames,28.45,USD,28.45,US,Social Media,0,2
6015,3570,2024-09-28,Fashion Frames,74.52,USD,74.52,US,Social Media,0,3
6016,3572,2024-08-12,Ray-Ban,243.49,USD,243.49,US,Influencer,35,1
6017,3572,2024-10-20,Ray-Ban,243.57,USD,243.57,US,Influencer,0,2
6018,3572,2025-04-13,Fashion Frames,36.28,USD,36.28,US,Influencer,0,3
6019,3572,2025-07-03,Fashion Frames,64.47,USD,64.47,US,Influencer,0,4
6020,3573,2024-07-11,Basic Frames,10.02,USD,10.02,US,Direct,5,1
6021,3573,2025-03-13,Premium Frames,87.88,USD,87.88,US,Direct,0,2
6022,3573,2025-04-12,Fashion Frames,40.46,USD,40.46,US,Direct,0,3
6023,3574,2023-06-13,Basic Frames,20.72,USD,20.72,US,Email Marketing,10,1
6024,3574,2023-12-11,Fashion Frames,47.53,USD,47.53,US,Email Marketing,0,2
6025,3574,2024-11-05,Oakley,156.37,USD,156.37,US,Email Marketing,0,3
6026,3575,2023-06-18,Fashion Frames,71.76,USD,71.76,US,Social Media,25,1
6027,3575,2023-12-31,Basic Frames,24.82,USD,24.82,US,Social Media,0,2
6028,3575,2024-03-05,Fashion Frames,77.26,USD,77.26,US,Social Media,0,3
6029,3576,2023-12-19,Basic Frames,7.57,USD,7.57,US,Influencer,35,1
6030,3576,2024-04-25,Fashion Frames,43.06,USD,43.06,US,Influencer,0,2
6031,3577,2025-05-25,Fashion Frames,78.06,USD,78.06,US,Social Media,25,1
6032,3577,2025-07-27,Fashion Frames,55.05,USD,55.05,US,Social Media,0,2
6033,3579,2024-04-15,Basic Frames,7.41,USD,7.41,US,Social Media,25,1
6034,3579,2024-06-25,Premium Frames,148.78,USD,148.78,US,Social Media,0,2
6035,3579,2024-09-19,Basic Frames,17.53,USD,17.53,US,Social Media,0,3
6036,3581,2024-11-29,Fashion Frames,67.98,USD,67.98,US,Direct,5,1
6037,3581,2025-08-10,Basic Frames,20.19,USD,20.19,US,Direct,0,2
6038,3583,2025-01-09,Oakley,172.38,USD,172.38,US,Influencer,35,1
6039,3583,2025-05-08,Fashion Frames,75.68,USD,75.68,US,Influencer,0,2
6040,3584,2024-08-24,Ray-Ban,220.52,USD,220.52,US,Influencer,35,1
6041,3584,2024-10-04,Basic Frames,18.52,USD,18.52,US,Influencer,0,2
6042,3584,2025-07-28,Basic Frames,24.17,USD,24.17,US,Influencer,0,3
6043,3585,2024-05-21,Oakley,142.6,USD,142.6,US,Social Media,25,1
6044,3585,2024-12-11,Basic Frames,9.25,USD,9.25,US,Social Media,0,2
6045,3585,2025-06-24,Premium Frames,133.68,USD,133.68,US,Social Media,0,3
6046,3586,2023-04-06,Basic Frames,21.03,USD,21.03,US,Social Media,25,1
6047,3586,2023-11-12,Fashion Frames,50.81,USD,50.81,US,Social Media,0,2
6048,3586,2024-01-22,Premium Frames,107.02,USD,107.02,US,Social Media,0,3
6049,3586,2024-06-21,Ray-Ban,199.56,USD,199.56,US,Social Media,0,4
6050,3587,2025-07-17,Basic Frames,13.72,USD,13.72,US,Direct,5,1
6051,3588,2024-06-10,Fashion Frames,50.05,USD,50.05,US,Social Media,25,1
6052,3588,2024-07-11,Ray-Ban,200.26,USD,200.26,US,Social Media,0,2
6053,3588,2024-08-25,Fashion Frames,69.53,USD,69.53,US,Social Media,0,3
6054,3589,2024-05-01,Basic Frames,22.42,USD,22.42,US,Google Search,30,1
6055,3589,2024-05-31,Basic Frames,7.32,USD,7.32,US,Google Search,0,2
6056,3591,2023-02-28,Premium Frames,87.15,USD,87.15,US,Social Media,25,1
6057,3591,2023-10-11,Fashion Frames,74.71,USD,74.71,US,Social Media,0,2
6058,3591,2024-08-21,Premium Frames,132.6,USD,132.6,US,Social Media,0,3
6059,3591,2024-12-07,Ray-Ban,207.56,USD,207.56,US,Social Media,0,4
6060,3592,2024-04-13,Fashion Frames,46.37,USD,46.37,US,Google Search,30,1
6061,3592,2024-07-19,Fashion Frames,33.35,USD,33.35,US,Google Search,0,2
6062,3592,2024-10-11,Basic Frames,6.67,USD,6.67,US,Google Search,0,3
6063,3592,2025-06-01,Fashion Frames,78.37,USD,78.37,US,Google Search,0,4
6064,3593,2023-05-27,Basic Frames,14.44,USD,14.44,US,Direct,5,1
6065,3593,2023-09-12,Fashion Frames,57.35,USD,57.35,US,Direct,0,2
6066,3593,2023-12-12,Fashion Frames,71.36,USD,71.36,US,Direct,0,3
6067,3593,2024-01-11,Fashion Frames,64.52,USD,64.52,US,Direct,0,4
6068,3594,2024-06-13,Fashion Frames,55.91,USD,55.91,US,Google Search,30,1
6069,3594,2025-01-17,Fashion Frames,72.61,USD,72.61,US,Google Search,0,2
6070,3595,2024-03-04,Fashion Frames,64.38,USD,64.38,US,Direct,5,1
6071,3595,2024-04-14,Basic Frames,7.07,USD,7.07,US,Direct,0,2
6072,3595,2024-05-14,Basic Frames,11.15,USD,11.15,US,Direct,0,3
6073,3596,2024-04-18,Basic Frames,10.46,USD,10.46,US,Social Media,25,1
6074,3597,2024-08-07,Fashion Frames,46.7,USD,46.7,US,Google Search,30,1
6075,3597,2024-12-17,Basic Frames,23.14,USD,23.14,US,Google Search,0,2
6076,3597,2025-01-16,Basic Frames,17.89,USD,17.89,US,Google Search,0,3
6077,3598,2023-03-06,Basic Frames,20.71,USD,20.71,US,Social Media,25,1
6078,3599,2024-08-08,Premium Frames,107.32,USD,107.32,US,Social Media,25,1
6079,3599,2025-05-13,Fashion Frames,75.12,USD,75.12,US,Social Media,0,2
6080,3600,2024-04-18,Basic Frames,12.97,USD,12.97,US,Social Media,25,1
6081,3602,2025-04-06,Ray-Ban,241.61,USD,241.61,US,Google Search,30,1
6082,3603,2023-11-12,Fashion Frames,39.68,USD,39.68,US,Social Media,25,1
6083,3603,2024-11-11,Premium Frames,107.9,USD,107.9,US,Social Media,0,2
6084,3603,2024-12-25,Basic Frames,11.48,USD,11.48,US,Social Media,0,3
6085,3605,2023-02-01,Fashion Frames,38.64,USD,38.64,US,Social Media,25,1
6086,3605,2023-03-03,Premium Frames,122.31,USD,122.31,US,Social Media,0,2
6087,3605,2023-06-16,Fashion Frames,61.47,USD,61.47,US,Social Media,0,3
6088,3606,2024-02-16,Fashion Frames,57.14,GBP,76.19,UK,Social Media,25,1
6089,3606,2024-03-17,Basic Frames,16.75,GBP,22.33,UK,Social Media,0,2
6090,3606,2024-08-05,Fashion Frames,49.35,GBP,65.8,UK,Social Media,0,3
6091,3606,2024-10-06,Premium Frames,107.43,GBP,143.24,UK,Social Media,0,4
6092,3606,2024-11-05,Fashion Frames,34.63,GBP,46.18,UK,Social Media,0,5
6093,3608,2025-04-18,Basic Frames,27.93,USD,27.93,US,Google Search,30,1
6094,3608,2025-06-26,Fashion Frames,51.05,USD,51.05,US,Google Search,0,2
6095,3609,2023-01-04,Ray-Ban,232.53,USD,232.53,US,Direct,5,1
6096,3609,2023-09-22,Basic Frames,15.05,USD,15.05,US,Direct,0,2
6097,3609,2024-01-02,Ray-Ban,234.42,USD,234.42,US,Direct,0,3
6098,3610,2025-02-11,Premium Frames,134.77,USD,134.77,US,Google Search,30,1
6099,3610,2025-05-12,Basic Frames,12.08,USD,12.08,US,Google Search,0,2
6100,3611,2023-08-17,Basic Frames,22.62,USD,22.62,US,Direct,5,1
6101,3611,2023-09-25,Basic Frames,7.0,USD,7.0,US,Direct,0,2
6102,3613,2023-03-18,Premium Frames,128.58,USD,128.58,US,Google Search,30,1
6103,3613,2023-07-05,Premium Frames,85.87,USD,85.87,US,Google Search,0,2
6104,3613,2023-09-19,Fashion Frames,36.6,USD,36.6,US,Google Search,0,3
6105,3613,2023-10-30,Basic Frames,9.81,USD,9.81,US,Google Search,0,4
6106,3615,2024-03-09,Premium Frames,17708.0,JPY,118.05,Japan,Social Media,25,1
6107,3615,2024-05-02,Basic Frames,1503.0,JPY,10.02,Japan,Social Media,0,2
6108,3615,2024-11-11,Ray-Ban,33640.0,JPY,224.27,Japan,Social Media,0,3
6109,3617,2024-12-27,Ray-Ban,219.81,USD,219.81,US,Social Media,25,1
6110,3618,2023-03-09,Basic Frames,12.87,USD,12.87,US,Direct,5,1
6111,3618,2024-03-08,Basic Frames,26.53,USD,26.53,US,Direct,0,2
6112,3619,2024-07-17,Fashion Frames,68.29,USD,68.29,US,Direct,5,1
6113,3619,2024-10-01,Ray-Ban,190.1,USD,190.1,US,Direct,0,2
6114,3619,2024-10-31,Ray-Ban,238.67,USD,238.67,US,Direct,0,3
6115,3620,2023-03-03,Ray-Ban,159.56,USD,159.56,US,Influencer,35,1
6116,3620,2023-04-02,Basic Frames,26.31,USD,26.31,US,Influencer,0,2
6117,3620,2023-05-31,Basic Frames,10.82,USD,10.82,US,Influencer,0,3
6118,3621,2025-08-17,Basic Frames,6.86,USD,6.86,US,Social Media,25,1
6119,3622,2025-07-10,Fashion Frames,36.46,USD,36.46,US,Influencer,35,1
6120,3623,2023-03-14,Ray-Ban,189.42,USD,189.42,US,Social Media,25,1
6121,3623,2023-05-22,Fashion Frames,35.1,USD,35.1,US,Social Media,0,2
6122,3623,2023-09-16,Basic Frames,22.65,USD,22.65,US,Social Media,0,3
6123,3624,2025-08-14,Fashion Frames,52.36,USD,52.36,US,Social Media,25,1
6124,3625,2024-04-28,Premium Frames,131.95,USD,131.95,US,Google Search,30,1
6125,3625,2025-01-13,Fashion Frames,52.66,USD,52.66,US,Google Search,0,2
6126,3625,2025-02-12,Fashion Frames,68.69,USD,68.69,US,Google Search,0,3
6127,3626,2023-02-02,Fashion Frames,41.76,GBP,55.68,UK,Social Media,25,1
6128,3630,2025-02-26,Fashion Frames,31.7,USD,31.7,US,Direct,5,1
6129,3630,2025-03-28,Basic Frames,9.67,USD,9.67,US,Direct,0,2
6130,3630,2025-07-15,Fashion Frames,73.11,USD,73.11,US,Direct,0,3
6131,3630,2025-08-14,Fashion Frames,43.29,USD,43.29,US,Direct,0,4
6132,3631,2023-05-21,Basic Frames,17.09,USD,17.09,US,Social Media,25,1
6133,3631,2023-06-20,Premium Frames,143.21,USD,143.21,US,Social Media,0,2
6134,3631,2023-07-29,Fashion Frames,33.76,USD,33.76,US,Social Media,0,3
6135,3632,2025-03-08,Fashion Frames,77.39,USD,77.39,US,Social Media,25,1
6136,3632,2025-04-28,Fashion Frames,55.77,USD,55.77,US,Social Media,0,2
6137,3633,2024-10-21,Premium Frames,124.28,USD,124.28,US,Direct,5,1
6138,3633,2025-01-23,Basic Frames,14.06,USD,14.06,US,Direct,0,2
6139,3635,2024-10-27,Ray-Ban,194.61,USD,194.61,US,Influencer,35,1
6140,3635,2025-03-04,Fashion Frames,72.33,USD,72.33,US,Influencer,0,2
6141,3636,2024-03-09,Basic Frames,12.91,USD,12.91,US,Email Marketing,10,1
6142,3637,2024-01-21,Basic Frames,19.13,USD,19.13,US,Social Media,25,1
6143,3637,2024-02-20,Fashion Frames,46.56,USD,46.56,US,Social Media,0,2
6144,3638,2025-07-01,Fashion Frames,34.19,USD,34.19,US,Social Media,25,1
6145,3639,2024-02-02,Basic Frames,6.42,USD,6.42,US,Google Search,30,1
6146,3639,2024-03-03,Premium Frames,130.71,USD,130.71,US,Google Search,0,2
6147,3639,2024-04-02,Basic Frames,23.38,USD,23.38,US,Google Search,0,3
6148,3639,2024-07-20,Fashion Frames,46.76,USD,46.76,US,Google Search,0,4
6149,3640,2024-04-10,Basic Frames,27.64,USD,27.64,US,Google Search,30,1
6150,3640,2024-12-11,Basic Frames,22.42,USD,22.42,US,Google Search,0,2
6151,3640,2025-03-18,Basic Frames,6.14,USD,6.14,US,Google Search,0,3
6152,3640,2025-07-07,Basic Frames,6.08,USD,6.08,US,Google Search,0,4
6153,3641,2025-06-12,Premium Frames,107.74,USD,107.74,US,Social Media,25,1
6154,3642,2025-08-01,Oakley,188.56,USD,188.56,US,Influencer,35,1
6155,3644,2024-01-28,Basic Frames,19.09,USD,19.09,US,Google Search,30,1
6156,3645,2024-01-24,Ray-Ban,232.58,USD,232.58,US,Social Media,25,1
6157,3645,2025-01-23,Fashion Frames,54.34,USD,54.34,US,Social Media,0,2
6158,3645,2025-05-08,Fashion Frames,59.0,USD,59.0,US,Social Media,0,3
6159,3646,2023-03-24,Premium Frames,128.31,USD,128.31,US,Influencer,35,1
6160,3646,2023-07-11,Basic Frames,15.28,USD,15.28,US,Influencer,0,2
6161,3646,2023-08-10,Basic Frames,27.85,USD,27.85,US,Influencer,0,3
6162,3647,2024-12-05,Basic Frames,17.77,USD,17.77,US,Influencer,35,1
6163,3647,2025-01-04,Basic Frames,12.0,USD,12.0,US,Influencer,0,2
6164,3647,2025-02-14,Oakley,198.41,USD,198.41,US,Influencer,0,3
6165,3648,2024-11-11,Basic Frames,17.5,USD,17.5,US,Social Media,25,1
6166,3648,2025-02-10,Basic Frames,27.57,USD,27.57,US,Social Media,0,2
6167,3649,2025-06-16,Basic Frames,27.11,USD,27.11,US,Influencer,35,1
6168,3650,2024-07-08,Basic Frames,12.88,USD,12.88,US,Social Media,25,1
6169,3650,2024-11-09,Fashion Frames,66.82,USD,66.82,US,Social Media,0,2
6170,3652,2024-11-07,Basic Frames,12.17,USD,12.17,US,Social Media,25,1
6171,3652,2024-12-10,Basic Frames,9.85,USD,9.85,US,Social Media,0,2
6172,3654,2023-12-31,Basic Frames,13.2,USD,13.2,US,Google Search,30,1
6173,3654,2024-02-02,Fashion Frames,33.09,USD,33.09,US,Google Search,0,2
6174,3654,2024-05-25,Basic Frames,15.85,USD,15.85,US,Google Search,0,3
6175,3658,2024-02-09,Fashion Frames,9255.0,JPY,61.7,Japan,Social Media,25,1
6176,3658,2024-04-27,Basic Frames,1648.0,JPY,10.99,Japan,Social Media,0,2
6177,3658,2024-10-08,Fashion Frames,7632.0,JPY,50.88,Japan,Social Media,0,3
6178,3660,2023-05-11,Basic Frames,16.86,USD,16.86,US,Influencer,35,1
6179,3660,2023-06-10,Fashion Frames,77.67,USD,77.67,US,Influencer,0,2
6180,3660,2023-07-27,Oakley,157.08,USD,157.08,US,Influencer,0,3
6181,3661,2025-01-18,Basic Frames,21.97,USD,21.97,US,Influencer,35,1
6182,3661,2025-02-17,Fashion Frames,37.52,USD,37.52,US,Influencer,0,2
6183,3661,2025-03-19,Fashion Frames,56.97,USD,56.97,US,Influencer,0,3
6184,3662,2023-08-19,Ray-Ban,221.55,USD,221.55,US,Google Search,30,1
6185,3662,2024-05-08,Basic Frames,19.64,USD,19.64,US,Google Search,0,2
6186,3666,2023-02-19,Ray-Ban,196.87,USD,196.87,US,Influencer,35,1
6187,3669,2024-11-26,Basic Frames,13.37,USD,13.37,US,Social Media,25,1
6188,3670,2025-01-06,Fashion Frames,54.04,USD,54.04,US,Social Media,25,1
6189,3670,2025-03-27,Premium Frames,118.46,USD,118.46,US,Social Media,0,2
6190,3671,2024-07-20,Fashion Frames,75.33,USD,75.33,US,Social Media,25,1
6191,3671,2025-05-10,Fashion Frames,77.83,USD,77.83,US,Social Media,0,2
6192,3671,2025-06-09,Basic Frames,26.88,USD,26.88,US,Social Media,0,3
6193,3672,2024-03-11,Oakley,135.95,USD,135.95,US,Influencer,35,1
6194,3672,2024-04-10,Fashion Frames,47.55,USD,47.55,US,Influencer,0,2
6195,3676,2023-08-27,Basic Frames,28.64,USD,28.64,US,Email Marketing,10,1
6196,3677,2023-09-24,Premium Frames,95.25,USD,95.25,US,Social Media,25,1
6197,3677,2024-03-02,Basic Frames,19.62,USD,19.62,US,Social Media,0,2
6198,3677,2025-03-02,Ray-Ban,168.06,USD,168.06,US,Social Media,0,3
6199,3677,2025-07-29,Fashion Frames,79.2,USD,79.2,US,Social Media,0,4
6200,3678,2024-04-19,Fashion Frames,68.69,USD,68.69,US,Influencer,35,1
6201,3678,2024-05-19,Fashion Frames,62.42,USD,62.42,US,Influencer,0,2
6202,3678,2024-11-09,Basic Frames,19.8,USD,19.8,US,Influencer,0,3
6203,3678,2024-12-09,Premium Frames,136.26,USD,136.26,US,Influencer,0,4
6204,3678,2025-01-08,Basic Frames,9.62,USD,9.62,US,Influencer,0,5
6205,3679,2023-12-27,Fashion Frames,43.04,USD,43.04,US,Social Media,25,1
6206,3679,2024-02-20,Fashion Frames,67.18,USD,67.18,US,Social Media,0,2
6207,3679,2024-04-14,Basic Frames,24.3,USD,24.3,US,Social Media,0,3
6208,3679,2025-04-14,Basic Frames,17.68,USD,17.68,US,Social Media,0,4
6209,3679,2025-05-19,Basic Frames,20.65,USD,20.65,US,Social Media,0,5
6210,3681,2023-10-13,Basic Frames,21.07,USD,21.07,US,Social Media,25,1
6211,3681,2024-02-16,Fashion Frames,32.73,USD,32.73,US,Social Media,0,2
6212,3681,2024-06-09,Basic Frames,8.33,USD,8.33,US,Social Media,0,3
6213,3681,2024-07-23,Basic Frames,7.57,USD,7.57,US,Social Media,0,4
6214,3681,2025-02-03,Fashion Frames,32.05,USD,32.05,US,Social Media,0,5
6215,3684,2025-06-19,Basic Frames,8.16,USD,8.16,US,Google Search,30,1
6216,3686,2025-02-23,Fashion Frames,67.44,USD,67.44,US,Influencer,35,1
6217,3686,2025-07-20,Fashion Frames,77.94,USD,77.94,US,Influencer,0,2
6218,3687,2023-04-28,Basic Frames,7.58,USD,7.58,US,Social Media,25,1
6219,3687,2023-06-21,Fashion Frames,61.54,USD,61.54,US,Social Media,0,2
6220,3687,2023-07-21,Premium Frames,102.77,USD,102.77,US,Social Media,0,3
6221,3687,2023-11-11,Basic Frames,27.71,USD,27.71,US,Social Media,0,4
6222,3688,2023-02-02,Basic Frames,14.13,USD,14.13,US,Direct,5,1
6223,3688,2023-03-27,Basic Frames,10.21,USD,10.21,US,Direct,0,2
6224,3689,2025-04-21,Basic Frames,25.26,USD,25.26,US,Google Search,30,1
6225,3690,2024-11-16,Basic Frames,27.13,USD,27.13,US,Google Search,30,1
6226,3690,2024-12-16,Fashion Frames,39.0,USD,39.0,US,Google Search,0,2
6227,3691,2024-03-09,Basic Frames,40.38,AUD,27.85,Australia,Direct,5,1
6228,3692,2024-10-14,Fashion Frames,58.52,USD,58.52,US,Google Search,30,1
6229,3693,2025-03-07,Premium Frames,129.29,USD,129.29,US,Influencer,35,1
6230,3693,2025-04-06,Fashion Frames,44.78,USD,44.78,US,Influencer,0,2
6231,3695,2025-06-30,Basic Frames,8.72,USD,8.72,US,Influencer,35,1
6232,3695,2025-08-05,Basic Frames,28.69,USD,28.69,US,Influencer,0,2
6233,3697,2023-01-18,Basic Frames,6.95,USD,6.95,US,Direct,5,1
6234,3697,2023-05-14,Fashion Frames,74.13,USD,74.13,US,Direct,0,2
6235,3697,2024-05-13,Premium Frames,113.62,USD,113.62,US,Direct,0,3
6236,3698,2023-09-14,Basic Frames,24.41,USD,24.41,US,Social Media,25,1
6237,3699,2023-08-04,Basic Frames,29.71,USD,29.71,US,Social Media,25,1
6238,3699,2023-09-03,Fashion Frames,48.76,USD,48.76,US,Social Media,0,2
6239,3699,2024-08-31,Premium Frames,111.42,USD,111.42,US,Social Media,0,3
6240,3700,2023-03-10,Basic Frames,16.74,USD,16.74,US,Google Search,30,1
6241,3701,2023-04-18,Premium Frames,114.93,USD,114.93,US,Social Media,25,1
6242,3701,2023-07-23,Basic Frames,22.12,USD,22.12,US,Social Media,0,2
6243,3701,2023-08-22,Premium Frames,104.72,USD,104.72,US,Social Media,0,3
6244,3701,2023-09-21,Ray-Ban,184.64,USD,184.64,US,Social Media,0,4
6245,3701,2023-10-21,Fashion Frames,35.17,USD,35.17,US,Social Media,0,5
6246,3701,2024-02-09,Fashion Frames,49.13,USD,49.13,US,Social Media,0,6
6247,3702,2024-08-31,Basic Frames,20.98,USD,20.98,US,Email Marketing,10,1
6248,3702,2024-09-30,Fashion Frames,64.19,USD,64.19,US,Email Marketing,0,2
6249,3702,2024-12-20,Premium Frames,144.26,USD,144.26,US,Email Marketing,0,3
6250,3702,2025-01-19,Basic Frames,8.66,USD,8.66,US,Email Marketing,0,4
6251,3705,2024-09-21,Fashion Frames,62.08,USD,62.08,US,Email Marketing,10,1
6252,3705,2024-10-21,Basic Frames,13.02,USD,13.02,US,Email Marketing,0,2
6253,3705,2025-06-07,Fashion Frames,69.85,USD,69.85,US,Email Marketing,0,3
6254,3707,2024-12-23,Fashion Frames,79.19,USD,79.19,US,Direct,5,1
6255,3708,2025-06-12,Basic Frames,3138.0,JPY,20.92,Japan,Social Media,25,1
6256,3709,2023-03-04,Basic Frames,29.8,USD,29.8,US,Email Marketing,10,1
6257,3709,2023-04-03,Fashion Frames,48.9,USD,48.9,US,Email Marketing,0,2
6258,3710,2023-09-11,Basic Frames,18.32,USD,18.32,US,Google Search,30,1
6259,3710,2024-09-10,Fashion Frames,79.12,USD,79.12,US,Google Search,0,2
6260,3710,2025-01-27,Basic Frames,27.7,USD,27.7,US,Google Search,0,3
6261,3710,2025-05-05,Basic Frames,6.56,USD,6.56,US,Google Search,0,4
6262,3710,2025-06-06,Premium Frames,102.98,USD,102.98,US,Google Search,0,5
6263,3711,2025-02-06,Fashion Frames,62.82,USD,62.82,US,Influencer,35,1
6264,3712,2023-02-26,Basic Frames,12.31,USD,12.31,US,Influencer,35,1
6265,3712,2023-03-28,Basic Frames,29.91,USD,29.91,US,Influencer,0,2
6266,3712,2023-04-27,Oakley,147.0,USD,147.0,US,Influencer,0,3
6267,3712,2023-12-27,Fashion Frames,44.37,USD,44.37,US,Influencer,0,4
6268,3712,2024-05-25,Fashion Frames,79.76,USD,79.76,US,Influencer,0,5
6269,3713,2024-03-13,Fashion Frames,63.31,USD,63.31,US,Google Search,30,1
6270,3713,2024-12-11,Premium Frames,103.97,USD,103.97,US,Google Search,0,2
6271,3713,2025-03-25,Premium Frames,83.16,USD,83.16,US,Google Search,0,3
6272,3713,2025-05-20,Basic Frames,26.93,USD,26.93,US,Google Search,0,4
6273,3715,2023-09-03,Fashion Frames,59.11,USD,59.11,US,Social Media,25,1
6274,3715,2024-08-07,Ray-Ban,180.97,USD,180.97,US,Social Media,0,2
6275,3716,2024-07-15,Fashion Frames,54.04,USD,54.04,US,Email Marketing,10,1
6276,3716,2024-08-17,Premium Frames,107.8,USD,107.8,US,Email Marketing,0,2
6277,3716,2024-12-09,Basic Frames,22.69,USD,22.69,US,Email Marketing,0,3
6278,3716,2025-04-14,Basic Frames,12.49,USD,12.49,US,Email Marketing,0,4
6279,3717,2023-08-29,Basic Frames,14.8,USD,14.8,US,Influencer,35,1
6280,3717,2023-09-28,Basic Frames,18.3,USD,18.3,US,Influencer,0,2
6281,3717,2023-10-31,Basic Frames,29.85,USD,29.85,US,Influencer,0,3
6282,3718,2025-02-13,Fashion Frames,65.66,USD,65.66,US,Direct,5,1
6283,3718,2025-04-21,Basic Frames,9.18,USD,9.18,US,Direct,0,2
6284,3719,2025-06-05,Basic Frames,12.28,USD,12.28,US,Social Media,25,1
6285,3720,2025-03-08,Ray-Ban,178.88,USD,178.88,US,Google Search,30,1
6286,3721,2023-03-03,Basic Frames,16.8,USD,16.8,US,Direct,5,1
6287,3722,2023-06-14,Basic Frames,25.33,USD,25.33,US,Social Media,25,1
6288,3722,2023-10-21,Ray-Ban,241.42,USD,241.42,US,Social Media,0,2
6289,3722,2023-11-24,Ray-Ban,236.29,USD,236.29,US,Social Media,0,3
6290,3724,2023-10-25,Basic Frames,9.08,USD,9.08,US,Social Media,25,1
6291,3724,2023-11-24,Basic Frames,24.29,USD,24.29,US,Social Media,0,2
6292,3724,2024-03-23,Fashion Frames,42.91,USD,42.91,US,Social Media,0,3
6293,3724,2024-09-26,Basic Frames,10.25,USD,10.25,US,Social Media,0,4
6294,3725,2023-08-28,Fashion Frames,59.02,USD,59.02,US,Direct,5,1
6295,3726,2025-04-19,Fashion Frames,35.28,USD,35.28,US,Google Search,30,1
6296,3726,2025-06-08,Fashion Frames,34.7,USD,34.7,US,Google Search,0,2
6297,3729,2024-08-12,Premium Frames,143.71,USD,143.71,US,Social Media,25,1
6298,3729,2025-01-01,Premium Frames,85.86,USD,85.86,US,Social Media,0,2
6299,3729,2025-01-31,Ray-Ban,208.69,USD,208.69,US,Social Media,0,3
6300,3732,2024-09-04,Basic Frames,13.94,USD,13.94,US,Google Search,30,1
6301,3732,2024-10-04,Fashion Frames,63.58,USD,63.58,US,Google Search,0,2
6302,3733,2025-04-01,Basic Frames,7.35,USD,7.35,US,Social Media,25,1
6303,3733,2025-06-28,Premium Frames,90.57,USD,90.57,US,Social Media,0,2
6304,3733,2025-07-28,Fashion Frames,75.98,USD,75.98,US,Social Media,0,3
6305,3735,2025-05-11,Premium Frames,130.56,USD,130.56,US,Social Media,25,1
6306,3736,2023-11-28,Fashion Frames,52.22,USD,52.22,US,Direct,5,1
6307,3737,2023-08-31,Fashion Frames,41.3,USD,41.3,US,Direct,5,1
6308,3737,2023-12-01,Premium Frames,130.47,USD,130.47,US,Direct,0,2
6309,3737,2024-01-16,Basic Frames,15.29,USD,15.29,US,Direct,0,3
6310,3737,2024-03-22,Ray-Ban,212.92,USD,212.92,US,Direct,0,4
6311,3738,2023-11-20,Fashion Frames,71.06,USD,71.06,US,Social Media,25,1
6312,3739,2025-06-23,Fashion Frames,55.27,USD,55.27,US,Google Search,30,1
6313,3739,2025-07-23,Basic Frames,22.95,USD,22.95,US,Google Search,0,2
6314,3740,2023-05-27,Basic Frames,23.56,USD,23.56,US,Direct,5,1
6315,3740,2023-06-26,Fashion Frames,60.0,USD,60.0,US,Direct,0,2
6316,3742,2024-06-24,Basic Frames,18.18,USD,18.18,US,Google Search,30,1
6317,3742,2024-10-29,Basic Frames,7.91,USD,7.91,US,Google Search,0,2
6318,3742,2024-12-27,Fashion Frames,78.74,USD,78.74,US,Google Search,0,3
6319,3742,2025-01-26,Basic Frames,12.32,USD,12.32,US,Google Search,0,4
6320,3744,2024-03-01,Fashion Frames,40.28,USD,40.28,US,Influencer,35,1
6321,3744,2024-04-12,Fashion Frames,37.08,USD,37.08,US,Influencer,0,2
6322,3744,2024-05-17,Premium Frames,133.55,USD,133.55,US,Influencer,0,3
6323,3745,2023-11-10,Fashion Frames,72.58,USD,72.58,US,Social Media,25,1
6324,3747,2023-03-05,Fashion Frames,50.34,USD,50.34,US,Influencer,35,1
6325,3749,2024-09-05,Fashion Frames,51.2,USD,51.2,US,Google Search,30,1
6326,3750,2025-06-23,Basic Frames,11.24,USD,11.24,US,Email Marketing,10,1
6327,3750,2025-07-30,Fashion Frames,43.3,USD,43.3,US,Email Marketing,0,2
6328,3751,2025-01-22,Ray-Ban,131.13,GBP,174.84,UK,Google Search,30,1
6329,3751,2025-02-21,Basic Frames,4.63,GBP,6.17,UK,Google Search,0,2
6330,3751,2025-05-12,Basic Frames,20.53,GBP,27.37,UK,Google Search,0,3
6331,3753,2023-07-03,Basic Frames,9.87,USD,9.87,US,Google Search,30,1
6332,3753,2024-06-29,Basic Frames,7.48,USD,7.48,US,Google Search,0,2
6333,3753,2024-08-06,Premium Frames,115.08,USD,115.08,US,Google Search,0,3
6334,3753,2024-10-23,Fashion Frames,75.23,USD,75.23,US,Google Search,0,4
6335,3754,2024-10-03,Ray-Ban,225.81,USD,225.81,US,Social Media,25,1
6336,3755,2024-12-05,Fashion Frames,64.03,USD,64.03,US,Direct,5,1
6337,3755,2025-07-26,Basic Frames,27.57,USD,27.57,US,Direct,0,2
6338,3756,2024-03-17,Basic Frames,29.45,USD,29.45,US,Direct,5,1
6339,3756,2024-09-06,Basic Frames,22.19,USD,22.19,US,Direct,0,2
6340,3756,2025-07-19,Basic Frames,13.64,USD,13.64,US,Direct,0,3
6341,3759,2023-02-19,Basic Frames,20.53,USD,20.53,US,Direct,5,1
6342,3759,2023-03-23,Premium Frames,147.19,USD,147.19,US,Direct,0,2
6343,3760,2023-12-26,Premium Frames,131.17,USD,131.17,US,Social Media,25,1
6344,3760,2024-11-16,Basic Frames,13.66,USD,13.66,US,Social Media,0,2
6345,3761,2024-10-29,Basic Frames,25.46,USD,25.46,US,Google Search,30,1
6346,3761,2024-12-13,Basic Frames,14.89,USD,14.89,US,Google Search,0,2
6347,3762,2024-12-02,Basic Frames,17.74,USD,17.74,US,Email Marketing,10,1
6348,3763,2024-02-14,Oakley,179.6,USD,179.6,US,Google Search,30,1
6349,3763,2024-06-19,Basic Frames,11.47,USD,11.47,US,Google Search,0,2
6350,3763,2024-08-29,Fashion Frames,39.36,USD,39.36,US,Google Search,0,3
6351,3763,2025-02-15,Fashion Frames,64.85,USD,64.85,US,Google Search,0,4
6352,3763,2025-05-12,Fashion Frames,51.08,USD,51.08,US,Google Search,0,5
6353,3763,2025-06-11,Premium Frames,141.72,USD,141.72,US,Google Search,0,6
6354,3764,2025-03-15,Basic Frames,25.11,USD,25.11,US,Google Search,30,1
6355,3766,2023-11-23,Basic Frames,26.85,USD,26.85,US,Influencer,35,1
6356,3766,2023-12-23,Fashion Frames,53.76,USD,53.76,US,Influencer,0,2
6357,3766,2024-01-26,Fashion Frames,38.48,USD,38.48,US,Influencer,0,3
6358,3766,2024-03-18,Basic Frames,23.71,USD,23.71,US,Influencer,0,4
6359,3766,2025-03-18,Ray-Ban,189.17,USD,189.17,US,Influencer,0,5
6360,3770,2023-06-12,Basic Frames,26.89,USD,26.89,US,Influencer,35,1
6361,3770,2023-07-12,Premium Frames,91.31,USD,91.31,US,Influencer,0,2
6362,3771,2023-11-06,Basic Frames,16.43,USD,16.43,US,Influencer,35,1
6363,3771,2024-05-02,Oakley,185.39,USD,185.39,US,Influencer,0,2
6364,3771,2024-08-04,Fashion Frames,75.36,USD,75.36,US,Influencer,0,3
6365,3771,2025-01-15,Basic Frames,9.62,USD,9.62,US,Influencer,0,4
6366,3773,2023-07-12,Premium Frames,82.13,USD,82.13,US,Social Media,25,1
6367,3773,2023-08-11,Fashion Frames,54.14,USD,54.14,US,Social Media,0,2
6368,3773,2023-09-10,Fashion Frames,44.27,USD,44.27,US,Social Media,0,3
6369,3773,2024-03-03,Basic Frames,10.75,USD,10.75,US,Social Media,0,4
6370,3774,2025-02-15,Premium Frames,91.92,USD,91.92,US,Influencer,35,1
6371,3774,2025-03-17,Basic Frames,25.91,USD,25.91,US,Influencer,0,2
6372,3776,2024-05-01,Premium Frames,94.11,USD,94.11,US,Social Media,25,1
6373,3776,2025-05-01,Basic Frames,20.56,USD,20.56,US,Social Media,0,2
6374,3777,2023-09-11,Basic Frames,16.44,USD,16.44,US,Social Media,25,1
6375,3779,2023-08-29,Basic Frames,21.98,USD,21.98,US,Direct,5,1
6376,3780,2023-11-09,Fashion Frames,36.19,USD,36.19,US,Social Media,25,1
6377,3780,2024-01-20,Ray-Ban,245.34,USD,245.34,US,Social Media,0,2
6378,3780,2024-07-06,Premium Frames,129.72,USD,129.72,US,Social Media,0,3
6379,3781,2025-05-30,Basic Frames,9.4,USD,9.4,US,Social Media,25,1
6380,3781,2025-06-29,Basic Frames,18.45,USD,18.45,US,Social Media,0,2
6381,3782,2024-12-27,Fashion Frames,41.6,USD,41.6,US,Google Search,30,1
6382,3783,2023-05-29,Fashion Frames,77.89,USD,77.89,US,Social Media,25,1
6383,3783,2023-08-05,Basic Frames,21.16,USD,21.16,US,Social Media,0,2
6384,3783,2023-09-04,Premium Frames,104.36,USD,104.36,US,Social Media,0,3
6385,3783,2023-10-04,Oakley,144.85,USD,144.85,US,Social Media,0,4
6386,3783,2024-03-29,Fashion Frames,61.31,USD,61.31,US,Social Media,0,5
6387,3784,2025-04-07,Premium Frames,122.34,USD,122.34,US,Social Media,25,1
6388,3784,2025-06-03,Fashion Frames,56.95,USD,56.95,US,Social Media,0,2
6389,3785,2024-04-25,Fashion Frames,49.29,USD,49.29,US,Google Search,30,1
6390,3785,2024-11-23,Ray-Ban,219.16,USD,219.16,US,Google Search,0,2
6391,3786,2025-07-26,Basic Frames,19.57,USD,19.57,US,Google Search,30,1
6392,3787,2023-03-08,Basic Frames,6.43,USD,6.43,US,Social Media,25,1
6393,3787,2024-03-07,Basic Frames,14.88,USD,14.88,US,Social Media,0,2
6394,3787,2024-05-15,Fashion Frames,43.06,USD,43.06,US,Social Media,0,3
6395,3789,2024-02-29,Basic Frames,27.84,USD,27.84,US,Influencer,35,1
6396,3789,2024-08-28,Basic Frames,27.66,USD,27.66,US,Influencer,0,2
6397,3790,2024-03-26,Premium Frames,143.23,USD,143.23,US,Google Search,30,1
6398,3790,2024-06-08,Ray-Ban,198.14,USD,198.14,US,Google Search,0,2
6399,3790,2025-01-01,Ray-Ban,178.77,USD,178.77,US,Google Search,0,3
6400,3790,2025-05-18,Premium Frames,104.51,USD,104.51,US,Google Search,0,4
6401,3796,2023-09-23,Premium Frames,143.89,USD,143.89,US,Google Search,30,1
6402,3796,2024-02-01,Premium Frames,129.86,USD,129.86,US,Google Search,0,2
6403,3797,2023-08-01,Fashion Frames,70.85,USD,70.85,US,Social Media,25,1
6404,3797,2023-09-13,Fashion Frames,43.21,USD,43.21,US,Social Media,0,2
6405,3798,2023-12-13,Basic Frames,27.37,USD,27.37,US,Influencer,35,1
6406,3798,2024-01-12,Premium Frames,102.63,USD,102.63,US,Influencer,0,2
6407,3800,2023-03-25,Basic Frames,9.56,USD,9.56,US,Google Search,30,1
6408,3800,2023-12-29,Ray-Ban,182.84,USD,182.84,US,Google Search,0,2
6409,3800,2024-02-20,Basic Frames,18.7,USD,18.7,US,Google Search,0,3
6410,3800,2024-03-21,Fashion Frames,53.67,USD,53.67,US,Google Search,0,4
6411,3800,2024-04-20,Premium Frames,143.13,USD,143.13,US,Google Search,0,5
6412,3800,2025-02-21,Ray-Ban,244.77,USD,244.77,US,Google Search,0,6
6413,3802,2024-04-27,Fashion Frames,50.09,USD,50.09,US,Email Marketing,10,1
6414,3803,2025-05-25,Ray-Ban,227.22,USD,227.22,US,Google Search,30,1
6415,3805,2023-04-09,Ray-Ban,228.0,USD,228.0,US,Google Search,30,1
6416,3806,2024-07-27,Premium Frames,96.41,USD,96.41,US,Social Media,25,1
6417,3806,2024-08-26,Premium Frames,81.21,USD,81.21,US,Social Media,0,2
6418,3806,2024-09-25,Premium Frames,105.58,USD,105.58,US,Social Media,0,3
6419,3806,2025-01-13,Ray-Ban,212.44,USD,212.44,US,Social Media,0,4
6420,3807,2025-01-12,Fashion Frames,69.4,USD,69.4,US,Direct,5,1
6421,3809,2023-07-16,Fashion Frames,46.39,USD,46.39,US,Influencer,35,1
6422,3809,2024-05-23,Basic Frames,27.2,USD,27.2,US,Influencer,0,2
6423,3809,2025-01-28,Basic Frames,10.8,USD,10.8,US,Influencer,0,3
6424,3809,2025-03-13,Fashion Frames,70.73,USD,70.73,US,Influencer,0,4
6425,3809,2025-05-22,Ray-Ban,169.63,USD,169.63,US,Influencer,0,5
6426,3811,2023-10-03,Basic Frames,13.09,USD,13.09,US,Email Marketing,10,1
6427,3811,2023-11-02,Ray-Ban,157.0,USD,157.0,US,Email Marketing,0,2
6428,3811,2023-12-02,Fashion Frames,74.35,USD,74.35,US,Email Marketing,0,3
6429,3811,2024-04-23,Premium Frames,117.12,USD,117.12,US,Email Marketing,0,4
6430,3811,2024-05-23,Fashion Frames,55.7,USD,55.7,US,Email Marketing,0,5
6431,3812,2024-01-28,Basic Frames,15.02,USD,15.02,US,Google Search,30,1
6432,3812,2024-03-31,Basic Frames,22.82,USD,22.82,US,Google Search,0,2
6433,3814,2024-09-22,Fashion Frames,6152.0,JPY,41.01,Japan,Direct,5,1
6434,3814,2024-10-22,Premium Frames,15215.0,JPY,101.43,Japan,Direct,0,2
6435,3814,2025-04-12,Oakley,18346.0,JPY,122.31,Japan,Direct,0,3
6436,3815,2024-09-13,Basic Frames,16.11,USD,16.11,US,Social Media,25,1
6437,3815,2025-03-18,Fashion Frames,49.06,USD,49.06,US,Social Media,0,2
6438,3818,2023-03-17,Premium Frames,107.36,USD,107.36,US,Social Media,25,1
6439,3818,2024-03-16,Fashion Frames,38.69,USD,38.69,US,Social Media,0,2
6440,3818,2024-10-01,Fashion Frames,52.76,USD,52.76,US,Social Media,0,3
6441,3819,2023-07-17,Basic Frames,28.49,USD,28.49,US,Google Search,30,1
6442,3819,2023-10-07,Fashion Frames,53.34,USD,53.34,US,Google Search,0,2
6443,3819,2023-11-06,Fashion Frames,40.69,USD,40.69,US,Google Search,0,3
6444,3820,2025-04-07,Basic Frames,12.83,USD,12.83,US,Email Marketing,10,1
6445,3820,2025-08-10,Basic Frames,20.08,USD,20.08,US,Email Marketing,0,2
6446,3821,2025-03-12,Oakley,121.36,USD,121.36,US,Social Media,25,1
6447,3822,2024-08-24,Basic Frames,13.84,USD,13.84,US,Social Media,25,1
6448,3822,2025-05-23,Premium Frames,113.92,USD,113.92,US,Social Media,0,2
6449,3822,2025-07-30,Basic Frames,9.4,USD,9.4,US,Social Media,0,3
6450,3824,2024-11-27,Premium Frames,82.76,USD,82.76,US,Social Media,25,1
6451,3824,2024-12-27,Basic Frames,16.42,USD,16.42,US,Social Media,0,2
6452,3824,2025-05-12,Basic Frames,13.77,USD,13.77,US,Social Media,0,3
6453,3825,2024-07-26,Premium Frames,123.3,USD,123.3,US,Influencer,35,1
6454,3825,2025-03-07,Basic Frames,24.25,USD,24.25,US,Influencer,0,2
6455,3825,2025-04-06,Basic Frames,21.45,USD,21.45,US,Influencer,0,3
6456,3825,2025-07-17,Basic Frames,13.78,USD,13.78,US,Influencer,0,4
6457,3827,2024-05-05,Fashion Frames,56.07,USD,56.07,US,Social Media,25,1
6458,3827,2024-08-21,Basic Frames,23.35,USD,23.35,US,Social Media,0,2
6459,3827,2024-11-29,Basic Frames,23.13,USD,23.13,US,Social Media,0,3
6460,3827,2025-08-17,Fashion Frames,55.34,USD,55.34,US,Social Media,0,4
6461,3829,2025-06-09,Basic Frames,8.45,USD,8.45,US,Influencer,35,1
6462,3830,2025-07-18,Fashion Frames,65.98,USD,65.98,US,Influencer,35,1
6463,3831,2023-12-12,Ray-Ban,186.67,USD,186.67,US,Google Search,30,1
6464,3831,2024-12-11,Fashion Frames,48.5,USD,48.5,US,Google Search,0,2
6465,3832,2023-11-12,Fashion Frames,47.84,USD,47.84,US,Influencer,35,1
6466,3832,2024-01-20,Premium Frames,85.8,USD,85.8,US,Influencer,0,2
6467,3833,2025-08-12,Premium Frames,85.29,USD,85.29,US,Direct,5,1
6468,3834,2023-02-08,Oakley,183.18,USD,183.18,US,Google Search,30,1
6469,3834,2023-08-13,Fashion Frames,65.03,USD,65.03,US,Google Search,0,2
6470,3834,2023-11-03,Fashion Frames,57.86,USD,57.86,US,Google Search,0,3
6471,3834,2023-12-14,Fashion Frames,35.38,USD,35.38,US,Google Search,0,4
6472,3834,2024-01-13,Oakley,136.58,USD,136.58,US,Google Search,0,5
6473,3835,2023-09-04,Premium Frames,133.63,USD,133.63,US,Social Media,25,1
6474,3835,2023-10-08,Basic Frames,26.85,USD,26.85,US,Social Media,0,2
6475,3835,2024-02-28,Basic Frames,11.46,USD,11.46,US,Social Media,0,3
6476,3835,2024-03-29,Fashion Frames,33.77,USD,33.77,US,Social Media,0,4
6477,3837,2023-08-07,Ray-Ban,214.65,USD,214.65,US,Social Media,25,1
6478,3838,2025-02-02,Fashion Frames,54.46,USD,54.46,US,Direct,5,1
6479,3838,2025-03-11,Basic Frames,7.01,USD,7.01,US,Direct,0,2
6480,3838,2025-04-18,Fashion Frames,68.17,USD,68.17,US,Direct,0,3
6481,3838,2025-05-18,Fashion Frames,77.55,USD,77.55,US,Direct,0,4
6482,3840,2025-02-17,Basic Frames,13.67,USD,13.67,US,Social Media,25,1
6483,3841,2025-02-12,Basic Frames,21.22,USD,21.22,US,Social Media,25,1
6484,3841,2025-03-17,Fashion Frames,50.39,USD,50.39,US,Social Media,0,2
6485,3842,2024-05-11,Premium Frames,100.99,USD,100.99,US,Email Marketing,10,1
6486,3842,2024-06-10,Oakley,121.88,USD,121.88,US,Email Marketing,0,2
6487,3842,2025-01-06,Premium Frames,130.32,USD,130.32,US,Email Marketing,0,3
6488,3844,2023-09-10,Premium Frames,94.81,USD,94.81,US,Google Search,30,1
6489,3844,2023-11-06,Fashion Frames,32.76,USD,32.76,US,Google Search,0,2
6490,3844,2024-01-06,Basic Frames,11.51,USD,11.51,US,Google Search,0,3
6491,3844,2024-02-05,Basic Frames,17.8,USD,17.8,US,Google Search,0,4
6492,3844,2024-03-06,Fashion Frames,48.12,USD,48.12,US,Google Search,0,5
6493,3845,2024-12-19,Basic Frames,27.16,USD,27.16,US,Direct,5,1
6494,3845,2025-02-19,Premium Frames,116.13,USD,116.13,US,Direct,0,2
6495,3847,2024-12-22,Oakley,132.18,USD,132.18,US,Influencer,35,1
6496,3848,2023-08-02,Fashion Frames,61.76,USD,61.76,US,Social Media,25,1
6497,3848,2023-09-01,Ray-Ban,212.66,USD,212.66,US,Social Media,0,2
6498,3848,2023-11-08,Basic Frames,12.38,USD,12.38,US,Social Media,0,3
6499,3848,2024-08-19,Basic Frames,14.98,USD,14.98,US,Social Media,0,4
6500,3848,2024-09-18,Fashion Frames,50.03,USD,50.03,US,Social Media,0,5
6501,3851,2023-09-06,Basic Frames,10.7,USD,10.7,US,Social Media,25,1
6502,3851,2024-02-14,Basic Frames,27.55,USD,27.55,US,Social Media,0,2
6503,3852,2024-08-02,Premium Frames,125.88,USD,125.88,US,Social Media,25,1
6504,3852,2025-06-18,Premium Frames,112.16,USD,112.16,US,Social Media,0,2
6505,3852,2025-07-18,Fashion Frames,52.83,USD,52.83,US,Social Media,0,3
6506,3854,2025-03-10,Fashion Frames,68.73,USD,68.73,US,Direct,5,1
6507,3855,2023-10-20,Fashion Frames,36.52,USD,36.52,US,Google Search,30,1
6508,3855,2023-11-19,Basic Frames,15.3,USD,15.3,US,Google Search,0,2
6509,3856,2024-01-31,Ray-Ban,243.38,USD,243.38,US,Google Search,30,1
6510,3856,2024-09-02,Oakley,136.45,USD,136.45,US,Google Search,0,2
6511,3859,2024-10-30,Premium Frames,128.59,USD,128.59,US,Email Marketing,10,1
6512,3860,2024-01-13,Fashion Frames,60.07,USD,60.07,US,Direct,5,1
6513,3860,2024-03-09,Fashion Frames,45.87,USD,45.87,US,Direct,0,2
6514,3860,2024-05-13,Premium Frames,113.0,USD,113.0,US,Direct,0,3
6515,3861,2023-11-19,Basic Frames,11.52,USD,11.52,US,Social Media,25,1
6516,3861,2024-01-18,Oakley,191.22,USD,191.22,US,Social Media,0,2
6517,3861,2024-05-18,Basic Frames,26.25,USD,26.25,US,Social Media,0,3
6518,3861,2024-06-21,Basic Frames,11.2,USD,11.2,US,Social Media,0,4
6519,3861,2024-08-21,Basic Frames,6.57,USD,6.57,US,Social Media,0,5
6520,3862,2023-10-01,Basic Frames,25.91,USD,25.91,US,Email Marketing,10,1
6521,3864,2024-06-09,Basic Frames,28.72,USD,28.72,US,Influencer,35,1
6522,3865,2025-06-24,Premium Frames,103.59,USD,103.59,US,Direct,5,1
6523,3867,2024-05-17,Oakley,133.22,USD,133.22,US,Social Media,25,1
6524,3868,2023-04-15,Fashion Frames,58.48,USD,58.48,US,Direct,5,1
6525,3869,2025-04-02,Fashion Frames,79.35,USD,79.35,US,Direct,5,1
6526,3871,2024-04-27,Premium Frames,123.53,USD,123.53,US,Influencer,35,1
6527,3871,2024-07-09,Fashion Frames,74.34,USD,74.34,US,Influencer,0,2
6528,3873,2025-05-15,Fashion Frames,73.0,USD,73.0,US,Social Media,25,1
6529,3876,2023-07-28,Basic Frames,15.15,USD,15.15,US,Direct,5,1
6530,3877,2024-01-22,Ray-Ban,166.79,USD,166.79,US,Social Media,25,1
6531,3878,2023-11-21,Fashion Frames,41.55,USD,41.55,US,Direct,5,1
6532,3878,2024-01-22,Basic Frames,10.58,USD,10.58,US,Direct,0,2
6533,3879,2024-03-12,Fashion Frames,73.95,USD,73.95,US,Direct,5,1
6534,3879,2024-04-11,Basic Frames,7.83,USD,7.83,US,Direct,0,2
6535,3880,2023-02-18,Basic Frames,6.54,USD,6.54,US,Direct,5,1
6536,3880,2023-03-20,Fashion Frames,68.75,USD,68.75,US,Direct,0,2
6537,3880,2023-06-06,Basic Frames,27.56,USD,27.56,US,Direct,0,3
6538,3881,2024-08-04,Fashion Frames,43.87,USD,43.87,US,Social Media,25,1
6539,3881,2024-09-03,Basic Frames,28.32,USD,28.32,US,Social Media,0,2
6540,3881,2024-10-03,Basic Frames,27.3,USD,27.3,US,Social Media,0,3
6541,3883,2023-08-17,Fashion Frames,76.05,USD,76.05,US,Google Search,30,1
6542,3883,2024-01-18,Fashion Frames,67.47,USD,67.47,US,Google Search,0,2
6543,3884,2025-01-30,Fashion Frames,32.49,USD,32.49,US,Email Marketing,10,1
6544,3886,2023-01-19,Premium Frames,81.99,USD,81.99,US,Social Media,25,1
6545,3887,2023-09-25,Basic Frames,11.64,USD,11.64,US,Social Media,25,1
6546,3887,2023-10-25,Basic Frames,26.88,USD,26.88,US,Social Media,0,2
6547,3887,2023-12-11,Premium Frames,121.0,USD,121.0,US,Social Media,0,3
6548,3887,2024-01-14,Basic Frames,19.38,USD,19.38,US,Social Media,0,4
6549,3888,2024-07-22,Premium Frames,129.5,USD,129.5,US,Email Marketing,10,1
6550,3888,2024-10-16,Fashion Frames,54.51,USD,54.51,US,Email Marketing,0,2
6551,3890,2024-08-29,Ray-Ban,157.45,USD,157.45,US,Social Media,25,1
6552,3890,2024-11-22,Fashion Frames,64.22,USD,64.22,US,Social Media,0,2
6553,3891,2024-08-29,Basic Frames,17.94,USD,17.94,US,Google Search,30,1
6554,3893,2024-03-04,Basic Frames,29.35,USD,29.35,US,Social Media,25,1
6555,3893,2024-05-01,Ray-Ban,208.1,USD,208.1,US,Social Media,0,2
6556,3893,2024-06-24,Fashion Frames,33.16,USD,33.16,US,Social Media,0,3
6557,3893,2024-07-24,Fashion Frames,34.09,USD,34.09,US,Social Media,0,4
6558,3895,2023-06-09,Basic Frames,12.76,USD,12.76,US,Social Media,25,1
6559,3895,2024-06-08,Basic Frames,17.5,USD,17.5,US,Social Media,0,2
6560,3895,2024-07-12,Basic Frames,25.25,USD,25.25,US,Social Media,0,3
6561,3895,2024-08-30,Basic Frames,6.59,USD,6.59,US,Social Media,0,4
6562,3895,2024-12-18,Oakley,141.76,USD,141.76,US,Social Media,0,5
6563,3895,2025-01-17,Premium Frames,141.17,USD,141.17,US,Social Media,0,6
6564,3895,2025-02-16,Basic Frames,11.64,USD,11.64,US,Social Media,0,7
6565,3896,2023-07-21,Ray-Ban,151.19,USD,151.19,US,Social Media,25,1
6566,3896,2023-08-27,Fashion Frames,62.86,USD,62.86,US,Social Media,0,2
6567,3896,2024-05-23,Fashion Frames,73.8,USD,73.8,US,Social Media,0,3
6568,3898,2023-09-23,Basic Frames,28.85,USD,28.85,US,Direct,5,1
6569,3898,2024-03-24,Basic Frames,17.72,USD,17.72,US,Direct,0,2
6570,3898,2024-05-08,Basic Frames,11.56,USD,11.56,US,Direct,0,3
6571,3898,2024-08-14,Basic Frames,26.36,USD,26.36,US,Direct,0,4
6572,3899,2024-01-26,Fashion Frames,48.84,USD,48.84,US,Google Search,30,1
6573,3900,2024-08-11,Premium Frames,112.48,USD,112.48,US,Social Media,25,1
6574,3901,2025-05-15,Fashion Frames,39.03,USD,39.03,US,Direct,5,1
6575,3901,2025-08-11,Fashion Frames,63.27,USD,63.27,US,Direct,0,2
6576,3902,2023-09-15,Fashion Frames,58.0,USD,58.0,US,Social Media,25,1
6577,3902,2023-11-06,Basic Frames,9.5,USD,9.5,US,Social Media,0,2
6578,3902,2023-12-06,Basic Frames,23.64,USD,23.64,US,Social Media,0,3
6579,3903,2024-05-26,Basic Frames,10.18,USD,10.18,US,Social Media,25,1
6580,3904,2024-07-18,Fashion Frames,53.91,USD,53.91,US,Email Marketing,10,1
6581,3904,2024-08-17,Fashion Frames,48.02,USD,48.02,US,Email Marketing,0,2
6582,3904,2024-10-17,Basic Frames,13.02,USD,13.02,US,Email Marketing,0,3
6583,3907,2023-12-27,Ray-Ban,204.68,USD,204.68,US,Google Search,30,1
6584,3907,2024-05-30,Basic Frames,14.65,USD,14.65,US,Google Search,0,2
6585,3907,2024-08-18,Fashion Frames,52.15,USD,52.15,US,Google Search,0,3
6586,3907,2025-03-17,Fashion Frames,60.51,USD,60.51,US,Google Search,0,4
6587,3907,2025-05-10,Fashion Frames,74.35,USD,74.35,US,Google Search,0,5
6588,3907,2025-06-09,Ray-Ban,183.95,USD,183.95,US,Google Search,0,6
6589,3908,2023-10-05,Fashion Frames,53.86,USD,53.86,US,Google Search,30,1
6590,3911,2024-05-18,Fashion Frames,33.1,USD,33.1,US,Influencer,35,1
6591,3911,2024-07-22,Fashion Frames,55.81,USD,55.81,US,Influencer,0,2
6592,3913,2024-10-19,Basic Frames,20.37,USD,20.37,US,Social Media,25,1
6593,3913,2025-01-13,Fashion Frames,57.47,USD,57.47,US,Social Media,0,2
6594,3915,2024-06-03,Basic Frames,25.17,USD,25.17,US,Google Search,30,1
6595,3915,2024-07-03,Premium Frames,90.63,USD,90.63,US,Google Search,0,2
6596,3917,2023-06-24,Basic Frames,22.64,USD,22.64,US,Influencer,35,1
6597,3917,2023-09-15,Premium Frames,86.64,USD,86.64,US,Influencer,0,2
6598,3917,2024-03-23,Basic Frames,16.06,USD,16.06,US,Influencer,0,3
6599,3918,2025-01-22,Basic Frames,18.03,USD,18.03,US,Google Search,30,1
6600,3918,2025-02-21,Fashion Frames,33.06,USD,33.06,US,Google Search,0,2
6601,3918,2025-03-23,Premium Frames,88.16,USD,88.16,US,Google Search,0,3
6602,3919,2025-04-05,Fashion Frames,76.79,USD,76.79,US,Social Media,25,1
6603,3919,2025-06-13,Premium Frames,126.86,USD,126.86,US,Social Media,0,2
6604,3920,2024-01-02,Fashion Frames,42.11,USD,42.11,US,Email Marketing,10,1
6605,3921,2023-06-25,Oakley,146.79,USD,146.79,US,Social Media,25,1
6606,3922,2023-05-27,Fashion Frames,66.86,USD,66.86,US,Google Search,30,1
6607,3922,2023-08-30,Fashion Frames,70.05,USD,70.05,US,Google Search,0,2
6608,3923,2025-01-18,Basic Frames,15.48,USD,15.48,US,Social Media,25,1
6609,3924,2024-07-23,Fashion Frames,50.25,USD,50.25,US,Google Search,30,1
6610,3925,2024-05-17,Fashion Frames,67.74,USD,67.74,US,Direct,5,1
6611,3925,2024-06-29,Basic Frames,22.51,USD,22.51,US,Direct,0,2
6612,3927,2025-07-30,Basic Frames,21.45,USD,21.45,US,Google Search,30,1
6613,3928,2025-06-30,Premium Frames,128.88,USD,128.88,US,Google Search,30,1
6614,3930,2024-11-05,Fashion Frames,74.77,USD,74.77,US,Social Media,25,1
6615,3933,2023-03-06,Fashion Frames,75.88,USD,75.88,US,Google Search,30,1
6616,3933,2023-04-21,Basic Frames,22.68,USD,22.68,US,Google Search,0,2
6617,3933,2023-06-19,Basic Frames,13.36,USD,13.36,US,Google Search,0,3
6618,3935,2025-06-08,Basic Frames,11.02,USD,11.02,US,Social Media,25,1
6619,3935,2025-07-17,Fashion Frames,62.27,USD,62.27,US,Social Media,0,2
6620,3937,2025-04-17,Basic Frames,6.39,USD,6.39,US,Direct,5,1
6621,3937,2025-05-17,Basic Frames,13.1,USD,13.1,US,Direct,0,2
6622,3937,2025-08-02,Basic Frames,10.97,USD,10.97,US,Direct,0,3
6623,3939,2023-02-26,Premium Frames,85.62,USD,85.62,US,Email Marketing,10,1
6624,3939,2023-03-28,Premium Frames,112.23,USD,112.23,US,Email Marketing,0,2
6625,3939,2023-06-25,Basic Frames,8.85,USD,8.85,US,Email Marketing,0,3
6626,3939,2023-10-26,Fashion Frames,77.3,USD,77.3,US,Email Marketing,0,4
6627,3939,2023-11-25,Basic Frames,21.88,USD,21.88,US,Email Marketing,0,5
6628,3940,2025-02-23,Basic Frames,29.49,AUD,20.34,Australia,Google Search,30,1
6629,3941,2023-01-17,Fashion Frames,49.37,USD,49.37,US,Direct,5,1
6630,3941,2023-02-17,Basic Frames,13.29,USD,13.29,US,Direct,0,2
6631,3941,2023-07-15,Basic Frames,20.86,USD,20.86,US,Direct,0,3
6632,3941,2023-08-14,Fashion Frames,76.06,USD,76.06,US,Direct,0,4
6633,3942,2024-03-04,Fashion Frames,60.07,USD,60.07,US,Email Marketing,10,1
6634,3942,2025-03-04,Fashion Frames,64.28,USD,64.28,US,Email Marketing,0,2
6635,3944,2025-05-12,Fashion Frames,69.92,AUD,48.22,Australia,Direct,5,1
6636,3944,2025-07-04,Basic Frames,17.6,AUD,12.14,Australia,Direct,0,2
6637,3945,2024-10-12,Basic Frames,25.15,USD,25.15,US,Google Search,30,1
6638,3945,2025-02-21,Fashion Frames,67.89,USD,67.89,US,Google Search,0,2
6639,3947,2023-03-15,Basic Frames,20.09,USD,20.09,US,Social Media,25,1
6640,3950,2023-01-10,Premium Frames,149.63,USD,149.63,US,Email Marketing,10,1
6641,3950,2023-02-09,Basic Frames,15.12,USD,15.12,US,Email Marketing,0,2
6642,3950,2023-04-02,Basic Frames,29.11,USD,29.11,US,Email Marketing,0,3
6643,3950,2023-05-02,Premium Frames,133.37,USD,133.37,US,Email Marketing,0,4
6644,3950,2023-07-03,Fashion Frames,35.25,USD,35.25,US,Email Marketing,0,5
6645,3951,2023-09-11,Basic Frames,8.21,USD,8.21,US,Influencer,35,1
6646,3951,2023-10-11,Premium Frames,97.93,USD,97.93,US,Influencer,0,2
6647,3951,2023-11-10,Basic Frames,25.94,USD,25.94,US,Influencer,0,3
6648,3951,2024-09-14,Premium Frames,124.56,USD,124.56,US,Influencer,0,4
6649,3951,2024-10-14,Premium Frames,87.49,USD,87.49,US,Influencer,0,5
6650,3952,2024-06-05,Oakley,146.99,USD,146.99,US,Direct,5,1
6651,3952,2024-07-24,Basic Frames,20.49,USD,20.49,US,Direct,0,2
6652,3952,2025-01-13,Basic Frames,17.26,USD,17.26,US,Direct,0,3
6653,3952,2025-04-14,Basic Frames,13.75,USD,13.75,US,Direct,0,4
6654,3952,2025-08-07,Ray-Ban,205.71,USD,205.71,US,Direct,0,5
6655,3953,2024-04-15,Oakley,156.1,USD,156.1,US,Google Search,30,1
6656,3953,2024-05-15,Fashion Frames,61.07,USD,61.07,US,Google Search,0,2
6657,3953,2024-07-07,Basic Frames,8.28,USD,8.28,US,Google Search,0,3
6658,3954,2024-01-23,Oakley,167.47,USD,167.47,US,Influencer,35,1
6659,3954,2024-09-04,Fashion Frames,64.09,USD,64.09,US,Influencer,0,2
6660,3954,2025-01-13,Premium Frames,82.95,USD,82.95,US,Influencer,0,3
6661,3954,2025-02-12,Fashion Frames,55.81,USD,55.81,US,Influencer,0,4
6662,3955,2023-03-04,Fashion Frames,39.88,USD,39.88,US,Google Search,30,1
6663,3955,2023-10-22,Basic Frames,12.59,USD,12.59,US,Google Search,0,2
6664,3955,2024-08-14,Ray-Ban,206.94,USD,206.94,US,Google Search,0,3
6665,3955,2024-09-13,Ray-Ban,230.33,USD,230.33,US,Google Search,0,4
6666,3956,2024-09-26,Basic Frames,23.38,USD,23.38,US,Email Marketing,10,1
6667,3957,2024-10-19,Fashion Frames,36.77,USD,36.77,US,Email Marketing,10,1
6668,3957,2025-01-30,Basic Frames,18.4,USD,18.4,US,Email Marketing,0,2
6669,3957,2025-03-01,Basic Frames,10.17,USD,10.17,US,Email Marketing,0,3
6670,3957,2025-03-31,Ray-Ban,195.72,USD,195.72,US,Email Marketing,0,4
6671,3957,2025-05-09,Basic Frames,26.49,USD,26.49,US,Email Marketing,0,5
6672,3958,2024-11-13,Fashion Frames,60.45,USD,60.45,US,Direct,5,1
6673,3960,2024-09-26,Premium Frames,147.83,USD,147.83,US,Direct,5,1
6674,3960,2025-07-29,Premium Frames,86.3,USD,86.3,US,Direct,0,2
6675,3961,2025-07-26,Basic Frames,11.98,USD,11.98,US,Direct,5,1
6676,3962,2024-05-25,Basic Frames,23.87,USD,23.87,US,Social Media,25,1
6677,3963,2024-11-10,Basic Frames,10.24,USD,10.24,US,Social Media,25,1
6678,3963,2025-02-20,Fashion Frames,49.46,USD,49.46,US,Social Media,0,2
6679,3964,2024-05-15,Premium Frames,96.42,USD,96.42,US,Social Media,25,1
6680,3964,2024-06-22,Fashion Frames,73.41,USD,73.41,US,Social Media,0,2
6681,3964,2024-07-22,Premium Frames,121.27,USD,121.27,US,Social Media,0,3
6682,3965,2023-01-24,Fashion Frames,65.98,USD,65.98,US,Direct,5,1
6683,3965,2023-03-22,Basic Frames,25.4,USD,25.4,US,Direct,0,2
6684,3965,2023-04-23,Premium Frames,146.41,USD,146.41,US,Direct,0,3
6685,3965,2023-05-23,Fashion Frames,36.69,USD,36.69,US,Direct,0,4
6686,3965,2023-07-05,Basic Frames,9.95,USD,9.95,US,Direct,0,5
6687,3966,2023-01-25,Fashion Frames,78.96,USD,78.96,US,Social Media,25,1
6688,3966,2023-05-01,Fashion Frames,60.66,USD,60.66,US,Social Media,0,2
6689,3966,2023-06-15,Basic Frames,6.57,USD,6.57,US,Social Media,0,3
6690,3966,2023-07-15,Fashion Frames,55.31,USD,55.31,US,Social Media,0,4
6691,3966,2023-08-24,Basic Frames,25.06,USD,25.06,US,Social Media,0,5
6692,3966,2024-06-21,Fashion Frames,52.07,USD,52.07,US,Social Media,0,6
6693,3967,2024-07-03,Fashion Frames,74.99,USD,74.99,US,Direct,5,1
6694,3967,2024-08-04,Basic Frames,14.84,USD,14.84,US,Direct,0,2
6695,3968,2024-07-20,Oakley,153.49,USD,153.49,US,Influencer,35,1
6696,3969,2024-02-28,Fashion Frames,52.38,USD,52.38,US,Social Media,25,1
6697,3969,2024-11-09,Basic Frames,22.85,USD,22.85,US,Social Media,0,2
6698,3969,2025-02-01,Basic Frames,7.61,USD,7.61,US,Social Media,0,3
6699,3969,2025-04-15,Fashion Frames,35.27,USD,35.27,US,Social Media,0,4
6700,3971,2023-01-22,Oakley,157.97,USD,157.97,US,Influencer,35,1
6701,3971,2023-03-15,Fashion Frames,55.85,USD,55.85,US,Influencer,0,2
6702,3972,2024-07-06,Basic Frames,28.27,USD,28.27,US,Social Media,25,1
6703,3973,2025-01-24,Basic Frames,6.58,USD,6.58,US,Social Media,25,1
6704,3973,2025-06-06,Premium Frames,86.96,USD,86.96,US,Social Media,0,2
6705,3974,2023-10-12,Basic Frames,10.72,USD,10.72,US,Social Media,25,1
6706,3974,2023-11-11,Basic Frames,21.84,USD,21.84,US,Social Media,0,2
6707,3974,2023-12-11,Oakley,163.67,USD,163.67,US,Social Media,0,3
6708,3974,2024-05-31,Basic Frames,19.38,USD,19.38,US,Social Media,0,4
6709,3975,2024-07-14,Fashion Frames,78.57,USD,78.57,US,Influencer,35,1
6710,3975,2024-11-18,Fashion Frames,63.16,USD,63.16,US,Influencer,0,2
6711,3976,2023-10-21,Fashion Frames,36.68,USD,36.68,US,Social Media,25,1
6712,3976,2024-01-02,Premium Frames,83.74,USD,83.74,US,Social Media,0,2
6713,3977,2023-01-19,Fashion Frames,38.86,EUR,45.72,France,Social Media,25,1
6714,3979,2025-04-16,Oakley,112.31,GBP,149.75,UK,Influencer,35,1
6715,3979,2025-06-18,Basic Frames,13.68,GBP,18.24,UK,Influencer,0,2
6716,3980,2024-12-22,Premium Frames,117.19,USD,117.19,US,Direct,5,1
6717,3980,2025-02-11,Basic Frames,12.38,USD,12.38,US,Direct,0,2
6718,3980,2025-04-02,Fashion Frames,57.0,USD,57.0,US,Direct,0,3
6719,3980,2025-05-02,Premium Frames,101.93,USD,101.93,US,Direct,0,4
6720,3980,2025-06-01,Basic Frames,25.48,USD,25.48,US,Direct,0,5
6721,3980,2025-07-01,Fashion Frames,46.66,USD,46.66,US,Direct,0,6
6722,3980,2025-08-10,Basic Frames,11.85,USD,11.85,US,Direct,0,7
6723,3981,2024-11-21,Basic Frames,11.13,USD,11.13,US,Social Media,25,1
6724,3982,2024-03-18,Fashion Frames,54.44,USD,54.44,US,Google Search,30,1
6725,3982,2024-12-02,Premium Frames,95.77,USD,95.77,US,Google Search,0,2
6726,3982,2025-04-19,Basic Frames,10.14,USD,10.14,US,Google Search,0,3
6727,3982,2025-05-19,Basic Frames,19.27,USD,19.27,US,Google Search,0,4
6728,3983,2025-04-18,Fashion Frames,73.08,USD,73.08,US,Influencer,35,1
6729,3984,2025-07-20,Basic Frames,31.91,AUD,22.01,Australia,Direct,5,1
6730,3986,2023-04-27,Basic Frames,24.25,USD,24.25,US,Google Search,30,1
6731,3986,2024-04-26,Fashion Frames,54.41,USD,54.41,US,Google Search,0,2
6732,3986,2025-02-08,Ray-Ban,249.0,USD,249.0,US,Google Search,0,3
6733,3986,2025-05-23,Basic Frames,7.74,USD,7.74,US,Google Search,0,4
6734,3987,2025-08-02,Ray-Ban,213.07,USD,213.07,US,Social Media,25,1
6735,3988,2023-04-21,Basic Frames,21.01,USD,21.01,US,Google Search,30,1
6736,3988,2024-04-20,Fashion Frames,76.94,USD,76.94,US,Google Search,0,2
6737,3990,2023-06-09,Premium Frames,192.72,AUD,132.91,Australia,Email Marketing,10,1
6738,3990,2023-11-24,Premium Frames,121.74,AUD,83.96,Australia,Email Marketing,0,2
6739,3991,2023-10-04,Basic Frames,15.47,USD,15.47,US,Direct,5,1
6740,3991,2023-11-14,Basic Frames,10.62,USD,10.62,US,Direct,0,2
6741,3991,2024-03-21,Basic Frames,23.44,USD,23.44,US,Direct,0,3
6742,3991,2025-03-21,Basic Frames,14.97,USD,14.97,US,Direct,0,4
6743,3991,2025-05-02,Basic Frames,16.8,USD,16.8,US,Direct,0,5
6744,3993,2024-09-28,Basic Frames,27.78,USD,27.78,US,Google Search,30,1
6745,3993,2024-11-09,Premium Frames,114.08,USD,114.08,US,Google Search,0,2
6746,3995,2023-09-21,Basic Frames,15.76,USD,15.76,US,Social Media,25,1
6747,3995,2024-01-18,Oakley,189.75,USD,189.75,US,Social Media,0,2
6748,3996,2025-04-15,Basic Frames,11.79,USD,11.79,US,Influencer,35,1
6749,3997,2024-01-02,Ray-Ban,200.22,USD,200.22,US,Direct,5,1
6750,3998,2023-10-04,Premium Frames,122.39,USD,122.39,US,Direct,5,1
6751,3999,2025-03-31,Basic Frames,19.48,USD,19.48,US,Email Marketing,10,1
6752,4003,2024-02-25,Fashion Frames,44.59,USD,44.59,US,Social Media,25,1
6753,4004,2024-04-16,Premium Frames,125.86,USD,125.86,US,Google Search,30,1
6754,4006,2023-09-21,Fashion Frames,71.98,USD,71.98,US,Social Media,25,1
6755,4006,2024-06-20,Basic Frames,20.53,USD,20.53,US,Social Media,0,2
6756,4006,2024-07-20,Premium Frames,144.43,USD,144.43,US,Social Media,0,3
6757,4006,2025-02-10,Basic Frames,26.53,USD,26.53,US,Social Media,0,4
6758,4006,2025-05-29,Basic Frames,17.28,USD,17.28,US,Social Media,0,5
6759,4007,2024-12-14,Basic Frames,24.18,USD,24.18,US,Direct,5,1
6760,4010,2024-12-20,Basic Frames,22.37,USD,22.37,US,Google Search,30,1
6761,4010,2025-05-03,Premium Frames,122.35,USD,122.35,US,Google Search,0,2
6762,4012,2025-05-23,Fashion Frames,68.9,AUD,47.52,Australia,Social Media,25,1
6763,4013,2023-04-03,Basic Frames,29.41,USD,29.41,US,Social Media,25,1
6764,4013,2023-05-29,Basic Frames,18.79,USD,18.79,US,Social Media,0,2
6765,4013,2023-08-07,Premium Frames,123.53,USD,123.53,US,Social Media,0,3
6766,4014,2024-11-03,Basic Frames,21.1,USD,21.1,US,Social Media,25,1
6767,4017,2025-02-23,Fashion Frames,42.16,USD,42.16,US,Google Search,30,1
6768,4019,2023-04-08,Premium Frames,97.52,USD,97.52,US,Direct,5,1
6769,4019,2023-07-20,Fashion Frames,40.37,USD,40.37,US,Direct,0,2
6770,4019,2024-03-16,Basic Frames,29.34,USD,29.34,US,Direct,0,3
6771,4019,2024-07-21,Fashion Frames,40.4,USD,40.4,US,Direct,0,4
6772,4019,2024-11-05,Basic Frames,14.04,USD,14.04,US,Direct,0,5
6773,4019,2025-01-18,Fashion Frames,64.13,USD,64.13,US,Direct,0,6
6774,4020,2024-02-28,Basic Frames,20.35,USD,20.35,US,Social Media,25,1
6775,4020,2024-03-29,Premium Frames,127.21,USD,127.21,US,Social Media,0,2
6776,4020,2024-04-28,Ray-Ban,169.65,USD,169.65,US,Social Media,0,3
6777,4020,2024-05-28,Ray-Ban,211.69,USD,211.69,US,Social Media,0,4
6778,4023,2024-07-22,Basic Frames,10.56,USD,10.56,US,Google Search,30,1
6779,4023,2024-10-19,Fashion Frames,64.61,USD,64.61,US,Google Search,0,2
6780,4024,2024-05-15,Basic Frames,19.27,USD,19.27,US,Social Media,25,1
6781,4024,2024-09-10,Basic Frames,10.91,USD,10.91,US,Social Media,0,2
6782,4024,2024-10-13,Fashion Frames,53.67,USD,53.67,US,Social Media,0,3
6783,4024,2024-12-25,Fashion Frames,56.49,USD,56.49,US,Social Media,0,4
6784,4025,2023-03-07,Fashion Frames,66.41,USD,66.41,US,Social Media,25,1
6785,4025,2023-04-06,Fashion Frames,45.28,USD,45.28,US,Social Media,0,2
6786,4026,2024-10-23,Fashion Frames,60.31,USD,60.31,US,Google Search,30,1
6787,4027,2023-01-12,Basic Frames,14.1,USD,14.1,US,Email Marketing,10,1
6788,4027,2023-08-30,Premium Frames,142.22,USD,142.22,US,Email Marketing,0,2
6789,4027,2023-09-29,Basic Frames,25.43,USD,25.43,US,Email Marketing,0,3
6790,4027,2024-02-25,Fashion Frames,49.37,USD,49.37,US,Email Marketing,0,4
6791,4028,2024-12-22,Basic Frames,23.21,USD,23.21,US,Google Search,30,1
6792,4028,2025-03-20,Premium Frames,145.34,USD,145.34,US,Google Search,0,2
6793,4029,2023-07-06,Premium Frames,104.56,USD,104.56,US,Google Search,30,1
6794,4029,2023-08-10,Basic Frames,12.11,USD,12.11,US,Google Search,0,2
6795,4029,2024-04-15,Fashion Frames,34.53,USD,34.53,US,Google Search,0,3
6796,4030,2023-04-10,Basic Frames,15.04,USD,15.04,US,Email Marketing,10,1
6797,4031,2024-05-27,Fashion Frames,50.26,USD,50.26,US,Influencer,35,1
6798,4031,2024-09-21,Premium Frames,85.59,USD,85.59,US,Influencer,0,2
6799,4031,2024-12-09,Fashion Frames,70.79,USD,70.79,US,Influencer,0,3
6800,4032,2025-05-30,Basic Frames,17.88,USD,17.88,US,Google Search,30,1
6801,4034,2024-10-26,Basic Frames,25.71,USD,25.71,US,Social Media,25,1
6802,4034,2025-01-01,Fashion Frames,56.04,USD,56.04,US,Social Media,0,2
6803,4034,2025-01-31,Basic Frames,16.09,USD,16.09,US,Social Media,0,3
6804,4034,2025-04-01,Basic Frames,12.38,USD,12.38,US,Social Media,0,4
6805,4034,2025-06-05,Ray-Ban,248.18,USD,248.18,US,Social Media,0,5
6806,4035,2025-03-20,Fashion Frames,54.99,USD,54.99,US,Google Search,30,1
6807,4036,2023-12-08,Fashion Frames,52.42,USD,52.42,US,Influencer,35,1
6808,4036,2024-06-11,Premium Frames,102.61,USD,102.61,US,Influencer,0,2
6809,4037,2024-08-02,Oakley,129.83,USD,129.83,US,Email Marketing,10,1
6810,4037,2024-10-21,Premium Frames,133.45,USD,133.45,US,Email Marketing,0,2
6811,4037,2025-05-09,Basic Frames,29.86,USD,29.86,US,Email Marketing,0,3
6812,4037,2025-08-10,Fashion Frames,33.01,USD,33.01,US,Email Marketing,0,4
6813,4038,2025-05-30,Basic Frames,8.58,USD,8.58,US,Social Media,25,1
6814,4039,2023-04-10,Basic Frames,9.06,USD,9.06,US,Influencer,35,1
6815,4039,2023-06-01,Basic Frames,8.3,USD,8.3,US,Influencer,0,2
6816,4039,2023-07-07,Basic Frames,23.83,USD,23.83,US,Influencer,0,3
6817,4039,2023-09-29,Basic Frames,16.16,USD,16.16,US,Influencer,0,4
6818,4040,2025-07-16,Fashion Frames,63.35,USD,63.35,US,Direct,5,1
6819,4040,2025-08-15,Basic Frames,7.44,USD,7.44,US,Direct,0,2
6820,4041,2024-07-01,Premium Frames,148.4,USD,148.4,US,Google Search,30,1
6821,4041,2024-10-06,Basic Frames,23.27,USD,23.27,US,Google Search,0,2
6822,4041,2024-11-05,Basic Frames,12.82,USD,12.82,US,Google Search,0,3
6823,4041,2025-03-11,Basic Frames,11.78,USD,11.78,US,Google Search,0,4
6824,4042,2025-08-03,Premium Frames,122.65,USD,122.65,US,Email Marketing,10,1
6825,4045,2023-08-08,Fashion Frames,42.58,USD,42.58,US,Google Search,30,1
6826,4045,2023-09-07,Premium Frames,82.58,USD,82.58,US,Google Search,0,2
6827,4045,2023-11-01,Fashion Frames,59.62,USD,59.62,US,Google Search,0,3
6828,4045,2024-01-22,Fashion Frames,68.36,USD,68.36,US,Google Search,0,4
6829,4045,2024-06-30,Fashion Frames,39.42,USD,39.42,US,Google Search,0,5
6830,4047,2025-06-19,Premium Frames,100.62,EUR,118.38,France,Influencer,35,1
6831,4048,2024-12-11,Ray-Ban,166.88,USD,166.88,US,Direct,5,1
6832,4049,2025-06-28,Fashion Frames,61.09,USD,61.09,US,Direct,5,1
6833,4052,2023-10-11,Basic Frames,11.91,USD,11.91,US,Social Media,25,1
6834,4052,2023-11-10,Premium Frames,109.04,USD,109.04,US,Social Media,0,2
6835,4053,2023-02-18,Basic Frames,20.63,USD,20.63,US,Social Media,25,1
6836,4053,2024-02-16,Fashion Frames,74.7,USD,74.7,US,Social Media,0,2
6837,4053,2024-03-17,Basic Frames,28.02,USD,28.02,US,Social Media,0,3
6838,4053,2024-10-25,Premium Frames,100.28,USD,100.28,US,Social Media,0,4
6839,4053,2025-03-07,Basic Frames,6.08,USD,6.08,US,Social Media,0,5
6840,4054,2025-08-09,Basic Frames,16.44,USD,16.44,US,Direct,5,1
6841,4057,2025-08-08,Fashion Frames,42.38,USD,42.38,US,Social Media,25,1
6842,4059,2025-07-09,Fashion Frames,52.76,USD,52.76,US,Social Media,25,1
6843,4060,2024-08-04,Basic Frames,27.31,USD,27.31,US,Influencer,35,1
6844,4060,2024-09-03,Basic Frames,26.41,USD,26.41,US,Influencer,0,2
6845,4060,2024-11-27,Basic Frames,24.02,USD,24.02,US,Influencer,0,3
6846,4061,2024-08-14,Ray-Ban,226.74,USD,226.74,US,Google Search,30,1
6847,4061,2024-12-07,Premium Frames,95.15,USD,95.15,US,Google Search,0,2
6848,4062,2024-11-06,Ray-Ban,194.23,USD,194.23,US,Social Media,25,1
6849,4064,2023-07-06,Basic Frames,5.52,EUR,6.5,France,Direct,5,1
6850,4065,2025-08-09,Basic Frames,15.31,USD,15.31,US,Social Media,25,1
6851,4066,2025-05-20,Premium Frames,95.18,USD,95.18,US,Email Marketing,10,1
6852,4066,2025-07-08,Fashion Frames,38.08,USD,38.08,US,Email Marketing,0,2
6853,4067,2023-12-08,Basic Frames,26.09,USD,26.09,US,Direct,5,1
6854,4068,2023-01-20,Premium Frames,92.62,USD,92.62,US,Google Search,30,1
6855,4068,2023-12-06,Basic Frames,15.7,USD,15.7,US,Google Search,0,2
6856,4068,2024-06-16,Basic Frames,11.23,USD,11.23,US,Google Search,0,3
6857,4069,2023-08-02,Fashion Frames,44.43,USD,44.43,US,Google Search,30,1
6858,4069,2023-09-07,Fashion Frames,66.03,USD,66.03,US,Google Search,0,2
6859,4071,2023-05-29,Basic Frames,27.07,USD,27.07,US,Google Search,30,1
6860,4071,2023-06-28,Ray-Ban,246.1,USD,246.1,US,Google Search,0,2
6861,4072,2025-02-09,Basic Frames,19.52,USD,19.52,US,Social Media,25,1
6862,4073,2025-04-27,Premium Frames,85.46,USD,85.46,US,Google Search,30,1
6863,4073,2025-06-13,Fashion Frames,65.94,USD,65.94,US,Google Search,0,2
6864,4074,2025-01-02,Basic Frames,19.72,USD,19.72,US,Social Media,25,1
6865,4075,2025-04-22,Basic Frames,6.49,USD,6.49,US,Influencer,35,1
6866,4076,2024-02-24,Oakley,155.63,USD,155.63,US,Email Marketing,10,1
6867,4076,2024-11-25,Premium Frames,110.27,USD,110.27,US,Email Marketing,0,2
6868,4076,2025-05-09,Fashion Frames,52.43,USD,52.43,US,Email Marketing,0,3
6869,4078,2023-04-05,Basic Frames,27.88,USD,27.88,US,Google Search,30,1
6870,4078,2023-05-05,Premium Frames,98.93,USD,98.93,US,Google Search,0,2
6871,4078,2024-04-19,Basic Frames,9.79,USD,9.79,US,Google Search,0,3
6872,4078,2024-05-19,Basic Frames,11.26,USD,11.26,US,Google Search,0,4
6873,4078,2024-07-15,Premium Frames,121.4,USD,121.4,US,Google Search,0,5
6874,4078,2024-08-14,Basic Frames,18.41,USD,18.41,US,Google Search,0,6
6875,4079,2023-11-10,Basic Frames,10.7,USD,10.7,US,Social Media,25,1
6876,4079,2023-12-20,Fashion Frames,32.78,USD,32.78,US,Social Media,0,2
6877,4079,2024-08-09,Fashion Frames,49.69,USD,49.69,US,Social Media,0,3
6878,4080,2023-06-27,Basic Frames,11.49,USD,11.49,US,Google Search,30,1
6879,4081,2024-08-05,Fashion Frames,38.78,USD,38.78,US,Social Media,25,1
6880,4081,2024-10-07,Basic Frames,20.77,USD,20.77,US,Social Media,0,2
6881,4081,2025-06-17,Premium Frames,119.14,USD,119.14,US,Social Media,0,3
6882,4082,2023-09-22,Basic Frames,18.61,USD,18.61,US,Social Media,25,1
6883,4082,2024-01-28,Fashion Frames,43.5,USD,43.5,US,Social Media,0,2
6884,4082,2024-05-28,Premium Frames,91.28,USD,91.28,US,Social Media,0,3
6885,4083,2024-08-06,Premium Frames,111.08,USD,111.08,US,Direct,5,1
6886,4083,2024-09-20,Fashion Frames,73.68,USD,73.68,US,Direct,0,2
6887,4083,2024-12-09,Fashion Frames,40.11,USD,40.11,US,Direct,0,3
6888,4084,2025-05-06,Ray-Ban,167.5,USD,167.5,US,Google Search,30,1
6889,4084,2025-06-05,Basic Frames,7.6,USD,7.6,US,Google Search,0,2
6890,4086,2024-02-04,Basic Frames,19.74,USD,19.74,US,Email Marketing,10,1
6891,4086,2024-03-05,Basic Frames,24.79,USD,24.79,US,Email Marketing,0,2
6892,4086,2024-11-03,Premium Frames,141.16,USD,141.16,US,Email Marketing,0,3
6893,4089,2024-07-21,Basic Frames,17.29,USD,17.29,US,Google Search,30,1
6894,4090,2023-12-15,Fashion Frames,39.23,USD,39.23,US,Social Media,25,1
6895,4090,2024-04-02,Fashion Frames,31.84,USD,31.84,US,Social Media,0,2
6896,4092,2025-02-24,Basic Frames,7.85,USD,7.85,US,Social Media,25,1
6897,4094,2023-06-16,Basic Frames,24.8,USD,24.8,US,Email Marketing,10,1
6898,4094,2023-09-21,Fashion Frames,57.16,USD,57.16,US,Email Marketing,0,2
6899,4094,2024-01-06,Basic Frames,24.7,USD,24.7,US,Email Marketing,0,3
6900,4094,2024-05-02,Fashion Frames,58.12,USD,58.12,US,Email Marketing,0,4
6901,4095,2025-04-04,Premium Frames,93.35,USD,93.35,US,Social Media,25,1
6902,4096,2024-12-06,Premium Frames,93.89,USD,93.89,US,Social Media,25,1
6903,4096,2025-01-16,Premium Frames,135.3,USD,135.3,US,Social Media,0,2
6904,4097,2025-01-12,Basic Frames,7.59,GBP,10.12,UK,Direct,5,1
6905,4097,2025-02-11,Ray-Ban,133.47,GBP,177.96,UK,Direct,0,2
6906,4097,2025-03-13,Fashion Frames,53.14,GBP,70.85,UK,Direct,0,3
6907,4097,2025-04-12,Oakley,120.05,GBP,160.07,UK,Direct,0,4
6908,4097,2025-06-05,Fashion Frames,56.14,GBP,74.85,UK,Direct,0,5
6909,4098,2023-03-29,Basic Frames,10.01,USD,10.01,US,Social Media,25,1
6910,4098,2023-04-28,Premium Frames,113.37,USD,113.37,US,Social Media,0,2
6911,4098,2023-05-28,Premium Frames,139.41,USD,139.41,US,Social Media,0,3
6912,4099,2024-06-03,Basic Frames,20.62,USD,20.62,US,Email Marketing,10,1
6913,4099,2025-02-08,Premium Frames,106.34,USD,106.34,US,Email Marketing,0,2
6914,4101,2023-12-23,Oakley,156.4,USD,156.4,US,Social Media,25,1
6915,4101,2024-01-24,Ray-Ban,221.31,USD,221.31,US,Social Media,0,2
6916,4101,2024-05-28,Basic Frames,23.12,USD,23.12,US,Social Media,0,3
6917,4101,2024-07-16,Fashion Frames,38.94,USD,38.94,US,Social Media,0,4
6918,4101,2025-02-15,Basic Frames,20.54,USD,20.54,US,Social Media,0,5
6919,4102,2023-03-01,Fashion Frames,79.16,USD,79.16,US,Influencer,35,1
6920,4102,2023-03-31,Basic Frames,9.26,USD,9.26,US,Influencer,0,2
6921,4103,2023-04-15,Fashion Frames,56.92,USD,56.92,US,Direct,5,1
6922,4104,2024-03-24,Fashion Frames,67.96,USD,67.96,US,Direct,5,1
6923,4104,2025-01-27,Basic Frames,19.21,USD,19.21,US,Direct,0,2
6924,4104,2025-03-31,Fashion Frames,66.59,USD,66.59,US,Direct,0,3
6925,4106,2025-05-10,Basic Frames,21.54,USD,21.54,US,Influencer,35,1
6926,4106,2025-08-13,Premium Frames,116.86,USD,116.86,US,Influencer,0,2
6927,4108,2023-12-31,Fashion Frames,72.04,USD,72.04,US,Direct,5,1
6928,4109,2024-09-12,Basic Frames,12.03,USD,12.03,US,Google Search,30,1
6929,4109,2024-10-12,Basic Frames,28.48,USD,28.48,US,Google Search,0,2
6930,4109,2025-01-03,Ray-Ban,167.52,USD,167.52,US,Google Search,0,3
6931,4109,2025-04-16,Fashion Frames,73.04,USD,73.04,US,Google Search,0,4
6932,4109,2025-05-19,Basic Frames,9.03,USD,9.03,US,Google Search,0,5
6933,4110,2025-03-01,Fashion Frames,34.6,USD,34.6,US,Direct,5,1
6934,4110,2025-07-17,Basic Frames,29.87,USD,29.87,US,Direct,0,2
6935,4112,2024-09-02,Basic Frames,27.7,USD,27.7,US,Social Media,25,1
6936,4112,2025-07-10,Premium Frames,107.4,USD,107.4,US,Social Media,0,2
6937,4113,2024-02-21,Basic Frames,6.57,USD,6.57,US,Google Search,30,1
6938,4113,2024-07-28,Premium Frames,114.62,USD,114.62,US,Google Search,0,2
6939,4113,2024-12-26,Premium Frames,132.77,USD,132.77,US,Google Search,0,3
6940,4113,2025-02-27,Fashion Frames,41.56,USD,41.56,US,Google Search,0,4
6941,4113,2025-03-29,Basic Frames,24.6,USD,24.6,US,Google Search,0,5
6942,4113,2025-07-31,Fashion Frames,67.77,USD,67.77,US,Google Search,0,6
6943,4114,2025-03-09,Basic Frames,20.17,USD,20.17,US,Social Media,25,1
6944,4116,2023-03-02,Basic Frames,25.05,USD,25.05,US,Google Search,30,1
6945,4116,2023-08-11,Fashion Frames,50.42,USD,50.42,US,Google Search,0,2
6946,4117,2024-10-14,Premium Frames,143.13,USD,143.13,US,Email Marketing,10,1
6947,4119,2025-03-21,Fashion Frames,50.56,USD,50.56,US,Social Media,25,1
6948,4120,2024-04-23,Basic Frames,14.92,USD,14.92,US,Direct,5,1
6949,4121,2024-05-21,Basic Frames,9.13,USD,9.13,US,Email Marketing,10,1
6950,4121,2025-05-21,Fashion Frames,78.02,USD,78.02,US,Email Marketing,0,2
6951,4122,2023-08-25,Basic Frames,9.49,USD,9.49,US,Influencer,35,1
6952,4122,2024-08-24,Basic Frames,21.36,USD,21.36,US,Influencer,0,2
6953,4122,2025-02-16,Fashion Frames,35.96,USD,35.96,US,Influencer,0,3
6954,4122,2025-03-18,Basic Frames,14.98,USD,14.98,US,Influencer,0,4
6955,4123,2024-01-07,Fashion Frames,75.56,USD,75.56,US,Direct,5,1
6956,4123,2024-06-10,Basic Frames,27.29,USD,27.29,US,Direct,0,2
6957,4123,2025-06-10,Basic Frames,26.93,USD,26.93,US,Direct,0,3
6958,4123,2025-07-10,Ray-Ban,158.73,USD,158.73,US,Direct,0,4
6959,4124,2024-07-27,Basic Frames,25.71,USD,25.71,US,Social Media,25,1
6960,4124,2024-08-26,Basic Frames,19.24,USD,19.24,US,Social Media,0,2
6961,4124,2024-11-11,Basic Frames,6.97,USD,6.97,US,Social Media,0,3
6962,4124,2025-07-26,Fashion Frames,79.09,USD,79.09,US,Social Media,0,4
6963,4126,2024-03-18,Premium Frames,103.87,USD,103.87,US,Social Media,25,1
6964,4126,2024-04-19,Basic Frames,13.45,USD,13.45,US,Social Media,0,2
6965,4126,2024-08-20,Basic Frames,18.16,USD,18.16,US,Social Media,0,3
6966,4127,2023-07-30,Premium Frames,87.99,USD,87.99,US,Direct,5,1
6967,4127,2024-07-29,Fashion Frames,67.47,USD,67.47,US,Direct,0,2
6968,4127,2024-09-30,Basic Frames,19.48,USD,19.48,US,Direct,0,3
6969,4127,2024-10-30,Basic Frames,7.44,USD,7.44,US,Direct,0,4
6970,4127,2024-11-29,Fashion Frames,55.97,USD,55.97,US,Direct,0,5
6971,4127,2025-04-16,Basic Frames,21.14,USD,21.14,US,Direct,0,6
6972,4128,2024-12-01,Premium Frames,111.94,USD,111.94,US,Social Media,25,1
6973,4128,2025-03-04,Ray-Ban,184.07,USD,184.07,US,Social Media,0,2
6974,4128,2025-04-03,Basic Frames,20.71,USD,20.71,US,Social Media,0,3
6975,4128,2025-05-03,Premium Frames,104.94,USD,104.94,US,Social Media,0,4
6976,4128,2025-07-31,Basic Frames,13.84,USD,13.84,US,Social Media,0,5
6977,4129,2024-08-23,Fashion Frames,70.26,USD,70.26,US,Influencer,35,1
6978,4129,2024-10-06,Fashion Frames,59.7,USD,59.7,US,Influencer,0,2
6979,4129,2024-12-20,Fashion Frames,74.29,USD,74.29,US,Influencer,0,3
6980,4131,2024-01-25,Premium Frames,116.46,USD,116.46,US,Influencer,35,1
6981,4131,2024-06-17,Basic Frames,21.99,USD,21.99,US,Influencer,0,2
6982,4131,2024-08-26,Fashion Frames,57.85,USD,57.85,US,Influencer,0,3
6983,4131,2024-09-25,Fashion Frames,67.7,USD,67.7,US,Influencer,0,4
6984,4132,2023-04-07,Fashion Frames,79.93,USD,79.93,US,Google Search,30,1
6985,4132,2023-11-12,Premium Frames,91.58,USD,91.58,US,Google Search,0,2
6986,4132,2024-03-13,Basic Frames,25.79,USD,25.79,US,Google Search,0,3
6987,4132,2025-01-08,Basic Frames,13.92,USD,13.92,US,Google Search,0,4
6988,4133,2025-03-16,Premium Frames,131.47,USD,131.47,US,Influencer,35,1
6989,4134,2024-09-29,Ray-Ban,165.25,USD,165.25,US,Social Media,25,1
6990,4134,2025-02-07,Basic Frames,24.29,USD,24.29,US,Social Media,0,2
6991,4134,2025-05-05,Fashion Frames,40.62,USD,40.62,US,Social Media,0,3
6992,4135,2023-10-30,Fashion Frames,44.51,USD,44.51,US,Email Marketing,10,1
6993,4135,2024-05-03,Fashion Frames,41.79,USD,41.79,US,Email Marketing,0,2
6994,4135,2024-11-20,Fashion Frames,33.16,USD,33.16,US,Email Marketing,0,3
6995,4135,2025-03-27,Basic Frames,6.29,USD,6.29,US,Email Marketing,0,4
6996,4136,2025-04-02,Fashion Frames,51.5,USD,51.5,US,Social Media,25,1
6997,4136,2025-07-25,Basic Frames,10.65,USD,10.65,US,Social Media,0,2
6998,4139,2023-03-20,Basic Frames,19.64,USD,19.64,US,Social Media,25,1
6999,4139,2023-09-08,Fashion Frames,79.53,USD,79.53,US,Social Media,0,2
7000,4139,2023-10-08,Oakley,136.85,USD,136.85,US,Social Media,0,3
7001,4139,2023-12-28,Basic Frames,29.78,USD,29.78,US,Social Media,0,4
7002,4139,2024-05-09,Fashion Frames,39.01,USD,39.01,US,Social Media,0,5
7003,4140,2023-03-29,Basic Frames,23.45,USD,23.45,US,Social Media,25,1
7004,4140,2023-05-26,Fashion Frames,69.56,USD,69.56,US,Social Media,0,2
7005,4141,2023-10-03,Basic Frames,27.96,USD,27.96,US,Email Marketing,10,1
7006,4141,2023-11-02,Fashion Frames,39.11,USD,39.11,US,Email Marketing,0,2
7007,4141,2024-05-25,Fashion Frames,63.96,USD,63.96,US,Email Marketing,0,3
7008,4142,2023-06-23,Basic Frames,22.07,USD,22.07,US,Google Search,30,1
7009,4142,2023-09-14,Fashion Frames,70.77,USD,70.77,US,Google Search,0,2
7010,4142,2024-04-18,Ray-Ban,184.93,USD,184.93,US,Google Search,0,3
7011,4142,2025-03-20,Fashion Frames,66.67,USD,66.67,US,Google Search,0,4
7012,4143,2024-01-29,Premium Frames,113.36,USD,113.36,US,Social Media,25,1
7013,4145,2025-03-14,Fashion Frames,57.85,USD,57.85,US,Google Search,30,1
7014,4148,2025-01-29,Basic Frames,13.84,USD,13.84,US,Google Search,30,1
7015,4149,2024-02-03,Fashion Frames,64.42,USD,64.42,US,Google Search,30,1
7016,4149,2024-03-06,Ray-Ban,221.94,USD,221.94,US,Google Search,0,2
7017,4149,2024-07-16,Basic Frames,18.48,USD,18.48,US,Google Search,0,3
7018,4149,2024-09-18,Fashion Frames,44.67,USD,44.67,US,Google Search,0,4
7019,4149,2024-10-18,Premium Frames,121.98,USD,121.98,US,Google Search,0,5
7020,4149,2024-11-17,Oakley,191.73,USD,191.73,US,Google Search,0,6
7021,4150,2023-11-24,Fashion Frames,32.09,USD,32.09,US,Direct,5,1
7022,4150,2023-12-24,Fashion Frames,54.69,USD,54.69,US,Direct,0,2
7023,4151,2024-01-05,Basic Frames,18.21,USD,18.21,US,Google Search,30,1
7024,4151,2024-03-06,Premium Frames,115.42,USD,115.42,US,Google Search,0,2
7025,4151,2024-10-23,Fashion Frames,66.49,USD,66.49,US,Google Search,0,3
7026,4152,2023-04-22,Basic Frames,28.85,USD,28.85,US,Social Media,25,1
7027,4152,2023-08-16,Fashion Frames,45.72,USD,45.72,US,Social Media,0,2
7028,4152,2023-12-03,Basic Frames,26.72,USD,26.72,US,Social Media,0,3
7029,4153,2023-04-07,Fashion Frames,38.25,USD,38.25,US,Direct,5,1
7030,4153,2023-12-17,Basic Frames,11.37,USD,11.37,US,Direct,0,2
7031,4153,2024-05-24,Ray-Ban,228.56,USD,228.56,US,Direct,0,3
7032,4153,2024-07-28,Basic Frames,27.14,USD,27.14,US,Direct,0,4
7033,4154,2023-01-12,Basic Frames,27.72,USD,27.72,US,Email Marketing,10,1
7034,4154,2023-03-01,Fashion Frames,76.38,USD,76.38,US,Email Marketing,0,2
7035,4154,2023-05-18,Fashion Frames,65.17,USD,65.17,US,Email Marketing,0,3
7036,4155,2023-11-14,Basic Frames,15.9,USD,15.9,US,Google Search,30,1
7037,4155,2023-12-14,Basic Frames,15.6,USD,15.6,US,Google Search,0,2
7038,4155,2024-02-18,Basic Frames,19.6,USD,19.6,US,Google Search,0,3
7039,4155,2024-03-19,Basic Frames,13.18,USD,13.18,US,Google Search,0,4
7040,4156,2024-04-04,Basic Frames,20.95,USD,20.95,US,Influencer,35,1
7041,4158,2025-02-24,Basic Frames,24.6,USD,24.6,US,Social Media,25,1
7042,4160,2023-04-15,Basic Frames,15.74,USD,15.74,US,Email Marketing,10,1
7043,4161,2023-05-24,Basic Frames,15.94,USD,15.94,US,Social Media,25,1
7044,4161,2023-08-01,Premium Frames,148.51,USD,148.51,US,Social Media,0,2
7045,4161,2023-10-17,Premium Frames,104.03,USD,104.03,US,Social Media,0,3
7046,4161,2024-05-19,Premium Frames,106.56,USD,106.56,US,Social Media,0,4
7047,4161,2024-06-18,Basic Frames,13.39,USD,13.39,US,Social Media,0,5
7048,4161,2024-07-18,Oakley,158.92,USD,158.92,US,Social Media,0,6
7049,4164,2024-03-17,Basic Frames,11.14,USD,11.14,US,Direct,5,1
7050,4164,2024-04-16,Basic Frames,16.32,USD,16.32,US,Direct,0,2
7051,4165,2024-04-18,Basic Frames,11.84,USD,11.84,US,Google Search,30,1
7052,4165,2024-06-17,Basic Frames,25.31,USD,25.31,US,Google Search,0,2
7053,4165,2024-10-29,Fashion Frames,47.47,USD,47.47,US,Google Search,0,3
7054,4165,2024-11-28,Premium Frames,122.26,USD,122.26,US,Google Search,0,4
7055,4165,2025-02-05,Basic Frames,20.24,USD,20.24,US,Google Search,0,5
7056,4165,2025-04-10,Fashion Frames,72.81,USD,72.81,US,Google Search,0,6
7057,4165,2025-05-10,Basic Frames,8.42,USD,8.42,US,Google Search,0,7
7058,4166,2024-07-29,Fashion Frames,67.13,USD,67.13,US,Influencer,35,1
7059,4166,2024-08-28,Basic Frames,9.6,USD,9.6,US,Influencer,0,2
7060,4166,2024-09-27,Fashion Frames,52.0,USD,52.0,US,Influencer,0,3
7061,4166,2025-07-09,Oakley,191.73,USD,191.73,US,Influencer,0,4
7062,4169,2024-03-02,Basic Frames,9.65,USD,9.65,US,Google Search,30,1
7063,4169,2024-10-28,Premium Frames,84.54,USD,84.54,US,Google Search,0,2
7064,4170,2023-04-18,Oakley,122.61,USD,122.61,US,Google Search,30,1
7065,4170,2024-01-06,Basic Frames,12.99,USD,12.99,US,Google Search,0,2
7066,4172,2023-05-02,Ray-Ban,241.89,USD,241.89,US,Direct,5,1
7067,4173,2024-01-17,Fashion Frames,63.64,USD,63.64,US,Direct,5,1
7068,4173,2024-02-16,Basic Frames,8.1,USD,8.1,US,Direct,0,2
7069,4173,2024-06-05,Basic Frames,9.97,USD,9.97,US,Direct,0,3
7070,4174,2024-07-25,Basic Frames,8.4,USD,8.4,US,Google Search,30,1
7071,4174,2025-06-16,Ray-Ban,249.64,USD,249.64,US,Google Search,0,2
7072,4174,2025-07-16,Premium Frames,86.68,USD,86.68,US,Google Search,0,3
7073,4175,2023-04-06,Basic Frames,6.01,USD,6.01,US,Influencer,35,1
7074,4175,2023-05-18,Basic Frames,28.14,USD,28.14,US,Influencer,0,2
7075,4175,2023-10-21,Fashion Frames,69.69,USD,69.69,US,Influencer,0,3
7076,4175,2024-10-20,Basic Frames,27.53,USD,27.53,US,Influencer,0,4
7077,4177,2024-09-13,Fashion Frames,44.1,USD,44.1,US,Social Media,25,1
7078,4178,2025-03-26,Basic Frames,26.08,USD,26.08,US,Email Marketing,10,1
7079,4178,2025-07-03,Fashion Frames,34.51,USD,34.51,US,Email Marketing,0,2
7080,4179,2023-12-04,Fashion Frames,37.79,USD,37.79,US,Social Media,25,1
7081,4179,2024-10-28,Basic Frames,17.1,USD,17.1,US,Social Media,0,2
7082,4181,2024-01-31,Fashion Frames,69.03,USD,69.03,US,Email Marketing,10,1
7083,4182,2023-01-25,Fashion Frames,55.32,USD,55.32,US,Email Marketing,10,1
7084,4182,2024-01-25,Fashion Frames,41.97,USD,41.97,US,Email Marketing,0,2
7085,4182,2024-02-24,Basic Frames,12.81,USD,12.81,US,Email Marketing,0,3
7086,4182,2024-04-11,Fashion Frames,50.28,USD,50.28,US,Email Marketing,0,4
7087,4183,2023-11-25,Basic Frames,9.91,USD,9.91,US,Google Search,30,1
7088,4183,2024-02-07,Oakley,157.81,USD,157.81,US,Google Search,0,2
7089,4183,2025-02-06,Basic Frames,16.86,USD,16.86,US,Google Search,0,3
7090,4183,2025-03-08,Fashion Frames,77.63,USD,77.63,US,Google Search,0,4
7091,4184,2024-03-07,Basic Frames,21.68,USD,21.68,US,Influencer,35,1
7092,4184,2024-04-28,Fashion Frames,70.92,USD,70.92,US,Influencer,0,2
7093,4184,2024-11-30,Basic Frames,16.03,USD,16.03,US,Influencer,0,3
7094,4184,2025-03-29,Fashion Frames,76.59,USD,76.59,US,Influencer,0,4
7095,4187,2023-04-12,Basic Frames,11.05,USD,11.05,US,Social Media,25,1
7096,4187,2023-08-12,Fashion Frames,53.6,USD,53.6,US,Social Media,0,2
7097,4187,2023-09-11,Basic Frames,22.88,USD,22.88,US,Social Media,0,3
7098,4187,2023-10-11,Basic Frames,6.88,USD,6.88,US,Social Media,0,4
7099,4187,2024-06-23,Premium Frames,85.05,USD,85.05,US,Social Media,0,5
7100,4187,2024-07-23,Basic Frames,27.0,USD,27.0,US,Social Media,0,6
7101,4188,2025-01-21,Fashion Frames,79.91,USD,79.91,US,Social Media,25,1
7102,4188,2025-02-20,Basic Frames,9.03,USD,9.03,US,Social Media,0,2
7103,4188,2025-07-04,Basic Frames,23.35,USD,23.35,US,Social Media,0,3
7104,4189,2025-07-16,Fashion Frames,47.3,USD,47.3,US,Direct,5,1
7105,4189,2025-08-15,Fashion Frames,46.68,USD,46.68,US,Direct,0,2
7106,4190,2024-07-26,Basic Frames,17.56,USD,17.56,US,Social Media,25,1
7107,4190,2024-08-29,Basic Frames,15.84,USD,15.84,US,Social Media,0,2
7108,4190,2024-09-28,Basic Frames,28.32,USD,28.32,US,Social Media,0,3
7109,4190,2024-11-09,Basic Frames,22.04,USD,22.04,US,Social Media,0,4
7110,4191,2025-07-16,Basic Frames,23.51,USD,23.51,US,Social Media,25,1
7111,4192,2023-09-11,Fashion Frames,65.75,USD,65.75,US,Social Media,25,1
7112,4194,2024-06-20,Fashion Frames,48.85,USD,48.85,US,Social Media,25,1
7113,4194,2025-06-20,Premium Frames,107.96,USD,107.96,US,Social Media,0,2
7114,4194,2025-07-20,Basic Frames,14.28,USD,14.28,US,Social Media,0,3
7115,4195,2023-07-06,Premium Frames,139.04,USD,139.04,US,Direct,5,1
7116,4195,2023-09-19,Fashion Frames,70.38,USD,70.38,US,Direct,0,2
7117,4195,2024-01-26,Basic Frames,15.35,USD,15.35,US,Direct,0,3
7118,4195,2024-02-25,Basic Frames,25.5,USD,25.5,US,Direct,0,4
7119,4196,2024-12-06,Basic Frames,29.2,USD,29.2,US,Influencer,35,1
7120,4196,2025-01-05,Fashion Frames,69.4,USD,69.4,US,Influencer,0,2
7121,4198,2023-06-30,Basic Frames,25.58,USD,25.58,US,Social Media,25,1
7122,4198,2023-09-07,Basic Frames,23.89,USD,23.89,US,Social Media,0,2
7123,4198,2023-10-24,Basic Frames,22.98,USD,22.98,US,Social Media,0,3
7124,4198,2023-11-23,Fashion Frames,63.26,USD,63.26,US,Social Media,0,4
7125,4202,2023-10-03,Oakley,189.53,USD,189.53,US,Direct,5,1
7126,4202,2024-06-18,Fashion Frames,39.04,USD,39.04,US,Direct,0,2
7127,4202,2024-07-21,Basic Frames,12.01,USD,12.01,US,Direct,0,3
7128,4202,2025-02-02,Basic Frames,8.24,USD,8.24,US,Direct,0,4
7129,4202,2025-06-03,Fashion Frames,73.9,USD,73.9,US,Direct,0,5
7130,4203,2024-05-23,Premium Frames,83.9,USD,83.9,US,Social Media,25,1
7131,4203,2024-08-19,Fashion Frames,37.88,USD,37.88,US,Social Media,0,2
7132,4203,2024-10-21,Basic Frames,18.31,USD,18.31,US,Social Media,0,3
7133,4204,2023-06-13,Basic Frames,12.67,USD,12.67,US,Social Media,25,1
7134,4204,2023-10-02,Fashion Frames,40.91,USD,40.91,US,Social Media,0,2
7135,4204,2023-11-16,Premium Frames,93.46,USD,93.46,US,Social Media,0,3
7136,4204,2024-03-23,Premium Frames,83.65,USD,83.65,US,Social Media,0,4
7137,4204,2024-05-26,Ray-Ban,151.91,USD,151.91,US,Social Media,0,5
7138,4205,2023-03-06,Oakley,147.44,USD,147.44,US,Social Media,25,1
7139,4205,2024-03-05,Premium Frames,123.43,USD,123.43,US,Social Media,0,2
7140,4205,2024-05-23,Fashion Frames,47.52,USD,47.52,US,Social Media,0,3
7141,4206,2023-06-21,Fashion Frames,68.81,USD,68.81,US,Email Marketing,10,1
7142,4206,2023-09-07,Fashion Frames,78.49,USD,78.49,US,Email Marketing,0,2
7143,4207,2024-03-22,Basic Frames,9.55,USD,9.55,US,Google Search,30,1
7144,4207,2024-08-08,Fashion Frames,64.34,USD,64.34,US,Google Search,0,2
7145,4207,2025-05-19,Fashion Frames,73.03,USD,73.03,US,Google Search,0,3
7146,4207,2025-06-18,Fashion Frames,67.46,USD,67.46,US,Google Search,0,4
7147,4208,2023-10-10,Fashion Frames,50.14,USD,50.14,US,Influencer,35,1
7148,4208,2023-11-11,Fashion Frames,56.91,USD,56.91,US,Influencer,0,2
7149,4208,2024-05-17,Fashion Frames,59.93,USD,59.93,US,Influencer,0,3
7150,4208,2024-07-20,Fashion Frames,76.4,USD,76.4,US,Influencer,0,4
7151,4209,2024-03-09,Premium Frames,134.11,USD,134.11,US,Google Search,30,1
7152,4209,2024-06-02,Basic Frames,23.55,USD,23.55,US,Google Search,0,2
7153,4209,2025-03-30,Premium Frames,83.72,USD,83.72,US,Google Search,0,3
7154,4211,2024-05-11,Basic Frames,12.96,USD,12.96,US,Email Marketing,10,1
7155,4211,2024-06-21,Fashion Frames,79.84,USD,79.84,US,Email Marketing,0,2
7156,4211,2024-07-21,Premium Frames,112.49,USD,112.49,US,Email Marketing,0,3
7157,4211,2024-10-17,Basic Frames,12.83,USD,12.83,US,Email Marketing,0,4
7158,4211,2024-11-28,Fashion Frames,31.88,USD,31.88,US,Email Marketing,0,5
7159,4211,2025-01-12,Fashion Frames,59.88,USD,59.88,US,Email Marketing,0,6
7160,4213,2023-04-19,Fashion Frames,71.65,USD,71.65,US,Google Search,30,1
7161,4213,2023-09-18,Fashion Frames,51.45,USD,51.45,US,Google Search,0,2
7162,4213,2023-12-27,Oakley,157.08,USD,157.08,US,Google Search,0,3
7163,4213,2024-01-26,Fashion Frames,74.33,USD,74.33,US,Google Search,0,4
7164,4213,2024-02-25,Basic Frames,19.73,USD,19.73,US,Google Search,0,5
7165,4216,2023-09-25,Fashion Frames,43.97,USD,43.97,US,Social Media,25,1
7166,4220,2024-09-17,Fashion Frames,59.4,USD,59.4,US,Email Marketing,10,1
7167,4220,2024-11-05,Basic Frames,15.48,USD,15.48,US,Email Marketing,0,2
7168,4221,2024-10-03,Fashion Frames,42.23,USD,42.23,US,Social Media,25,1
7169,4222,2023-07-28,Basic Frames,25.72,USD,25.72,US,Social Media,25,1
7170,4222,2023-09-21,Fashion Frames,42.71,USD,42.71,US,Social Media,0,2
7171,4222,2023-11-14,Fashion Frames,31.11,USD,31.11,US,Social Media,0,3
7172,4223,2024-04-14,Fashion Frames,34.73,USD,34.73,US,Social Media,25,1
7173,4223,2024-05-14,Premium Frames,136.43,USD,136.43,US,Social Media,0,2
7174,4224,2023-04-26,Fashion Frames,75.08,USD,75.08,US,Social Media,25,1
7175,4224,2023-05-26,Basic Frames,28.56,USD,28.56,US,Social Media,0,2
7176,4224,2023-06-25,Basic Frames,6.39,USD,6.39,US,Social Media,0,3
7177,4224,2023-08-13,Fashion Frames,73.56,USD,73.56,US,Social Media,0,4
7178,4229,2023-12-09,Premium Frames,115.27,USD,115.27,US,Social Media,25,1
7179,4230,2025-05-15,Basic Frames,18.82,USD,18.82,US,Google Search,30,1
7180,4230,2025-06-14,Basic Frames,19.26,USD,19.26,US,Google Search,0,2
7181,4234,2025-06-03,Fashion Frames,66.56,USD,66.56,US,Social Media,25,1
7182,4235,2023-12-13,Basic Frames,21.75,USD,21.75,US,Social Media,25,1
7183,4235,2024-05-16,Basic Frames,6.34,USD,6.34,US,Social Media,0,2
7184,4235,2024-06-26,Ray-Ban,193.52,USD,193.52,US,Social Media,0,3
7185,4235,2024-07-26,Premium Frames,103.69,USD,103.69,US,Social Media,0,4
7186,4235,2024-12-07,Basic Frames,11.89,USD,11.89,US,Social Media,0,5
7187,4235,2025-02-18,Basic Frames,17.52,USD,17.52,US,Social Media,0,6
7188,4236,2024-03-29,Basic Frames,28.35,USD,28.35,US,Social Media,25,1
7189,4236,2024-07-06,Basic Frames,23.54,USD,23.54,US,Social Media,0,2
7190,4236,2024-10-13,Fashion Frames,39.28,USD,39.28,US,Social Media,0,3
7191,4237,2023-12-09,Premium Frames,98.74,USD,98.74,US,Google Search,30,1
7192,4238,2024-03-17,Fashion Frames,51.9,USD,51.9,US,Email Marketing,10,1
7193,4238,2024-08-27,Fashion Frames,66.73,USD,66.73,US,Email Marketing,0,2
7194,4239,2025-04-21,Basic Frames,24.36,USD,24.36,US,Google Search,30,1
7195,4240,2025-05-07,Fashion Frames,79.9,USD,79.9,US,Email Marketing,10,1
7196,4240,2025-07-17,Fashion Frames,64.89,USD,64.89,US,Email Marketing,0,2
7197,4241,2025-06-01,Basic Frames,7.83,USD,7.83,US,Direct,5,1
7198,4241,2025-07-01,Basic Frames,9.73,USD,9.73,US,Direct,0,2
7199,4241,2025-08-04,Premium Frames,89.38,USD,89.38,US,Direct,0,3
7200,4244,2023-05-26,Fashion Frames,68.75,USD,68.75,US,Social Media,25,1
7201,4244,2023-09-05,Fashion Frames,68.16,USD,68.16,US,Social Media,0,2
7202,4244,2024-02-26,Fashion Frames,44.23,USD,44.23,US,Social Media,0,3
7203,4244,2025-02-25,Ray-Ban,168.72,USD,168.72,US,Social Media,0,4
7204,4246,2023-11-25,Basic Frames,18.01,USD,18.01,US,Google Search,30,1
7205,4248,2024-12-12,Fashion Frames,56.03,USD,56.03,US,Social Media,25,1
7206,4249,2023-08-06,Premium Frames,123.39,USD,123.39,US,Direct,5,1
7207,4249,2023-10-03,Ray-Ban,228.76,USD,228.76,US,Direct,0,2
7208,4250,2024-05-05,Basic Frames,8.21,USD,8.21,US,Influencer,35,1
7209,4250,2024-12-29,Fashion Frames,39.64,USD,39.64,US,Influencer,0,2
7210,4250,2025-01-30,Fashion Frames,70.52,USD,70.52,US,Influencer,0,3
7211,4251,2023-12-04,Fashion Frames,43.26,USD,43.26,US,Direct,5,1
7212,4252,2023-07-03,Fashion Frames,109.88,AUD,75.78,Australia,Social Media,25,1
7213,4252,2023-10-09,Basic Frames,36.7,AUD,25.31,Australia,Social Media,0,2
7214,4252,2024-02-13,Premium Frames,196.82,AUD,135.74,Australia,Social Media,0,3
7215,4253,2024-02-20,Basic Frames,7.52,USD,7.52,US,Email Marketing,10,1
7216,4253,2024-03-21,Basic Frames,9.5,USD,9.5,US,Email Marketing,0,2
7217,4253,2024-09-12,Basic Frames,9.85,USD,9.85,US,Email Marketing,0,3
7218,4255,2023-11-04,Fashion Frames,54.46,USD,54.46,US,Social Media,25,1
7219,4257,2024-12-14,Fashion Frames,32.46,USD,32.46,US,Email Marketing,10,1
7220,4260,2024-08-14,Basic Frames,25.37,USD,25.37,US,Social Media,25,1
7221,4262,2023-09-24,Premium Frames,92.56,USD,92.56,US,Email Marketing,10,1
7222,4262,2024-08-15,Premium Frames,123.85,USD,123.85,US,Email Marketing,0,2
7223,4262,2024-10-15,Basic Frames,17.6,USD,17.6,US,Email Marketing,0,3
7224,4263,2023-12-19,Basic Frames,22.74,USD,22.74,US,Influencer,35,1
7225,4263,2024-01-18,Fashion Frames,78.83,USD,78.83,US,Influencer,0,2
7226,4263,2024-10-02,Ray-Ban,224.72,USD,224.72,US,Influencer,0,3
7227,4267,2025-03-18,Ray-Ban,196.33,USD,196.33,US,Influencer,35,1
7228,4268,2024-02-13,Premium Frames,106.45,USD,106.45,US,Email Marketing,10,1
7229,4268,2025-02-12,Premium Frames,143.1,USD,143.1,US,Email Marketing,0,2
7230,4268,2025-05-19,Fashion Frames,32.78,USD,32.78,US,Email Marketing,0,3
7231,4269,2024-01-30,Fashion Frames,8847.0,JPY,58.98,Japan,Direct,5,1
7232,4270,2023-04-30,Basic Frames,21.95,USD,21.95,US,Google Search,30,1
7233,4270,2023-07-08,Fashion Frames,49.25,USD,49.25,US,Google Search,0,2
7234,4270,2023-09-14,Basic Frames,14.13,USD,14.13,US,Google Search,0,3
7235,4272,2024-08-11,Basic Frames,19.66,AUD,13.56,Australia,Influencer,35,1
7236,4272,2024-12-25,Fashion Frames,77.88,AUD,53.71,Australia,Influencer,0,2
7237,4273,2023-08-06,Basic Frames,8.3,USD,8.3,US,Google Search,30,1
7238,4274,2024-08-31,Basic Frames,24.39,USD,24.39,US,Email Marketing,10,1
7239,4274,2024-10-08,Fashion Frames,60.05,USD,60.05,US,Email Marketing,0,2
7240,4275,2024-07-24,Ray-Ban,205.8,USD,205.8,US,Social Media,25,1
7241,4275,2024-12-10,Oakley,164.13,USD,164.13,US,Social Media,0,2
7242,4275,2025-01-27,Premium Frames,133.55,USD,133.55,US,Social Media,0,3
7243,4276,2023-07-05,Fashion Frames,70.73,USD,70.73,US,Social Media,25,1
7244,4276,2023-12-01,Fashion Frames,69.52,USD,69.52,US,Social Media,0,2
7245,4276,2024-02-22,Basic Frames,21.31,USD,21.31,US,Social Media,0,3
7246,4276,2024-04-29,Premium Frames,97.98,USD,97.98,US,Social Media,0,4
7247,4277,2024-11-29,Fashion Frames,51.86,USD,51.86,US,Email Marketing,10,1
7248,4277,2025-05-27,Basic Frames,6.93,USD,6.93,US,Email Marketing,0,2
7249,4278,2025-02-25,Fashion Frames,111.66,AUD,77.01,Australia,Google Search,30,1
7250,4279,2024-07-31,Basic Frames,29.96,USD,29.96,US,Social Media,25,1
7251,4279,2024-12-17,Fashion Frames,65.1,USD,65.1,US,Social Media,0,2
7252,4279,2025-02-20,Fashion Frames,70.97,USD,70.97,US,Social Media,0,3
7253,4281,2025-02-13,Basic Frames,26.39,USD,26.39,US,Google Search,30,1
7254,4281,2025-05-10,Basic Frames,29.55,USD,29.55,US,Google Search,0,2
7255,4281,2025-08-03,Basic Frames,29.4,USD,29.4,US,Google Search,0,3
7256,4282,2024-04-24,Basic Frames,17.96,USD,17.96,US,Direct,5,1
7257,4282,2025-04-24,Basic Frames,23.73,USD,23.73,US,Direct,0,2
7258,4283,2024-12-28,Basic Frames,6.63,USD,6.63,US,Social Media,25,1
7259,4283,2025-02-15,Basic Frames,12.84,USD,12.84,US,Social Media,0,2
7260,4284,2023-08-12,Basic Frames,8.23,USD,8.23,US,Influencer,35,1
7261,4285,2024-04-08,Fashion Frames,56.72,USD,56.72,US,Google Search,30,1
7262,4285,2024-08-12,Premium Frames,122.37,USD,122.37,US,Google Search,0,2
7263,4286,2025-04-06,Ray-Ban,162.22,USD,162.22,US,Influencer,35,1
7264,4286,2025-05-06,Basic Frames,29.39,USD,29.39,US,Influencer,0,2
7265,4288,2025-05-03,Oakley,129.9,USD,129.9,US,Social Media,25,1
7266,4289,2024-12-23,Basic Frames,16.97,EUR,19.97,France,Social Media,25,1
7267,4289,2025-07-21,Basic Frames,6.71,EUR,7.89,France,Social Media,0,2
7268,4290,2023-04-11,Basic Frames,13.48,USD,13.48,US,Social Media,25,1
7269,4290,2023-05-11,Premium Frames,133.48,USD,133.48,US,Social Media,0,2
7270,4293,2025-03-30,Basic Frames,23.11,USD,23.11,US,Direct,5,1
7271,4293,2025-06-17,Fashion Frames,76.83,USD,76.83,US,Direct,0,2
7272,4295,2024-02-27,Basic Frames,27.75,USD,27.75,US,Social Media,25,1
7273,4295,2024-04-23,Premium Frames,126.4,USD,126.4,US,Social Media,0,2
7274,4295,2024-12-14,Fashion Frames,35.92,USD,35.92,US,Social Media,0,3
7275,4295,2025-03-28,Fashion Frames,50.78,USD,50.78,US,Social Media,0,4
7276,4297,2024-06-04,Fashion Frames,74.02,USD,74.02,US,Social Media,25,1
7277,4297,2024-07-04,Basic Frames,8.23,USD,8.23,US,Social Media,0,2
7278,4297,2025-01-06,Fashion Frames,47.33,USD,47.33,US,Social Media,0,3
7279,4299,2024-10-11,Fashion Frames,35.62,USD,35.62,US,Email Marketing,10,1
7280,4299,2025-01-07,Premium Frames,146.18,USD,146.18,US,Email Marketing,0,2
7281,4300,2023-11-07,Basic Frames,27.39,USD,27.39,US,Influencer,35,1
7282,4300,2024-02-07,Basic Frames,7.02,USD,7.02,US,Influencer,0,2
7283,4302,2023-09-20,Basic Frames,8.57,USD,8.57,US,Email Marketing,10,1
7284,4302,2024-04-19,Premium Frames,91.96,USD,91.96,US,Email Marketing,0,2
7285,4305,2025-01-06,Basic Frames,14.02,USD,14.02,US,Influencer,35,1
7286,4305,2025-06-16,Basic Frames,10.44,USD,10.44,US,Influencer,0,2
7287,4307,2025-03-24,Fashion Frames,36.09,USD,36.09,US,Google Search,30,1
7288,4309,2023-03-22,Fashion Frames,66.71,USD,66.71,US,Google Search,30,1
7289,4309,2023-08-14,Basic Frames,9.04,USD,9.04,US,Google Search,0,2
7290,4309,2024-01-25,Basic Frames,23.71,USD,23.71,US,Google Search,0,3
7291,4309,2024-02-24,Fashion Frames,71.29,USD,71.29,US,Google Search,0,4
7292,4309,2024-06-07,Basic Frames,22.38,USD,22.38,US,Google Search,0,5
7293,4309,2024-09-01,Fashion Frames,42.69,USD,42.69,US,Google Search,0,6
7294,4310,2024-04-12,Basic Frames,22.35,USD,22.35,US,Google Search,30,1
7295,4312,2024-05-05,Fashion Frames,66.76,USD,66.76,US,Direct,5,1
7296,4312,2024-07-07,Ray-Ban,234.34,USD,234.34,US,Direct,0,2
7297,4312,2024-08-27,Fashion Frames,55.14,USD,55.14,US,Direct,0,3
7298,4312,2024-11-24,Premium Frames,97.42,USD,97.42,US,Direct,0,4
7299,4312,2024-12-31,Ray-Ban,193.54,USD,193.54,US,Direct,0,5
7300,4312,2025-04-03,Premium Frames,123.31,USD,123.31,US,Direct,0,6
7301,4313,2024-08-30,Fashion Frames,71.43,USD,71.43,US,Influencer,35,1
7302,4313,2024-11-09,Basic Frames,13.02,USD,13.02,US,Influencer,0,2
7303,4314,2024-02-15,Basic Frames,29.37,USD,29.37,US,Direct,5,1
7304,4314,2024-06-24,Basic Frames,15.88,USD,15.88,US,Direct,0,2
7305,4315,2024-07-05,Fashion Frames,44.2,USD,44.2,US,Social Media,25,1
7306,4316,2024-06-16,Basic Frames,27.35,USD,27.35,US,Social Media,25,1
7307,4316,2024-11-16,Fashion Frames,65.64,USD,65.64,US,Social Media,0,2
7308,4316,2024-12-27,Fashion Frames,43.49,USD,43.49,US,Social Media,0,3
7309,4316,2025-06-20,Fashion Frames,60.66,USD,60.66,US,Social Media,0,4
7310,4318,2025-08-05,Fashion Frames,59.95,USD,59.95,US,Google Search,30,1
7311,4321,2024-03-09,Premium Frames,137.2,USD,137.2,US,Google Search,30,1
7312,4321,2025-01-30,Basic Frames,19.92,USD,19.92,US,Google Search,0,2
7313,4321,2025-05-22,Fashion Frames,78.39,USD,78.39,US,Google Search,0,3
7314,4321,2025-06-21,Fashion Frames,43.19,USD,43.19,US,Google Search,0,4
7315,4322,2024-07-17,Premium Frames,96.93,USD,96.93,US,Direct,5,1
7316,4322,2024-11-11,Fashion Frames,43.25,USD,43.25,US,Direct,0,2
7317,4323,2023-02-14,Fashion Frames,34.54,USD,34.54,US,Social Media,25,1
7318,4323,2023-03-24,Oakley,151.58,USD,151.58,US,Social Media,0,2
7319,4323,2023-04-23,Ray-Ban,246.56,USD,246.56,US,Social Media,0,3
7320,4323,2023-05-23,Basic Frames,12.64,USD,12.64,US,Social Media,0,4
7321,4323,2023-07-26,Fashion Frames,36.52,USD,36.52,US,Social Media,0,5
7322,4323,2023-08-25,Oakley,120.23,USD,120.23,US,Social Media,0,6
7323,4324,2025-04-09,Basic Frames,8.66,USD,8.66,US,Google Search,30,1
7324,4324,2025-05-09,Fashion Frames,65.11,USD,65.11,US,Google Search,0,2
7325,4325,2024-01-05,Basic Frames,14.19,USD,14.19,US,Google Search,30,1
7326,4325,2024-02-04,Basic Frames,16.73,USD,16.73,US,Google Search,0,2
7327,4325,2024-03-06,Fashion Frames,38.2,USD,38.2,US,Google Search,0,3
7328,4325,2024-04-22,Fashion Frames,62.75,USD,62.75,US,Google Search,0,4
7329,4326,2024-12-21,Fashion Frames,49.07,USD,49.07,US,Social Media,25,1
7330,4326,2025-05-29,Premium Frames,148.43,USD,148.43,US,Social Media,0,2
7331,4327,2025-07-06,Fashion Frames,56.42,USD,56.42,US,Google Search,30,1
7332,4328,2025-04-19,Basic Frames,21.91,USD,21.91,US,Google Search,30,1
7333,4328,2025-05-19,Fashion Frames,73.03,USD,73.03,US,Google Search,0,2
7334,4329,2024-07-08,Basic Frames,15.34,USD,15.34,US,Direct,5,1
7335,4329,2024-12-22,Premium Frames,93.97,USD,93.97,US,Direct,0,2
7336,4330,2024-09-15,Fashion Frames,77.39,USD,77.39,US,Social Media,25,1
7337,4331,2024-10-20,Premium Frames,114.74,USD,114.74,US,Email Marketing,10,1
7338,4331,2024-12-26,Fashion Frames,44.42,USD,44.42,US,Email Marketing,0,2
7339,4331,2025-02-21,Basic Frames,7.17,USD,7.17,US,Email Marketing,0,3
7340,4332,2025-08-05,Fashion Frames,53.72,USD,53.72,US,Email Marketing,10,1
7341,4333,2023-03-30,Basic Frames,27.33,USD,27.33,US,Direct,5,1
7342,4333,2023-05-11,Premium Frames,85.11,USD,85.11,US,Direct,0,2
7343,4334,2023-05-13,Basic Frames,12.94,USD,12.94,US,Google Search,30,1
7344,4334,2023-09-02,Premium Frames,109.52,USD,109.52,US,Google Search,0,2
7345,4336,2023-09-12,Fashion Frames,44.69,USD,44.69,US,Social Media,25,1
7346,4336,2023-10-12,Fashion Frames,51.88,USD,51.88,US,Social Media,0,2
7347,4337,2024-11-13,Basic Frames,24.86,USD,24.86,US,Email Marketing,10,1
7348,4337,2025-06-19,Fashion Frames,56.95,USD,56.95,US,Email Marketing,0,2
7349,4338,2024-11-12,Basic Frames,14.35,USD,14.35,US,Social Media,25,1
7350,4339,2024-01-19,Oakley,155.95,USD,155.95,US,Social Media,25,1
7351,4339,2024-11-24,Fashion Frames,64.73,USD,64.73,US,Social Media,0,2
7352,4339,2024-12-24,Basic Frames,12.61,USD,12.61,US,Social Media,0,3
7353,4340,2023-06-23,Ray-Ban,189.67,USD,189.67,US,Google Search,30,1
7354,4340,2023-07-27,Basic Frames,9.85,USD,9.85,US,Google Search,0,2
7355,4340,2023-08-26,Basic Frames,11.29,USD,11.29,US,Google Search,0,3
7356,4340,2023-10-20,Basic Frames,27.72,USD,27.72,US,Google Search,0,4
7357,4341,2024-10-29,Basic Frames,11.63,USD,11.63,US,Influencer,35,1
7358,4342,2024-10-02,Fashion Frames,41.72,USD,41.72,US,Social Media,25,1
7359,4344,2024-07-31,Premium Frames,145.44,USD,145.44,US,Google Search,30,1
7360,4344,2024-08-30,Premium Frames,88.58,USD,88.58,US,Google Search,0,2
7361,4346,2024-11-24,Basic Frames,22.56,USD,22.56,US,Direct,5,1
7362,4346,2025-08-16,Fashion Frames,44.32,USD,44.32,US,Direct,0,2
7363,4347,2024-10-29,Basic Frames,25.19,USD,25.19,US,Email Marketing,10,1
7364,4349,2025-02-19,Basic Frames,19.61,USD,19.61,US,Social Media,25,1
7365,4351,2025-03-31,Basic Frames,12.79,USD,12.79,US,Google Search,30,1
7366,4354,2023-01-15,Fashion Frames,58.24,USD,58.24,US,Email Marketing,10,1
7367,4355,2023-04-17,Premium Frames,136.13,USD,136.13,US,Influencer,35,1
7368,4355,2023-07-21,Basic Frames,18.72,USD,18.72,US,Influencer,0,2
7369,4355,2024-02-13,Premium Frames,93.62,USD,93.62,US,Influencer,0,3
7370,4356,2023-09-26,Fashion Frames,56.89,USD,56.89,US,Social Media,25,1
7371,4356,2024-09-25,Fashion Frames,38.31,USD,38.31,US,Social Media,0,2
7372,4357,2023-08-16,Basic Frames,24.44,USD,24.44,US,Email Marketing,10,1
7373,4357,2023-09-15,Fashion Frames,68.71,USD,68.71,US,Email Marketing,0,2
7374,4357,2023-11-28,Premium Frames,109.96,USD,109.96,US,Email Marketing,0,3
7375,4358,2024-06-19,Basic Frames,17.54,USD,17.54,US,Social Media,25,1
7376,4358,2025-06-19,Fashion Frames,40.18,USD,40.18,US,Social Media,0,2
7377,4361,2024-07-26,Basic Frames,22.7,USD,22.7,US,Influencer,35,1
7378,4361,2024-10-31,Basic Frames,12.53,USD,12.53,US,Influencer,0,2
7379,4362,2024-08-17,Fashion Frames,50.7,USD,50.7,US,Email Marketing,10,1
7380,4362,2024-12-13,Fashion Frames,72.25,USD,72.25,US,Email Marketing,0,2
7381,4362,2025-01-12,Basic Frames,20.44,USD,20.44,US,Email Marketing,0,3
7382,4362,2025-08-02,Fashion Frames,58.64,USD,58.64,US,Email Marketing,0,4
7383,4363,2024-12-07,Oakley,157.75,USD,157.75,US,Social Media,25,1
7384,4363,2025-01-25,Fashion Frames,40.62,USD,40.62,US,Social Media,0,2
7385,4364,2024-08-16,Ray-Ban,155.53,USD,155.53,US,Google Search,30,1
7386,4364,2025-05-24,Basic Frames,14.07,USD,14.07,US,Google Search,0,2
7387,4364,2025-07-03,Fashion Frames,54.1,USD,54.1,US,Google Search,0,3
7388,4365,2023-08-18,Ray-Ban,184.01,USD,184.01,US,Google Search,30,1
7389,4366,2024-04-01,Basic Frames,28.98,USD,28.98,US,Google Search,30,1
7390,4366,2024-05-01,Basic Frames,6.39,USD,6.39,US,Google Search,0,2
7391,4366,2024-12-14,Oakley,126.1,USD,126.1,US,Google Search,0,3
7392,4366,2025-04-25,Fashion Frames,58.69,USD,58.69,US,Google Search,0,4
7393,4367,2024-01-19,Fashion Frames,51.13,USD,51.13,US,Google Search,30,1
7394,4367,2024-02-18,Basic Frames,7.05,USD,7.05,US,Google Search,0,2
7395,4367,2024-05-06,Basic Frames,17.21,USD,17.21,US,Google Search,0,3
7396,4368,2024-02-14,Basic Frames,23.73,USD,23.73,US,Direct,5,1
7397,4368,2024-07-29,Premium Frames,88.08,USD,88.08,US,Direct,0,2
7398,4368,2024-08-28,Fashion Frames,79.5,USD,79.5,US,Direct,0,3
7399,4368,2025-04-23,Basic Frames,19.17,USD,19.17,US,Direct,0,4
7400,4368,2025-05-23,Basic Frames,23.24,USD,23.24,US,Direct,0,5
7401,4369,2024-04-21,Basic Frames,11.15,USD,11.15,US,Direct,5,1
7402,4370,2025-03-11,Ray-Ban,154.62,USD,154.62,US,Social Media,25,1
7403,4371,2024-11-30,Basic Frames,20.1,USD,20.1,US,Social Media,25,1
7404,4372,2024-08-26,Fashion Frames,44.74,USD,44.74,US,Social Media,25,1
7405,4372,2025-03-26,Oakley,167.09,USD,167.09,US,Social Media,0,2
7406,4372,2025-04-25,Basic Frames,16.8,USD,16.8,US,Social Media,0,3
7407,4372,2025-05-25,Basic Frames,11.02,USD,11.02,US,Social Media,0,4
7408,4373,2024-12-10,Fashion Frames,42.6,USD,42.6,US,Direct,5,1
7409,4373,2025-03-03,Basic Frames,8.85,USD,8.85,US,Direct,0,2
7410,4373,2025-07-21,Basic Frames,25.33,USD,25.33,US,Direct,0,3
7411,4375,2023-06-12,Fashion Frames,61.83,USD,61.83,US,Direct,5,1
7412,4375,2024-01-02,Basic Frames,24.26,USD,24.26,US,Direct,0,2
7413,4375,2024-11-30,Fashion Frames,33.16,USD,33.16,US,Direct,0,3
7414,4375,2025-01-21,Fashion Frames,64.76,USD,64.76,US,Direct,0,4
7415,4375,2025-03-13,Basic Frames,18.99,USD,18.99,US,Direct,0,5
7416,4375,2025-04-12,Basic Frames,21.78,USD,21.78,US,Direct,0,6
7417,4376,2023-12-26,Basic Frames,6.15,USD,6.15,US,Social Media,25,1
7418,4376,2024-01-25,Basic Frames,26.21,USD,26.21,US,Social Media,0,2
7419,4378,2024-05-11,Fashion Frames,51.18,USD,51.18,US,Direct,5,1
7420,4379,2023-05-01,Premium Frames,87.12,USD,87.12,US,Social Media,25,1
7421,4379,2024-04-30,Fashion Frames,59.56,USD,59.56,US,Social Media,0,2
7422,4381,2024-03-06,Basic Frames,16.25,USD,16.25,US,Google Search,30,1
7423,4381,2024-09-05,Oakley,147.92,USD,147.92,US,Google Search,0,2
7424,4381,2024-10-05,Premium Frames,105.63,USD,105.63,US,Google Search,0,3
7425,4381,2024-11-07,Basic Frames,16.86,USD,16.86,US,Google Search,0,4
7426,4382,2025-08-04,Basic Frames,6.65,USD,6.65,US,Social Media,25,1
7427,4383,2023-04-01,Ray-Ban,213.09,USD,213.09,US,Social Media,25,1
7428,4383,2023-09-03,Fashion Frames,32.05,USD,32.05,US,Social Media,0,2
7429,4383,2023-12-10,Basic Frames,12.61,USD,12.61,US,Social Media,0,3
7430,4383,2024-03-24,Premium Frames,92.87,USD,92.87,US,Social Media,0,4
7431,4384,2023-05-03,Basic Frames,23.7,USD,23.7,US,Google Search,30,1
7432,4384,2023-08-06,Basic Frames,23.58,USD,23.58,US,Google Search,0,2
7433,4385,2025-05-05,Basic Frames,11.02,USD,11.02,US,Social Media,25,1
7434,4385,2025-07-03,Basic Frames,9.18,USD,9.18,US,Social Media,0,2
7435,4386,2025-01-19,Fashion Frames,63.42,USD,63.42,US,Google Search,30,1
7436,4386,2025-02-18,Fashion Frames,42.06,USD,42.06,US,Google Search,0,2
7437,4386,2025-04-03,Oakley,130.76,USD,130.76,US,Google Search,0,3
7438,4387,2023-05-26,Basic Frames,27.89,USD,27.89,US,Google Search,30,1
7439,4387,2023-10-09,Premium Frames,95.09,USD,95.09,US,Google Search,0,2
7440,4388,2023-12-30,Basic Frames,27.12,USD,27.12,US,Google Search,30,1
7441,4388,2024-12-29,Fashion Frames,45.68,USD,45.68,US,Google Search,0,2
7442,4390,2024-01-17,Ray-Ban,157.26,USD,157.26,US,Google Search,30,1
7443,4390,2024-02-16,Fashion Frames,75.16,USD,75.16,US,Google Search,0,2
7444,4390,2024-04-01,Premium Frames,113.69,USD,113.69,US,Google Search,0,3
7445,4390,2024-08-22,Basic Frames,6.18,USD,6.18,US,Google Search,0,4
7446,4390,2024-09-21,Basic Frames,14.99,USD,14.99,US,Google Search,0,5
7447,4391,2024-04-12,Fashion Frames,48.41,GBP,64.54,UK,Direct,5,1
7448,4393,2023-08-02,Fashion Frames,68.46,USD,68.46,US,Email Marketing,10,1
7449,4393,2023-09-25,Basic Frames,11.08,USD,11.08,US,Email Marketing,0,2
7450,4393,2023-10-25,Fashion Frames,38.53,USD,38.53,US,Email Marketing,0,3
7451,4394,2024-06-29,Basic Frames,11.5,USD,11.5,US,Social Media,25,1
7452,4394,2024-09-13,Basic Frames,25.5,USD,25.5,US,Social Media,0,2
7453,4395,2024-05-17,Fashion Frames,56.49,USD,56.49,US,Google Search,30,1
7454,4395,2024-09-14,Basic Frames,19.32,USD,19.32,US,Google Search,0,2
7455,4395,2024-10-14,Fashion Frames,64.18,USD,64.18,US,Google Search,0,3
7456,4395,2024-12-26,Basic Frames,28.8,USD,28.8,US,Google Search,0,4
7457,4395,2025-01-28,Fashion Frames,76.67,USD,76.67,US,Google Search,0,5
7458,4400,2025-01-12,Fashion Frames,79.86,USD,79.86,US,Social Media,25,1
7459,4401,2024-12-28,Fashion Frames,58.8,USD,58.8,US,Social Media,25,1
7460,4401,2025-03-08,Ray-Ban,245.41,USD,245.41,US,Social Media,0,2
7461,4402,2024-04-24,Fashion Frames,60.94,USD,60.94,US,Direct,5,1
7462,4402,2024-08-17,Ray-Ban,229.68,USD,229.68,US,Direct,0,2
7463,4402,2025-08-17,Basic Frames,12.7,USD,12.7,US,Direct,0,3
7464,4403,2023-11-30,Fashion Frames,41.49,USD,41.49,US,Social Media,25,1
7465,4403,2024-01-03,Fashion Frames,66.94,USD,66.94,US,Social Media,0,2
7466,4403,2024-02-02,Fashion Frames,68.82,USD,68.82,US,Social Media,0,3
7467,4403,2024-07-03,Basic Frames,6.48,USD,6.48,US,Social Media,0,4
7468,4403,2024-12-23,Basic Frames,15.74,USD,15.74,US,Social Media,0,5
7469,4404,2023-03-18,Fashion Frames,57.24,USD,57.24,US,Google Search,30,1
7470,4404,2023-05-05,Basic Frames,28.25,USD,28.25,US,Google Search,0,2
7471,4404,2023-06-04,Basic Frames,26.99,USD,26.99,US,Google Search,0,3
7472,4404,2023-08-16,Fashion Frames,36.65,USD,36.65,US,Google Search,0,4
7473,4404,2023-11-28,Basic Frames,22.67,USD,22.67,US,Google Search,0,5
7474,4406,2023-02-21,Fashion Frames,65.31,USD,65.31,US,Direct,5,1
7475,4406,2023-06-06,Premium Frames,146.52,USD,146.52,US,Direct,0,2
7476,4406,2023-11-25,Premium Frames,88.81,USD,88.81,US,Direct,0,3
7477,4407,2025-04-11,Basic Frames,27.82,USD,27.82,US,Direct,5,1
7478,4408,2024-12-30,Basic Frames,23.7,USD,23.7,US,Social Media,25,1
7479,4408,2025-01-29,Basic Frames,9.25,USD,9.25,US,Social Media,0,2
7480,4408,2025-02-28,Fashion Frames,56.38,USD,56.38,US,Social Media,0,3
7481,4408,2025-04-30,Basic Frames,18.94,USD,18.94,US,Social Media,0,4
7482,4409,2023-04-30,Fashion Frames,37.19,USD,37.19,US,Direct,5,1
7483,4409,2024-04-29,Premium Frames,143.65,USD,143.65,US,Direct,0,2
7484,4409,2024-08-03,Basic Frames,18.2,USD,18.2,US,Direct,0,3
7485,4409,2024-09-26,Basic Frames,20.57,USD,20.57,US,Direct,0,4
7486,4409,2024-11-09,Basic Frames,27.23,USD,27.23,US,Direct,0,5
7487,4409,2025-01-07,Premium Frames,97.66,USD,97.66,US,Direct,0,6
7488,4411,2025-05-21,Basic Frames,18.9,USD,18.9,US,Email Marketing,10,1
7489,4412,2023-12-18,Fashion Frames,47.27,USD,47.27,US,Google Search,30,1
7490,4412,2024-01-17,Basic Frames,9.27,USD,9.27,US,Google Search,0,2
7491,4412,2024-02-26,Basic Frames,10.28,USD,10.28,US,Google Search,0,3
7492,4413,2024-10-26,Basic Frames,26.41,USD,26.41,US,Social Media,25,1
7493,4413,2025-01-31,Basic Frames,10.93,USD,10.93,US,Social Media,0,2
7494,4413,2025-06-07,Fashion Frames,70.34,USD,70.34,US,Social Media,0,3
7495,4414,2023-04-22,Ray-Ban,213.99,USD,213.99,US,Email Marketing,10,1
7496,4415,2024-12-06,Premium Frames,124.11,USD,124.11,US,Google Search,30,1
7497,4415,2025-02-03,Basic Frames,7.71,USD,7.71,US,Google Search,0,2
7498,4415,2025-07-13,Basic Frames,23.3,USD,23.3,US,Google Search,0,3
7499,4416,2025-04-19,Oakley,179.02,USD,179.02,US,Influencer,35,1
7500,4416,2025-07-17,Fashion Frames,46.77,USD,46.77,US,Influencer,0,2
7501,4417,2023-07-06,Basic Frames,12.63,USD,12.63,US,Social Media,25,1
7502,4417,2023-12-18,Basic Frames,26.33,USD,26.33,US,Social Media,0,2
7503,4417,2024-12-17,Premium Frames,83.07,USD,83.07,US,Social Media,0,3
7504,4421,2024-06-19,Premium Frames,140.54,USD,140.54,US,Social Media,25,1
7505,4421,2024-07-22,Ray-Ban,222.59,USD,222.59,US,Social Media,0,2
7506,4421,2024-08-21,Premium Frames,86.77,USD,86.77,US,Social Media,0,3
7507,4422,2023-06-30,Fashion Frames,67.37,USD,67.37,US,Social Media,25,1
7508,4422,2023-09-16,Fashion Frames,62.21,USD,62.21,US,Social Media,0,2
7509,4422,2023-11-07,Fashion Frames,34.97,USD,34.97,US,Social Media,0,3
7510,4423,2024-07-30,Oakley,158.46,USD,158.46,US,Influencer,35,1
7511,4423,2025-07-02,Premium Frames,136.57,USD,136.57,US,Influencer,0,2
7512,4424,2023-06-15,Basic Frames,27.46,USD,27.46,US,Influencer,35,1
7513,4424,2023-10-15,Basic Frames,21.54,USD,21.54,US,Influencer,0,2
7514,4424,2024-01-20,Premium Frames,84.95,USD,84.95,US,Influencer,0,3
7515,4424,2024-03-01,Ray-Ban,213.45,USD,213.45,US,Influencer,0,4
7516,4426,2024-07-27,Basic Frames,9.59,USD,9.59,US,Google Search,30,1
7517,4427,2024-03-14,Fashion Frames,49.57,USD,49.57,US,Google Search,30,1
7518,4427,2024-07-07,Basic Frames,8.76,USD,8.76,US,Google Search,0,2
7519,4427,2025-06-02,Fashion Frames,75.8,USD,75.8,US,Google Search,0,3
7520,4428,2024-04-24,Fashion Frames,67.87,USD,67.87,US,Direct,5,1
7521,4428,2024-05-24,Fashion Frames,43.78,USD,43.78,US,Direct,0,2
7522,4428,2024-07-07,Basic Frames,8.04,USD,8.04,US,Direct,0,3
7523,4430,2025-03-27,Fashion Frames,59.24,USD,59.24,US,Google Search,30,1
7524,4430,2025-06-13,Premium Frames,113.9,USD,113.9,US,Google Search,0,2
7525,4431,2024-02-25,Basic Frames,27.85,USD,27.85,US,Google Search,30,1
7526,4432,2024-10-06,Basic Frames,10.22,USD,10.22,US,Google Search,30,1
7527,4434,2023-07-23,Basic Frames,24.92,USD,24.92,US,Direct,5,1
7528,4434,2023-09-08,Basic Frames,13.54,USD,13.54,US,Direct,0,2
7529,4435,2024-10-22,Fashion Frames,55.85,USD,55.85,US,Direct,5,1
7530,4435,2024-12-18,Basic Frames,17.22,USD,17.22,US,Direct,0,2
7531,4435,2025-08-04,Basic Frames,7.06,USD,7.06,US,Direct,0,3
7532,4436,2024-11-05,Fashion Frames,63.44,USD,63.44,US,Social Media,25,1
7533,4438,2024-02-16,Fashion Frames,62.2,USD,62.2,US,Influencer,35,1
7534,4438,2024-08-06,Fashion Frames,35.35,USD,35.35,US,Influencer,0,2
7535,4440,2025-02-01,Fashion Frames,38.35,USD,38.35,US,Google Search,30,1
7536,4441,2024-10-11,Fashion Frames,37.02,USD,37.02,US,Google Search,30,1
7537,4442,2025-07-04,Premium Frames,136.04,USD,136.04,US,Google Search,30,1
7538,4443,2023-07-22,Basic Frames,29.78,USD,29.78,US,Social Media,25,1
7539,4443,2023-09-28,Premium Frames,106.5,USD,106.5,US,Social Media,0,2
7540,4443,2024-03-04,Oakley,123.92,USD,123.92,US,Social Media,0,3
7541,4444,2024-04-08,Basic Frames,10.09,USD,10.09,US,Social Media,25,1
7542,4445,2024-08-31,Basic Frames,23.51,USD,23.51,US,Google Search,30,1
7543,4446,2024-03-19,Ray-Ban,154.9,USD,154.9,US,Google Search,30,1
7544,4447,2024-02-16,Fashion Frames,50.93,USD,50.93,US,Google Search,30,1
7545,4447,2024-03-17,Fashion Frames,42.78,USD,42.78,US,Google Search,0,2
7546,4447,2024-07-30,Fashion Frames,60.5,USD,60.5,US,Google Search,0,3
7547,4447,2024-08-29,Fashion Frames,61.1,USD,61.1,US,Google Search,0,4
7548,4447,2024-10-29,Oakley,156.8,USD,156.8,US,Google Search,0,5
7549,4447,2025-05-25,Premium Frames,105.5,USD,105.5,US,Google Search,0,6
7550,4453,2025-02-12,Fashion Frames,37.16,USD,37.16,US,Social Media,25,1
7551,4454,2024-12-27,Basic Frames,25.25,USD,25.25,US,Influencer,35,1
7552,4457,2023-03-08,Premium Frames,117.47,USD,117.47,US,Social Media,25,1
7553,4461,2025-06-13,Fashion Frames,66.93,USD,66.93,US,Google Search,30,1
7554,4463,2023-07-15,Fashion Frames,57.83,USD,57.83,US,Influencer,35,1
7555,4463,2024-01-11,Fashion Frames,54.21,USD,54.21,US,Influencer,0,2
7556,4465,2023-11-30,Fashion Frames,40.5,USD,40.5,US,Email Marketing,10,1
7557,4466,2023-07-25,Premium Frames,93.95,USD,93.95,US,Direct,5,1
7558,4466,2023-10-05,Fashion Frames,62.74,USD,62.74,US,Direct,0,2
7559,4466,2023-12-24,Basic Frames,15.59,USD,15.59,US,Direct,0,3
7560,4467,2024-04-14,Premium Frames,127.44,USD,127.44,US,Email Marketing,10,1
7561,4468,2023-05-02,Ray-Ban,190.61,USD,190.61,US,Email Marketing,10,1
7562,4468,2023-06-01,Basic Frames,22.27,USD,22.27,US,Email Marketing,0,2
7563,4468,2023-07-01,Fashion Frames,66.57,USD,66.57,US,Email Marketing,0,3
7564,4468,2023-07-31,Fashion Frames,56.56,USD,56.56,US,Email Marketing,0,4
7565,4468,2023-12-30,Basic Frames,21.48,USD,21.48,US,Email Marketing,0,5
7566,4469,2023-09-27,Basic Frames,13.38,USD,13.38,US,Google Search,30,1
7567,4470,2024-11-30,Fashion Frames,32.01,USD,32.01,US,Social Media,25,1
7568,4470,2024-12-30,Fashion Frames,74.09,USD,74.09,US,Social Media,0,2
7569,4472,2024-05-18,Fashion Frames,66.39,USD,66.39,US,Social Media,25,1
7570,4474,2024-11-15,Fashion Frames,36.1,USD,36.1,US,Direct,5,1
7571,4474,2025-01-26,Oakley,196.86,USD,196.86,US,Direct,0,2
7572,4475,2023-12-05,Premium Frames,112.88,USD,112.88,US,Social Media,25,1
7573,4475,2024-01-18,Premium Frames,83.81,USD,83.81,US,Social Media,0,2
7574,4476,2024-09-13,Basic Frames,28.69,USD,28.69,US,Direct,5,1
7575,4476,2025-01-23,Basic Frames,21.16,USD,21.16,US,Direct,0,2
7576,4476,2025-02-22,Basic Frames,9.76,USD,9.76,US,Direct,0,3
7577,4478,2024-09-25,Fashion Frames,45.24,USD,45.24,US,Social Media,25,1
7578,4478,2024-11-08,Basic Frames,26.96,USD,26.96,US,Social Media,0,2
7579,4478,2024-12-28,Fashion Frames,40.14,USD,40.14,US,Social Media,0,3
7580,4481,2023-04-28,Fashion Frames,57.63,USD,57.63,US,Direct,5,1
7581,4481,2023-06-07,Fashion Frames,40.16,USD,40.16,US,Direct,0,2
7582,4481,2024-06-06,Basic Frames,10.6,USD,10.6,US,Direct,0,3
7583,4484,2025-05-15,Fashion Frames,54.02,USD,54.02,US,Google Search,30,1
7584,4485,2024-05-05,Basic Frames,25.01,USD,25.01,US,Google Search,30,1
7585,4485,2024-06-04,Ray-Ban,236.45,USD,236.45,US,Google Search,0,2
7586,4485,2025-01-02,Premium Frames,116.4,USD,116.4,US,Google Search,0,3
7587,4487,2023-07-05,Oakley,193.3,USD,193.3,US,Email Marketing,10,1
7588,4487,2023-08-04,Fashion Frames,32.1,USD,32.1,US,Email Marketing,0,2
7589,4488,2025-04-13,Fashion Frames,36.34,USD,36.34,US,Social Media,25,1
7590,4488,2025-05-23,Basic Frames,11.79,USD,11.79,US,Social Media,0,2
7591,4489,2024-11-21,Premium Frames,116.79,USD,116.79,US,Direct,5,1
7592,4489,2024-12-21,Premium Frames,138.3,USD,138.3,US,Direct,0,2
7593,4490,2024-12-24,Fashion Frames,66.55,USD,66.55,US,Social Media,25,1
7594,4490,2025-01-23,Basic Frames,9.22,USD,9.22,US,Social Media,0,2
7595,4490,2025-04-15,Basic Frames,20.64,USD,20.64,US,Social Media,0,3
7596,4491,2025-04-02,Premium Frames,127.48,USD,127.48,US,Social Media,25,1
7597,4492,2023-11-05,Fashion Frames,45.2,USD,45.2,US,Direct,5,1
7598,4492,2023-12-11,Fashion Frames,62.31,USD,62.31,US,Direct,0,2
7599,4494,2024-09-24,Basic Frames,10.91,USD,10.91,US,Direct,5,1
7600,4494,2025-02-22,Fashion Frames,41.59,USD,41.59,US,Direct,0,2
7601,4494,2025-06-12,Basic Frames,29.27,USD,29.27,US,Direct,0,3
7602,4496,2023-04-01,Fashion Frames,56.78,USD,56.78,US,Direct,5,1
7603,4496,2023-05-01,Premium Frames,121.51,USD,121.51,US,Direct,0,2
7604,4498,2023-05-31,Basic Frames,23.48,USD,23.48,US,Google Search,30,1
7605,4501,2023-09-07,Basic Frames,23.07,USD,23.07,US,Social Media,25,1
7606,4501,2023-10-07,Basic Frames,16.91,USD,16.91,US,Social Media,0,2
7607,4501,2023-11-06,Premium Frames,113.19,USD,113.19,US,Social Media,0,3
7608,4501,2023-12-06,Fashion Frames,74.05,USD,74.05,US,Social Media,0,4
7609,4502,2023-11-25,Ray-Ban,155.78,USD,155.78,US,Social Media,25,1
7610,4502,2024-11-16,Premium Frames,148.32,USD,148.32,US,Social Media,0,2
7611,4502,2024-12-21,Basic Frames,11.79,USD,11.79,US,Social Media,0,3
7612,4503,2023-04-30,Basic Frames,22.29,USD,22.29,US,Social Media,25,1
7613,4503,2023-08-08,Basic Frames,17.82,USD,17.82,US,Social Media,0,2
7614,4503,2023-12-14,Fashion Frames,37.6,USD,37.6,US,Social Media,0,3
7615,4503,2024-01-13,Fashion Frames,62.56,USD,62.56,US,Social Media,0,4
7616,4505,2024-01-21,Premium Frames,92.7,EUR,109.06,France,Social Media,25,1
7617,4505,2024-03-19,Fashion Frames,27.8,EUR,32.7,France,Social Media,0,2
7618,4505,2024-07-29,Fashion Frames,29.55,EUR,34.77,France,Social Media,0,3
7619,4506,2024-12-15,Basic Frames,24.0,USD,24.0,US,Social Media,25,1
7620,4508,2024-06-08,Basic Frames,29.08,USD,29.08,US,Google Search,30,1
7621,4508,2024-07-11,Fashion Frames,79.58,USD,79.58,US,Google Search,0,2
7622,4508,2024-10-29,Basic Frames,8.29,USD,8.29,US,Google Search,0,3
7623,4508,2025-07-14,Fashion Frames,78.08,USD,78.08,US,Google Search,0,4
7624,4512,2023-05-27,Basic Frames,6.2,USD,6.2,US,Google Search,30,1
7625,4514,2024-02-04,Premium Frames,82.83,USD,82.83,US,Social Media,25,1
7626,4514,2024-03-16,Basic Frames,25.46,USD,25.46,US,Social Media,0,2
7627,4514,2024-05-28,Ray-Ban,209.02,USD,209.02,US,Social Media,0,3
7628,4515,2024-03-13,Basic Frames,15.96,USD,15.96,US,Email Marketing,10,1
7629,4515,2024-04-27,Premium Frames,118.93,USD,118.93,US,Email Marketing,0,2
7630,4515,2024-09-02,Oakley,187.01,USD,187.01,US,Email Marketing,0,3
7631,4516,2023-07-11,Basic Frames,6.31,USD,6.31,US,Google Search,30,1
7632,4516,2023-09-15,Basic Frames,22.52,USD,22.52,US,Google Search,0,2
7633,4517,2024-05-21,Basic Frames,21.28,USD,21.28,US,Influencer,35,1
7634,4517,2024-06-20,Premium Frames,115.32,USD,115.32,US,Influencer,0,2
7635,4517,2024-07-31,Basic Frames,23.5,USD,23.5,US,Influencer,0,3
7636,4517,2024-09-15,Basic Frames,25.75,USD,25.75,US,Influencer,0,4
7637,4518,2024-10-12,Basic Frames,29.05,USD,29.05,US,Direct,5,1
7638,4518,2025-03-14,Fashion Frames,75.49,USD,75.49,US,Direct,0,2
7639,4521,2025-08-04,Fashion Frames,50.2,USD,50.2,US,Google Search,30,1
7640,4522,2024-10-23,Basic Frames,14.3,USD,14.3,US,Google Search,30,1
7641,4522,2024-11-22,Ray-Ban,238.7,USD,238.7,US,Google Search,0,2
7642,4522,2024-12-22,Fashion Frames,34.74,USD,34.74,US,Google Search,0,3
7643,4522,2025-05-12,Fashion Frames,60.58,USD,60.58,US,Google Search,0,4
7644,4522,2025-08-16,Fashion Frames,70.62,USD,70.62,US,Google Search,0,5
7645,4524,2023-06-27,Fashion Frames,59.18,USD,59.18,US,Direct,5,1
7646,4524,2023-08-14,Fashion Frames,36.33,USD,36.33,US,Direct,0,2
7647,4525,2024-08-01,Premium Frames,96.96,USD,96.96,US,Email Marketing,10,1
7648,4525,2024-11-04,Premium Frames,117.56,USD,117.56,US,Email Marketing,0,2
7649,4526,2023-07-20,Basic Frames,6.63,USD,6.63,US,Direct,5,1
7650,4526,2023-11-12,Fashion Frames,37.83,USD,37.83,US,Direct,0,2
7651,4528,2023-11-05,Fashion Frames,70.93,USD,70.93,US,Email Marketing,10,1
7652,4528,2024-06-02,Basic Frames,9.78,USD,9.78,US,Email Marketing,0,2
7653,4529,2023-06-06,Basic Frames,20.45,USD,20.45,US,Influencer,35,1
7654,4530,2023-07-16,Basic Frames,11.76,USD,11.76,US,Social Media,25,1
7655,4531,2023-11-23,Basic Frames,14.1,USD,14.1,US,Google Search,30,1
7656,4531,2024-07-30,Ray-Ban,158.6,USD,158.6,US,Google Search,0,2
7657,4531,2024-09-29,Basic Frames,12.12,USD,12.12,US,Google Search,0,3
7658,4531,2024-11-07,Premium Frames,83.52,USD,83.52,US,Google Search,0,4
7659,4534,2024-10-03,Premium Frames,117.99,USD,117.99,US,Social Media,25,1
7660,4534,2024-11-29,Basic Frames,28.58,USD,28.58,US,Social Media,0,2
7661,4535,2023-02-28,Fashion Frames,48.97,USD,48.97,US,Direct,5,1
7662,4536,2025-06-13,Basic Frames,25.01,USD,25.01,US,Google Search,30,1
7663,4537,2024-01-11,Ray-Ban,243.62,USD,243.62,US,Google Search,30,1
7664,4537,2024-05-27,Premium Frames,110.58,USD,110.58,US,Google Search,0,2
7665,4537,2024-06-26,Ray-Ban,246.66,USD,246.66,US,Google Search,0,3
7666,4537,2024-09-05,Basic Frames,23.85,USD,23.85,US,Google Search,0,4
7667,4537,2025-03-17,Basic Frames,18.46,USD,18.46,US,Google Search,0,5
7668,4537,2025-04-16,Basic Frames,8.3,USD,8.3,US,Google Search,0,6
7669,4537,2025-05-16,Basic Frames,23.91,USD,23.91,US,Google Search,0,7
7670,4538,2023-01-13,Fashion Frames,72.48,USD,72.48,US,Direct,5,1
7671,4538,2023-02-12,Oakley,195.11,USD,195.11,US,Direct,0,2
7672,4538,2023-03-14,Fashion Frames,77.25,USD,77.25,US,Direct,0,3
7673,4538,2023-04-23,Fashion Frames,73.87,USD,73.87,US,Direct,0,4
7674,4538,2023-06-29,Basic Frames,7.33,USD,7.33,US,Direct,0,5
7675,4540,2023-05-30,Basic Frames,15.55,USD,15.55,US,Google Search,30,1
7676,4541,2023-07-20,Premium Frames,137.45,USD,137.45,US,Direct,5,1
7677,4541,2023-11-07,Basic Frames,24.31,USD,24.31,US,Direct,0,2
7678,4542,2025-04-14,Basic Frames,22.44,USD,22.44,US,Direct,5,1
7679,4543,2024-01-31,Fashion Frames,77.08,USD,77.08,US,Social Media,25,1
7680,4543,2024-03-01,Premium Frames,95.69,USD,95.69,US,Social Media,0,2
7681,4543,2024-03-31,Fashion Frames,77.69,USD,77.69,US,Social Media,0,3
7682,4545,2024-06-08,Basic Frames,14.17,USD,14.17,US,Email Marketing,10,1
7683,4545,2024-07-08,Ray-Ban,156.15,USD,156.15,US,Email Marketing,0,2
7684,4545,2024-08-07,Basic Frames,16.32,USD,16.32,US,Email Marketing,0,3
7685,4546,2024-11-01,Fashion Frames,52.38,USD,52.38,US,Direct,5,1
7686,4546,2025-01-03,Basic Frames,8.61,USD,8.61,US,Direct,0,2
7687,4547,2024-05-21,Oakley,158.82,USD,158.82,US,Social Media,25,1
7688,4547,2024-11-02,Premium Frames,133.65,USD,133.65,US,Social Media,0,2
7689,4547,2025-02-20,Fashion Frames,62.56,USD,62.56,US,Social Media,0,3
7690,4547,2025-06-19,Basic Frames,9.42,USD,9.42,US,Social Media,0,4
7691,4548,2024-02-27,Basic Frames,18.59,USD,18.59,US,Google Search,30,1
7692,4548,2024-08-09,Fashion Frames,43.93,USD,43.93,US,Google Search,0,2
7693,4548,2024-10-03,Ray-Ban,225.22,USD,225.22,US,Google Search,0,3
7694,4549,2024-12-13,Premium Frames,97.7,USD,97.7,US,Google Search,30,1
7695,4549,2025-05-07,Basic Frames,27.51,USD,27.51,US,Google Search,0,2
7696,4549,2025-06-06,Fashion Frames,31.24,USD,31.24,US,Google Search,0,3
7697,4550,2024-05-21,Basic Frames,16.74,USD,16.74,US,Direct,5,1
7698,4550,2024-09-13,Basic Frames,10.66,USD,10.66,US,Direct,0,2
7699,4551,2024-03-17,Basic Frames,17.45,USD,17.45,US,Influencer,35,1
7700,4551,2024-05-21,Basic Frames,22.01,USD,22.01,US,Influencer,0,2
7701,4551,2024-08-02,Fashion Frames,57.96,USD,57.96,US,Influencer,0,3
7702,4551,2024-11-24,Basic Frames,27.45,USD,27.45,US,Influencer,0,4
7703,4551,2024-12-24,Fashion Frames,37.69,USD,37.69,US,Influencer,0,5
7704,4552,2024-12-28,Basic Frames,11.61,USD,11.61,US,Google Search,30,1
7705,4552,2025-05-18,Oakley,149.94,USD,149.94,US,Google Search,0,2
7706,4552,2025-07-04,Premium Frames,130.95,USD,130.95,US,Google Search,0,3
7707,4553,2025-05-27,Fashion Frames,63.68,USD,63.68,US,Email Marketing,10,1
7708,4554,2024-04-13,Basic Frames,22.66,USD,22.66,US,Influencer,35,1
7709,4554,2024-08-25,Fashion Frames,60.68,USD,60.68,US,Influencer,0,2
7710,4555,2024-06-10,Basic Frames,14.84,USD,14.84,US,Google Search,30,1
7711,4555,2024-08-09,Fashion Frames,58.66,USD,58.66,US,Google Search,0,2
7712,4556,2023-06-29,Fashion Frames,70.36,USD,70.36,US,Google Search,30,1
7713,4556,2023-08-01,Fashion Frames,45.0,USD,45.0,US,Google Search,0,2
7714,4557,2023-03-26,Premium Frames,82.09,USD,82.09,US,Social Media,25,1
7715,4557,2023-05-13,Ray-Ban,249.54,USD,249.54,US,Social Media,0,2
7716,4559,2023-02-01,Fashion Frames,39.11,USD,39.11,US,Social Media,25,1
7717,4559,2023-05-29,Premium Frames,133.18,USD,133.18,US,Social Media,0,2
7718,4559,2024-04-17,Fashion Frames,65.6,USD,65.6,US,Social Media,0,3
7719,4559,2024-06-08,Fashion Frames,61.57,USD,61.57,US,Social Media,0,4
7720,4559,2025-03-11,Oakley,170.08,USD,170.08,US,Social Media,0,5
7721,4561,2025-02-21,Basic Frames,15.02,USD,15.02,US,Social Media,25,1
7722,4561,2025-03-23,Basic Frames,24.73,USD,24.73,US,Social Media,0,2
7723,4561,2025-05-16,Basic Frames,13.11,USD,13.11,US,Social Media,0,3
7724,4562,2023-08-22,Basic Frames,20.51,USD,20.51,US,Google Search,30,1
7725,4562,2024-03-03,Basic Frames,20.41,USD,20.41,US,Google Search,0,2
7726,4564,2023-02-03,Ray-Ban,248.14,USD,248.14,US,Social Media,25,1
7727,4564,2023-03-05,Basic Frames,16.95,USD,16.95,US,Social Media,0,2
7728,4564,2024-01-17,Premium Frames,142.35,USD,142.35,US,Social Media,0,3
7729,4565,2023-10-17,Fashion Frames,57.23,USD,57.23,US,Google Search,30,1
7730,4565,2024-01-27,Oakley,149.29,USD,149.29,US,Google Search,0,2
7731,4565,2024-02-26,Fashion Frames,49.82,USD,49.82,US,Google Search,0,3
7732,4567,2024-07-17,Premium Frames,103.79,USD,103.79,US,Social Media,25,1
7733,4567,2024-10-24,Basic Frames,8.47,USD,8.47,US,Social Media,0,2
7734,4567,2025-01-22,Basic Frames,6.51,USD,6.51,US,Social Media,0,3
7735,4568,2023-11-13,Basic Frames,13.43,USD,13.43,US,Direct,5,1
7736,4568,2024-01-07,Fashion Frames,61.32,USD,61.32,US,Direct,0,2
7737,4568,2024-04-26,Basic Frames,29.4,USD,29.4,US,Direct,0,3
7738,4569,2023-06-24,Basic Frames,10.2,USD,10.2,US,Social Media,25,1
7739,4569,2023-07-24,Basic Frames,10.57,USD,10.57,US,Social Media,0,2
7740,4569,2023-08-25,Basic Frames,10.44,USD,10.44,US,Social Media,0,3
7741,4572,2024-08-13,Ray-Ban,164.99,USD,164.99,US,Social Media,25,1
7742,4572,2024-10-14,Basic Frames,29.26,USD,29.26,US,Social Media,0,2
7743,4572,2024-11-15,Basic Frames,15.7,USD,15.7,US,Social Media,0,3
7744,4573,2025-02-09,Basic Frames,28.5,USD,28.5,US,Social Media,25,1
7745,4573,2025-03-12,Fashion Frames,50.98,USD,50.98,US,Social Media,0,2
7746,4573,2025-04-11,Fashion Frames,65.28,USD,65.28,US,Social Media,0,3
7747,4575,2025-03-25,Ray-Ban,190.4,USD,190.4,US,Google Search,30,1
7748,4575,2025-04-24,Ray-Ban,162.65,USD,162.65,US,Google Search,0,2
7749,4575,2025-05-24,Basic Frames,24.33,USD,24.33,US,Google Search,0,3
7750,4575,2025-07-15,Basic Frames,29.34,USD,29.34,US,Google Search,0,4
7751,4576,2024-05-27,Premium Frames,111.5,USD,111.5,US,Social Media,25,1
7752,4576,2024-06-26,Fashion Frames,67.71,USD,67.71,US,Social Media,0,2
7753,4576,2024-12-21,Premium Frames,102.36,USD,102.36,US,Social Media,0,3
7754,4579,2023-04-28,Fashion Frames,6270.0,JPY,41.8,Japan,Google Search,30,1
7755,4580,2024-08-20,Ray-Ban,210.64,USD,210.64,US,Google Search,30,1
7756,4580,2024-09-19,Basic Frames,14.68,USD,14.68,US,Google Search,0,2
7757,4581,2023-05-04,Basic Frames,28.8,USD,28.8,US,Social Media,25,1
7758,4581,2024-05-03,Premium Frames,90.56,USD,90.56,US,Social Media,0,2
7759,4581,2025-04-26,Basic Frames,27.53,USD,27.53,US,Social Media,0,3
7760,4589,2025-02-14,Premium Frames,90.83,USD,90.83,US,Social Media,25,1
7761,4589,2025-06-17,Fashion Frames,65.06,USD,65.06,US,Social Media,0,2
7762,4590,2023-02-18,Ray-Ban,184.79,USD,184.79,US,Google Search,30,1
7763,4590,2023-05-15,Oakley,163.94,USD,163.94,US,Google Search,0,2
7764,4590,2023-06-14,Fashion Frames,72.6,USD,72.6,US,Google Search,0,3
7765,4590,2023-07-14,Fashion Frames,38.21,USD,38.21,US,Google Search,0,4
7766,4590,2023-08-13,Basic Frames,20.17,USD,20.17,US,Google Search,0,5
7767,4591,2025-02-28,Basic Frames,22.24,USD,22.24,US,Social Media,25,1
7768,4591,2025-05-03,Basic Frames,16.42,USD,16.42,US,Social Media,0,2
7769,4592,2025-01-07,Basic Frames,24.81,USD,24.81,US,Email Marketing,10,1
7770,4592,2025-04-28,Premium Frames,107.39,USD,107.39,US,Email Marketing,0,2
7771,4593,2024-04-06,Basic Frames,15.77,USD,15.77,US,Direct,5,1
7772,4593,2024-06-23,Ray-Ban,158.21,USD,158.21,US,Direct,0,2
7773,4595,2023-08-12,Premium Frames,114.25,USD,114.25,US,Direct,5,1
7774,4596,2024-03-21,Premium Frames,127.37,USD,127.37,US,Google Search,30,1
7775,4596,2024-05-10,Basic Frames,22.46,USD,22.46,US,Google Search,0,2
7776,4596,2024-06-09,Ray-Ban,165.43,USD,165.43,US,Google Search,0,3
7777,4597,2023-04-16,Premium Frames,117.47,USD,117.47,US,Influencer,35,1
7778,4598,2025-02-06,Fashion Frames,79.04,USD,79.04,US,Google Search,30,1
7779,4598,2025-04-19,Basic Frames,24.01,USD,24.01,US,Google Search,0,2
7780,4598,2025-05-19,Basic Frames,12.05,USD,12.05,US,Google Search,0,3
7781,4598,2025-06-18,Fashion Frames,40.41,USD,40.41,US,Google Search,0,4
7782,4599,2025-05-13,Ray-Ban,204.61,USD,204.61,US,Google Search,30,1
7783,4600,2024-11-01,Premium Frames,135.94,USD,135.94,US,Direct,5,1
7784,4600,2025-03-23,Fashion Frames,46.23,USD,46.23,US,Direct,0,2
7785,4600,2025-04-22,Basic Frames,18.22,USD,18.22,US,Direct,0,3
7786,4601,2025-03-03,Ray-Ban,155.02,USD,155.02,US,Google Search,30,1
7787,4601,2025-04-02,Fashion Frames,32.44,USD,32.44,US,Google Search,0,2
7788,4601,2025-05-19,Fashion Frames,78.0,USD,78.0,US,Google Search,0,3
7789,4602,2023-10-11,Basic Frames,11.37,USD,11.37,US,Google Search,30,1
7790,4602,2023-11-10,Fashion Frames,31.32,USD,31.32,US,Google Search,0,2
7791,4602,2024-03-31,Fashion Frames,72.76,USD,72.76,US,Google Search,0,3
7792,4603,2023-11-09,Fashion Frames,50.14,USD,50.14,US,Direct,5,1
7793,4603,2023-12-22,Basic Frames,27.25,USD,27.25,US,Direct,0,2
7794,4603,2024-02-20,Basic Frames,7.5,USD,7.5,US,Direct,0,3
7795,4603,2025-01-27,Basic Frames,7.32,USD,7.32,US,Direct,0,4
7796,4603,2025-02-26,Fashion Frames,71.85,USD,71.85,US,Direct,0,5
7797,4605,2023-02-14,Basic Frames,7.8,USD,7.8,US,Google Search,30,1
7798,4605,2023-10-08,Fashion Frames,63.75,USD,63.75,US,Google Search,0,2
7799,4605,2024-07-10,Basic Frames,25.54,USD,25.54,US,Google Search,0,3
7800,4605,2025-06-04,Fashion Frames,47.41,USD,47.41,US,Google Search,0,4
7801,4608,2023-12-25,Premium Frames,85.57,USD,85.57,US,Google Search,30,1
7802,4608,2024-01-24,Premium Frames,117.42,USD,117.42,US,Google Search,0,2
7803,4608,2024-05-20,Fashion Frames,60.99,USD,60.99,US,Google Search,0,3
7804,4608,2024-06-20,Premium Frames,100.27,USD,100.27,US,Google Search,0,4
7805,4608,2025-01-02,Fashion Frames,45.36,USD,45.36,US,Google Search,0,5
7806,4609,2025-06-02,Premium Frames,140.19,USD,140.19,US,Social Media,25,1
7807,4610,2025-04-26,Premium Frames,112.27,USD,112.27,US,Google Search,30,1
7808,4613,2025-06-10,Fashion Frames,73.72,USD,73.72,US,Social Media,25,1
7809,4615,2025-03-09,Basic Frames,21.05,USD,21.05,US,Google Search,30,1
7810,4615,2025-04-08,Ray-Ban,155.98,USD,155.98,US,Google Search,0,2
7811,4615,2025-07-15,Fashion Frames,49.05,USD,49.05,US,Google Search,0,3
7812,4616,2025-04-12,Fashion Frames,44.24,USD,44.24,US,Social Media,25,1
7813,4616,2025-05-12,Premium Frames,142.8,USD,142.8,US,Social Media,0,2
7814,4617,2023-09-16,Basic Frames,20.37,USD,20.37,US,Social Media,25,1
7815,4617,2023-12-01,Basic Frames,15.38,USD,15.38,US,Social Media,0,2
7816,4617,2024-11-30,Fashion Frames,33.85,USD,33.85,US,Social Media,0,3
7817,4622,2024-12-10,Basic Frames,9.12,USD,9.12,US,Email Marketing,10,1
7818,4622,2025-01-09,Basic Frames,9.29,USD,9.29,US,Email Marketing,0,2
7819,4622,2025-04-15,Premium Frames,82.34,USD,82.34,US,Email Marketing,0,3
7820,4625,2025-01-01,Fashion Frames,61.64,USD,61.64,US,Social Media,25,1
7821,4625,2025-01-31,Basic Frames,17.38,USD,17.38,US,Social Media,0,2
7822,4625,2025-04-30,Basic Frames,15.23,USD,15.23,US,Social Media,0,3
7823,4625,2025-08-02,Basic Frames,7.14,USD,7.14,US,Social Media,0,4
7824,4626,2024-09-24,Ray-Ban,220.23,USD,220.23,US,Social Media,25,1
7825,4626,2024-12-26,Basic Frames,20.44,USD,20.44,US,Social Media,0,2
7826,4626,2025-03-25,Fashion Frames,68.69,USD,68.69,US,Social Media,0,3
7827,4627,2024-10-20,Basic Frames,15.53,USD,15.53,US,Influencer,35,1
7828,4627,2024-12-03,Premium Frames,117.15,USD,117.15,US,Influencer,0,2
7829,4627,2025-08-07,Basic Frames,18.8,USD,18.8,US,Influencer,0,3
7830,4628,2024-03-16,Premium Frames,94.47,USD,94.47,US,Social Media,25,1
7831,4628,2024-05-02,Fashion Frames,40.93,USD,40.93,US,Social Media,0,2
7832,4628,2024-10-06,Basic Frames,11.57,USD,11.57,US,Social Media,0,3
7833,4628,2024-11-10,Basic Frames,28.49,USD,28.49,US,Social Media,0,4
7834,4630,2024-09-26,Basic Frames,23.16,USD,23.16,US,Influencer,35,1
7835,4630,2024-10-26,Fashion Frames,39.39,USD,39.39,US,Influencer,0,2
7836,4631,2023-05-27,Ray-Ban,246.14,USD,246.14,US,Direct,5,1
7837,4631,2023-09-08,Basic Frames,8.61,USD,8.61,US,Direct,0,2
7838,4631,2024-01-11,Fashion Frames,57.69,USD,57.69,US,Direct,0,3
7839,4631,2024-11-27,Basic Frames,7.9,USD,7.9,US,Direct,0,4
7840,4631,2025-04-25,Fashion Frames,31.52,USD,31.52,US,Direct,0,5
7841,4634,2025-04-13,Basic Frames,8.44,USD,8.44,US,Social Media,25,1
7842,4634,2025-08-06,Fashion Frames,60.54,USD,60.54,US,Social Media,0,2
7843,4635,2023-07-31,Ray-Ban,162.15,USD,162.15,US,Google Search,30,1
7844,4635,2023-11-15,Basic Frames,24.01,USD,24.01,US,Google Search,0,2
7845,4635,2024-04-02,Basic Frames,11.71,USD,11.71,US,Google Search,0,3
7846,4636,2025-04-04,Basic Frames,22.07,USD,22.07,US,Social Media,25,1
7847,4636,2025-07-19,Basic Frames,9.18,USD,9.18,US,Social Media,0,2
7848,4637,2023-03-11,Fashion Frames,59.1,USD,59.1,US,Social Media,25,1
7849,4637,2023-07-14,Fashion Frames,47.9,USD,47.9,US,Social Media,0,2
7850,4637,2023-08-13,Fashion Frames,36.94,USD,36.94,US,Social Media,0,3
7851,4637,2024-03-12,Basic Frames,11.24,USD,11.24,US,Social Media,0,4
7852,4638,2024-08-16,Fashion Frames,63.73,USD,63.73,US,Social Media,25,1
7853,4638,2024-09-30,Basic Frames,13.12,USD,13.12,US,Social Media,0,2
7854,4639,2023-12-31,Basic Frames,7.18,USD,7.18,US,Social Media,25,1
7855,4639,2024-08-07,Basic Frames,29.07,USD,29.07,US,Social Media,0,2
7856,4641,2023-10-25,Fashion Frames,37.9,USD,37.9,US,Social Media,25,1
7857,4641,2023-11-24,Basic Frames,15.49,USD,15.49,US,Social Media,0,2
7858,4641,2024-11-23,Fashion Frames,56.0,USD,56.0,US,Social Media,0,3
7859,4643,2024-07-12,Basic Frames,12.61,USD,12.61,US,Google Search,30,1
7860,4643,2024-08-20,Basic Frames,29.88,USD,29.88,US,Google Search,0,2
7861,4644,2023-06-22,Basic Frames,9.28,EUR,10.92,France,Social Media,25,1
7862,4644,2024-03-23,Fashion Frames,36.77,EUR,43.26,France,Social Media,0,2
7863,4645,2023-12-03,Fashion Frames,54.05,USD,54.05,US,Social Media,25,1
7864,4645,2024-02-26,Basic Frames,8.6,USD,8.6,US,Social Media,0,2
7865,4645,2025-02-25,Basic Frames,9.4,USD,9.4,US,Social Media,0,3
7866,4645,2025-03-27,Fashion Frames,53.7,USD,53.7,US,Social Media,0,4
7867,4647,2023-10-28,Basic Frames,10.09,USD,10.09,US,Google Search,30,1
7868,4648,2023-10-28,Fashion Frames,31.69,USD,31.69,US,Social Media,25,1
7869,4648,2024-02-19,Basic Frames,9.88,USD,9.88,US,Social Media,0,2
7870,4649,2024-08-31,Fashion Frames,55.09,USD,55.09,US,Google Search,30,1
7871,4649,2024-09-30,Ray-Ban,232.24,USD,232.24,US,Google Search,0,2
7872,4649,2024-11-23,Oakley,162.9,USD,162.9,US,Google Search,0,3
7873,4650,2023-10-08,Basic Frames,21.08,USD,21.08,US,Social Media,25,1
7874,4651,2025-06-07,Basic Frames,28.33,USD,28.33,US,Google Search,30,1
7875,4652,2024-06-17,Basic Frames,19.74,USD,19.74,US,Social Media,25,1
7876,4652,2024-07-17,Basic Frames,14.16,USD,14.16,US,Social Media,0,2
7877,4652,2024-08-16,Basic Frames,25.91,USD,25.91,US,Social Media,0,3
7878,4652,2025-01-23,Basic Frames,24.83,USD,24.83,US,Social Media,0,4
7879,4652,2025-03-06,Ray-Ban,218.99,USD,218.99,US,Social Media,0,5
7880,4653,2025-07-31,Basic Frames,24.19,USD,24.19,US,Google Search,30,1
7881,4655,2025-04-14,Premium Frames,137.76,USD,137.76,US,Direct,5,1
7882,4655,2025-05-14,Fashion Frames,42.91,USD,42.91,US,Direct,0,2
7883,4655,2025-08-12,Basic Frames,8.76,USD,8.76,US,Direct,0,3
7884,4656,2023-04-13,Fashion Frames,57.63,USD,57.63,US,Google Search,30,1
7885,4656,2024-03-19,Fashion Frames,79.8,USD,79.8,US,Google Search,0,2
7886,4656,2024-09-24,Fashion Frames,51.01,USD,51.01,US,Google Search,0,3
7887,4656,2024-11-02,Basic Frames,14.12,USD,14.12,US,Google Search,0,4
7888,4656,2025-04-17,Basic Frames,19.74,USD,19.74,US,Google Search,0,5
7889,4656,2025-05-20,Fashion Frames,53.03,USD,53.03,US,Google Search,0,6
7890,4658,2025-02-09,Fashion Frames,9816.0,JPY,65.44,Japan,Google Search,30,1
7891,4659,2025-03-22,Premium Frames,124.93,USD,124.93,US,Influencer,35,1
7892,4660,2024-03-02,Basic Frames,28.25,USD,28.25,US,Social Media,25,1
7893,4661,2025-07-30,Basic Frames,17.48,USD,17.48,US,Social Media,25,1
7894,4662,2023-03-14,Basic Frames,26.66,USD,26.66,US,Direct,5,1
7895,4663,2023-10-18,Basic Frames,27.61,USD,27.61,US,Influencer,35,1
7896,4663,2024-01-03,Premium Frames,116.76,USD,116.76,US,Influencer,0,2
7897,4663,2024-02-02,Fashion Frames,70.57,USD,70.57,US,Influencer,0,3
7898,4665,2024-11-02,Fashion Frames,68.46,USD,68.46,US,Email Marketing,10,1
7899,4666,2023-05-13,Basic Frames,9.45,USD,9.45,US,Social Media,25,1
7900,4666,2023-07-11,Fashion Frames,63.29,USD,63.29,US,Social Media,0,2
7901,4666,2024-07-10,Premium Frames,92.79,USD,92.79,US,Social Media,0,3
7902,4667,2024-12-25,Fashion Frames,48.12,USD,48.12,US,Direct,5,1
7903,4667,2025-03-22,Basic Frames,22.17,USD,22.17,US,Direct,0,2
7904,4668,2025-06-05,Premium Frames,108.14,USD,108.14,US,Direct,5,1
7905,4668,2025-07-05,Ray-Ban,237.47,USD,237.47,US,Direct,0,2
7906,4669,2023-05-23,Premium Frames,134.63,USD,134.63,US,Direct,5,1
7907,4669,2023-06-22,Fashion Frames,57.41,USD,57.41,US,Direct,0,2
7908,4669,2023-08-21,Fashion Frames,52.92,USD,52.92,US,Direct,0,3
7909,4670,2023-10-02,Basic Frames,12.36,USD,12.36,US,Direct,5,1
7910,4670,2024-06-25,Oakley,165.55,USD,165.55,US,Direct,0,2
7911,4672,2024-12-31,Fashion Frames,68.73,USD,68.73,US,Direct,5,1
7912,4672,2025-04-28,Fashion Frames,39.54,USD,39.54,US,Direct,0,2
7913,4674,2025-04-30,Fashion Frames,58.83,USD,58.83,US,Direct,5,1
7914,4674,2025-05-30,Premium Frames,147.86,USD,147.86,US,Direct,0,2
7915,4674,2025-06-29,Basic Frames,24.12,USD,24.12,US,Direct,0,3
7916,4676,2025-02-25,Ray-Ban,203.89,USD,203.89,US,Google Search,30,1
7917,4678,2024-11-25,Basic Frames,20.96,USD,20.96,US,Social Media,25,1
7918,4678,2024-12-25,Fashion Frames,57.55,USD,57.55,US,Social Media,0,2
7919,4678,2025-07-02,Premium Frames,135.05,USD,135.05,US,Social Media,0,3
7920,4681,2023-05-28,Fashion Frames,76.01,USD,76.01,US,Google Search,30,1
7921,4681,2023-08-06,Fashion Frames,72.69,USD,72.69,US,Google Search,0,2
7922,4681,2023-10-29,Basic Frames,25.16,USD,25.16,US,Google Search,0,3
7923,4683,2024-10-09,Fashion Frames,42.26,USD,42.26,US,Google Search,30,1
7924,4683,2025-02-24,Fashion Frames,72.25,USD,72.25,US,Google Search,0,2
7925,4684,2023-10-07,Fashion Frames,56.3,EUR,66.24,France,Google Search,30,1
7926,4684,2023-11-06,Fashion Frames,56.2,EUR,66.12,France,Google Search,0,2
7927,4685,2024-10-09,Fashion Frames,78.48,USD,78.48,US,Influencer,35,1
7928,4685,2024-11-08,Premium Frames,125.74,USD,125.74,US,Influencer,0,2
7929,4685,2024-12-22,Fashion Frames,45.61,USD,45.61,US,Influencer,0,3
7930,4685,2025-01-25,Fashion Frames,60.67,USD,60.67,US,Influencer,0,4
7931,4687,2024-01-22,Fashion Frames,58.12,USD,58.12,US,Social Media,25,1
7932,4687,2025-01-03,Fashion Frames,34.23,USD,34.23,US,Social Media,0,2
7933,4687,2025-04-18,Ray-Ban,159.32,USD,159.32,US,Social Media,0,3
7934,4687,2025-07-14,Basic Frames,14.32,USD,14.32,US,Social Media,0,4
7935,4688,2024-04-16,Premium Frames,116.02,USD,116.02,US,Google Search,30,1
7936,4688,2024-06-04,Basic Frames,29.1,USD,29.1,US,Google Search,0,2
7937,4688,2024-10-04,Basic Frames,24.03,USD,24.03,US,Google Search,0,3
7938,4689,2023-03-21,Premium Frames,126.18,USD,126.18,US,Social Media,25,1
7939,4689,2023-04-20,Basic Frames,8.2,USD,8.2,US,Social Media,0,2
7940,4689,2024-03-14,Basic Frames,28.17,USD,28.17,US,Social Media,0,3
7941,4689,2024-04-13,Fashion Frames,42.53,USD,42.53,US,Social Media,0,4
7942,4690,2024-10-16,Fashion Frames,52.93,USD,52.93,US,Google Search,30,1
7943,4691,2025-03-31,Ray-Ban,204.39,USD,204.39,US,Direct,5,1
7944,4691,2025-05-31,Basic Frames,29.33,USD,29.33,US,Direct,0,2
7945,4691,2025-06-30,Ray-Ban,169.49,USD,169.49,US,Direct,0,3
7946,4693,2025-03-16,Fashion Frames,49.64,USD,49.64,US,Direct,5,1
7947,4693,2025-05-15,Fashion Frames,34.82,USD,34.82,US,Direct,0,2
7948,4693,2025-06-14,Basic Frames,20.74,USD,20.74,US,Direct,0,3
7949,4694,2023-04-11,Fashion Frames,63.52,USD,63.52,US,Social Media,25,1
7950,4695,2024-03-10,Basic Frames,20.65,USD,20.65,US,Social Media,25,1
7951,4696,2024-06-13,Basic Frames,19.01,USD,19.01,US,Google Search,30,1
7952,4698,2023-10-16,Fashion Frames,52.39,USD,52.39,US,Direct,5,1
7953,4698,2023-12-03,Fashion Frames,55.36,USD,55.36,US,Direct,0,2
7954,4698,2024-04-27,Fashion Frames,72.43,USD,72.43,US,Direct,0,3
7955,4698,2024-05-27,Basic Frames,26.09,USD,26.09,US,Direct,0,4
7956,4698,2024-07-21,Basic Frames,9.11,USD,9.11,US,Direct,0,5
7957,4699,2024-12-23,Premium Frames,94.53,USD,94.53,US,Direct,5,1
7958,4699,2025-07-29,Fashion Frames,79.72,USD,79.72,US,Direct,0,2
7959,4701,2025-06-25,Premium Frames,102.96,USD,102.96,US,Email Marketing,10,1
7960,4702,2024-01-22,Fashion Frames,50.53,USD,50.53,US,Social Media,25,1
7961,4702,2024-04-26,Basic Frames,10.47,USD,10.47,US,Social Media,0,2
7962,4702,2024-08-20,Basic Frames,21.0,USD,21.0,US,Social Media,0,3
7963,4703,2024-04-23,Fashion Frames,33.54,USD,33.54,US,Email Marketing,10,1
7964,4703,2024-08-14,Fashion Frames,44.2,USD,44.2,US,Email Marketing,0,2
7965,4703,2024-12-04,Fashion Frames,32.46,USD,32.46,US,Email Marketing,0,3
7966,4705,2023-12-02,Fashion Frames,79.73,USD,79.73,US,Google Search,30,1
7967,4705,2024-09-03,Fashion Frames,49.67,USD,49.67,US,Google Search,0,2
7968,4705,2025-01-13,Basic Frames,20.87,USD,20.87,US,Google Search,0,3
7969,4705,2025-03-26,Fashion Frames,64.6,USD,64.6,US,Google Search,0,4
7970,4706,2024-09-03,Premium Frames,83.11,USD,83.11,US,Direct,5,1
7971,4706,2025-04-20,Basic Frames,9.0,USD,9.0,US,Direct,0,2
7972,4707,2023-01-11,Fashion Frames,57.55,USD,57.55,US,Social Media,25,1
7973,4707,2023-02-27,Fashion Frames,69.14,USD,69.14,US,Social Media,0,2
7974,4707,2023-03-29,Basic Frames,14.22,USD,14.22,US,Social Media,0,3
7975,4707,2023-05-20,Basic Frames,14.99,USD,14.99,US,Social Media,0,4
7976,4707,2023-10-19,Ray-Ban,175.87,USD,175.87,US,Social Media,0,5
7977,4707,2024-02-26,Fashion Frames,76.78,USD,76.78,US,Social Media,0,6
7978,4708,2025-06-13,Premium Frames,121.96,USD,121.96,US,Social Media,25,1
7979,4709,2025-03-04,Basic Frames,14.47,USD,14.47,US,Social Media,25,1
7980,4709,2025-04-03,Premium Frames,137.25,USD,137.25,US,Social Media,0,2
7981,4710,2025-05-17,Fashion Frames,62.28,USD,62.28,US,Google Search,30,1
7982,4710,2025-07-16,Premium Frames,124.74,USD,124.74,US,Google Search,0,2
7983,4711,2025-02-04,Basic Frames,18.78,USD,18.78,US,Social Media,25,1
7984,4711,2025-03-06,Basic Frames,19.83,USD,19.83,US,Social Media,0,2
7985,4711,2025-04-05,Fashion Frames,44.19,USD,44.19,US,Social Media,0,3
7986,4712,2023-04-06,Fashion Frames,73.45,USD,73.45,US,Google Search,30,1
7987,4712,2023-07-15,Basic Frames,26.79,USD,26.79,US,Google Search,0,2
7988,4713,2025-01-18,Basic Frames,29.05,USD,29.05,US,Google Search,30,1
7989,4716,2024-11-15,Fashion Frames,39.06,USD,39.06,US,Social Media,25,1
7990,4716,2025-01-21,Basic Frames,7.91,USD,7.91,US,Social Media,0,2
7991,4717,2024-12-24,Fashion Frames,47.07,USD,47.07,US,Influencer,35,1
7992,4717,2025-01-23,Basic Frames,18.79,USD,18.79,US,Influencer,0,2
7993,4718,2024-01-07,Fashion Frames,79.48,USD,79.48,US,Social Media,25,1
7994,4718,2024-08-25,Fashion Frames,54.68,USD,54.68,US,Social Media,0,2
7995,4718,2024-10-22,Premium Frames,144.06,USD,144.06,US,Social Media,0,3
7996,4719,2025-06-03,Basic Frames,10.02,USD,10.02,US,Social Media,25,1
7997,4719,2025-07-03,Basic Frames,19.81,USD,19.81,US,Social Media,0,2
7998,4720,2023-03-13,Fashion Frames,59.87,USD,59.87,US,Google Search,30,1
7999,4720,2023-09-30,Basic Frames,26.84,USD,26.84,US,Google Search,0,2
8000,4720,2023-10-30,Fashion Frames,41.89,USD,41.89,US,Google Search,0,3
8001,4721,2025-04-04,Fashion Frames,69.3,USD,69.3,US,Social Media,25,1
8002,4722,2024-07-03,Basic Frames,11.37,USD,11.37,US,Google Search,30,1
8003,4722,2025-07-03,Fashion Frames,79.58,USD,79.58,US,Google Search,0,2
8004,4723,2024-02-23,Ray-Ban,206.43,USD,206.43,US,Social Media,25,1
8005,4724,2023-08-28,Basic Frames,14.78,USD,14.78,US,Google Search,30,1
8006,4726,2025-05-04,Fashion Frames,43.88,USD,43.88,US,Email Marketing,10,1
8007,4727,2023-08-05,Basic Frames,26.4,USD,26.4,US,Social Media,25,1
8008,4727,2024-02-19,Fashion Frames,46.89,USD,46.89,US,Social Media,0,2
8009,4727,2024-03-20,Basic Frames,20.64,USD,20.64,US,Social Media,0,3
8010,4730,2023-11-29,Basic Frames,12.28,USD,12.28,US,Social Media,25,1
8011,4730,2023-12-29,Ray-Ban,151.75,USD,151.75,US,Social Media,0,2
8012,4730,2024-05-31,Basic Frames,13.36,USD,13.36,US,Social Media,0,3
8013,4730,2024-09-03,Basic Frames,20.96,USD,20.96,US,Social Media,0,4
8014,4730,2025-03-24,Basic Frames,27.07,USD,27.07,US,Social Media,0,5
8015,4730,2025-07-25,Basic Frames,27.45,USD,27.45,US,Social Media,0,6
8016,4732,2023-10-24,Fashion Frames,71.79,USD,71.79,US,Direct,5,1
8017,4732,2024-10-23,Fashion Frames,75.78,USD,75.78,US,Direct,0,2
8018,4733,2023-12-12,Fashion Frames,39.08,USD,39.08,US,Email Marketing,10,1
8019,4733,2024-01-17,Basic Frames,10.78,USD,10.78,US,Email Marketing,0,2
8020,4733,2024-08-31,Fashion Frames,71.82,USD,71.82,US,Email Marketing,0,3
8021,4733,2024-11-01,Fashion Frames,47.35,USD,47.35,US,Email Marketing,0,4
8022,4733,2024-12-01,Basic Frames,11.66,USD,11.66,US,Email Marketing,0,5
8023,4733,2025-01-21,Basic Frames,25.04,USD,25.04,US,Email Marketing,0,6
8024,4733,2025-03-27,Premium Frames,86.93,USD,86.93,US,Email Marketing,0,7
8025,4734,2024-07-30,Fashion Frames,50.33,USD,50.33,US,Social Media,25,1
8026,4735,2024-08-14,Fashion Frames,45.39,USD,45.39,US,Google Search,30,1
8027,4736,2023-05-16,Fashion Frames,71.55,USD,71.55,US,Social Media,25,1
8028,4736,2023-06-15,Basic Frames,10.86,USD,10.86,US,Social Media,0,2
8029,4736,2023-07-15,Fashion Frames,41.61,USD,41.61,US,Social Media,0,3
8030,4736,2023-11-12,Basic Frames,10.16,USD,10.16,US,Social Media,0,4
8031,4736,2024-03-22,Fashion Frames,61.35,USD,61.35,US,Social Media,0,5
8032,4737,2024-08-06,Basic Frames,16.07,USD,16.07,US,Email Marketing,10,1
8033,4737,2024-12-17,Basic Frames,23.47,USD,23.47,US,Email Marketing,0,2
8034,4737,2025-01-18,Basic Frames,28.81,USD,28.81,US,Email Marketing,0,3
8035,4738,2025-05-29,Basic Frames,25.17,USD,25.17,US,Influencer,35,1
8036,4738,2025-07-13,Oakley,155.79,USD,155.79,US,Influencer,0,2
8037,4739,2024-05-17,Fashion Frames,31.79,USD,31.79,US,Email Marketing,10,1
8038,4740,2025-03-19,Fashion Frames,77.68,USD,77.68,US,Social Media,25,1
8039,4740,2025-04-18,Fashion Frames,38.33,USD,38.33,US,Social Media,0,2
8040,4740,2025-05-24,Basic Frames,26.74,USD,26.74,US,Social Media,0,3
8041,4742,2025-07-04,Basic Frames,24.47,USD,24.47,US,Social Media,25,1
8042,4743,2024-12-06,Fashion Frames,69.04,USD,69.04,US,Google Search,30,1
8043,4743,2025-01-05,Premium Frames,93.24,USD,93.24,US,Google Search,0,2
8044,4744,2025-02-19,Basic Frames,18.7,USD,18.7,US,Influencer,35,1
8045,4746,2023-02-19,Premium Frames,117.14,USD,117.14,US,Direct,5,1
8046,4746,2023-05-30,Fashion Frames,58.51,USD,58.51,US,Direct,0,2
8047,4746,2023-08-13,Ray-Ban,210.9,USD,210.9,US,Direct,0,3
8048,4749,2025-03-15,Oakley,148.88,USD,148.88,US,Influencer,35,1
8049,4749,2025-05-18,Basic Frames,11.64,USD,11.64,US,Influencer,0,2
8050,4750,2025-05-06,Basic Frames,19.39,USD,19.39,US,Google Search,30,1
8051,4750,2025-06-14,Basic Frames,24.41,USD,24.41,US,Google Search,0,2
8052,4751,2024-04-25,Premium Frames,142.42,USD,142.42,US,Social Media,25,1
8053,4753,2023-05-26,Premium Frames,143.99,USD,143.99,US,Email Marketing,10,1
8054,4753,2023-08-28,Basic Frames,24.62,USD,24.62,US,Email Marketing,0,2
8055,4753,2023-09-27,Oakley,153.29,USD,153.29,US,Email Marketing,0,3
8056,4756,2023-06-18,Oakley,153.24,USD,153.24,US,Social Media,25,1
8057,4756,2023-11-12,Basic Frames,24.1,USD,24.1,US,Social Media,0,2
8058,4757,2024-04-13,Basic Frames,12.71,USD,12.71,US,Social Media,25,1
8059,4759,2023-01-08,Premium Frames,129.72,USD,129.72,US,Google Search,30,1
8060,4759,2023-02-07,Fashion Frames,56.0,USD,56.0,US,Google Search,0,2
8061,4762,2024-12-11,Premium Frames,124.62,USD,124.62,US,Google Search,30,1
8062,4762,2025-08-11,Fashion Frames,66.91,USD,66.91,US,Google Search,0,2
8063,4763,2025-07-30,Basic Frames,14.73,USD,14.73,US,Google Search,30,1
8064,4767,2023-11-08,Fashion Frames,55.6,USD,55.6,US,Social Media,25,1
8065,4767,2024-01-14,Basic Frames,13.31,USD,13.31,US,Social Media,0,2
8066,4767,2024-07-30,Basic Frames,20.75,USD,20.75,US,Social Media,0,3
8067,4768,2023-06-17,Premium Frames,86.73,USD,86.73,US,Influencer,35,1
8068,4768,2024-06-16,Basic Frames,22.64,USD,22.64,US,Influencer,0,2
8069,4768,2024-09-20,Fashion Frames,79.28,USD,79.28,US,Influencer,0,3
8070,4769,2025-06-23,Premium Frames,145.35,USD,145.35,US,Email Marketing,10,1
8071,4771,2025-06-16,Fashion Frames,38.64,USD,38.64,US,Google Search,30,1
8072,4772,2023-10-26,Ray-Ban,214.28,USD,214.28,US,Google Search,30,1
8073,4772,2024-01-03,Basic Frames,20.07,USD,20.07,US,Google Search,0,2
8074,4772,2024-09-26,Fashion Frames,74.04,USD,74.04,US,Google Search,0,3
8075,4772,2024-10-26,Basic Frames,7.75,USD,7.75,US,Google Search,0,4
8076,4773,2023-04-08,Fashion Frames,62.49,USD,62.49,US,Social Media,25,1
8077,4776,2023-09-17,Basic Frames,13.82,USD,13.82,US,Social Media,25,1
8078,4777,2023-03-26,Basic Frames,11.0,USD,11.0,US,Email Marketing,10,1
8079,4777,2023-08-24,Basic Frames,13.78,USD,13.78,US,Email Marketing,0,2
8080,4777,2023-11-09,Premium Frames,114.16,USD,114.16,US,Email Marketing,0,3
8081,4778,2024-01-30,Premium Frames,106.0,EUR,124.71,France,Direct,5,1
8082,4779,2024-11-16,Basic Frames,23.72,USD,23.72,US,Social Media,25,1
8083,4779,2024-12-26,Basic Frames,22.37,USD,22.37,US,Social Media,0,2
8084,4779,2025-02-17,Fashion Frames,44.91,USD,44.91,US,Social Media,0,3
8085,4779,2025-06-07,Basic Frames,12.82,USD,12.82,US,Social Media,0,4
8086,4780,2025-07-27,Basic Frames,20.81,USD,20.81,US,Direct,5,1
8087,4781,2024-10-29,Premium Frames,123.78,USD,123.78,US,Google Search,30,1
8088,4782,2023-06-22,Fashion Frames,38.06,USD,38.06,US,Influencer,35,1
8089,4782,2023-10-05,Fashion Frames,78.19,USD,78.19,US,Influencer,0,2
8090,4782,2023-11-04,Basic Frames,22.57,USD,22.57,US,Influencer,0,3
8091,4784,2024-02-13,Premium Frames,143.02,USD,143.02,US,Social Media,25,1
8092,4784,2024-05-06,Premium Frames,135.43,USD,135.43,US,Social Media,0,2
8093,4784,2024-09-01,Fashion Frames,66.25,USD,66.25,US,Social Media,0,3
8094,4784,2024-10-01,Fashion Frames,45.34,USD,45.34,US,Social Media,0,4
8095,4785,2024-10-05,Basic Frames,23.93,USD,23.93,US,Social Media,25,1
8096,4785,2024-11-04,Basic Frames,9.11,USD,9.11,US,Social Media,0,2
8097,4785,2025-02-07,Fashion Frames,72.45,USD,72.45,US,Social Media,0,3
8098,4785,2025-05-29,Fashion Frames,79.25,USD,79.25,US,Social Media,0,4
8099,4786,2023-11-12,Basic Frames,28.06,USD,28.06,US,Influencer,35,1
8100,4786,2024-07-26,Basic Frames,12.91,USD,12.91,US,Influencer,0,2
8101,4786,2024-10-29,Basic Frames,28.79,USD,28.79,US,Influencer,0,3
8102,4786,2025-02-02,Basic Frames,7.67,USD,7.67,US,Influencer,0,4
8103,4787,2025-01-17,Fashion Frames,70.86,USD,70.86,US,Google Search,30,1
8104,4787,2025-02-16,Premium Frames,129.82,USD,129.82,US,Google Search,0,2
8105,4787,2025-03-18,Basic Frames,25.39,USD,25.39,US,Google Search,0,3
8106,4788,2024-12-25,Basic Frames,9.21,USD,9.21,US,Google Search,30,1
8107,4790,2023-08-29,Fashion Frames,60.72,USD,60.72,US,Social Media,25,1
8108,4790,2023-10-03,Basic Frames,27.09,USD,27.09,US,Social Media,0,2
8109,4790,2023-12-20,Basic Frames,21.48,USD,21.48,US,Social Media,0,3
8110,4791,2024-03-16,Fashion Frames,61.58,USD,61.58,US,Direct,5,1
8111,4791,2024-06-13,Basic Frames,7.42,USD,7.42,US,Direct,0,2
8112,4791,2024-07-28,Fashion Frames,67.18,USD,67.18,US,Direct,0,3
8113,4791,2024-12-15,Basic Frames,27.25,USD,27.25,US,Direct,0,4
8114,4791,2025-05-12,Ray-Ban,202.44,USD,202.44,US,Direct,0,5
8115,4792,2024-11-06,Ray-Ban,199.46,USD,199.46,US,Email Marketing,10,1
8116,4792,2025-05-30,Fashion Frames,40.99,USD,40.99,US,Email Marketing,0,2
8117,4793,2023-04-09,Fashion Frames,47.91,USD,47.91,US,Google Search,30,1
8118,4793,2024-03-18,Fashion Frames,57.09,USD,57.09,US,Google Search,0,2
8119,4793,2024-04-22,Fashion Frames,68.58,USD,68.58,US,Google Search,0,3
8120,4793,2025-01-01,Fashion Frames,50.8,USD,50.8,US,Google Search,0,4
8121,4794,2024-12-30,Fashion Frames,63.59,USD,63.59,US,Social Media,25,1
8122,4795,2023-04-09,Premium Frames,93.47,USD,93.47,US,Direct,5,1
8123,4795,2024-01-03,Fashion Frames,48.15,USD,48.15,US,Direct,0,2
8124,4795,2024-02-21,Fashion Frames,53.75,USD,53.75,US,Direct,0,3
8125,4795,2024-10-22,Basic Frames,12.25,USD,12.25,US,Direct,0,4
8126,4795,2024-12-02,Premium Frames,148.16,USD,148.16,US,Direct,0,5
8127,4796,2023-01-03,Premium Frames,99.33,USD,99.33,US,Social Media,25,1
8128,4796,2023-06-08,Basic Frames,9.26,USD,9.26,US,Social Media,0,2
8129,4796,2023-08-30,Premium Frames,91.68,USD,91.68,US,Social Media,0,3
8130,4797,2023-08-09,Basic Frames,6.78,USD,6.78,US,Influencer,35,1
8131,4797,2023-11-01,Basic Frames,9.42,USD,9.42,US,Influencer,0,2
8132,4798,2024-05-03,Ray-Ban,231.85,USD,231.85,US,Social Media,25,1
8133,4798,2024-10-13,Fashion Frames,72.89,USD,72.89,US,Social Media,0,2
8134,4798,2024-12-29,Basic Frames,23.81,USD,23.81,US,Social Media,0,3
8135,4799,2023-03-29,Fashion Frames,63.23,USD,63.23,US,Google Search,30,1
8136,4800,2023-05-16,Basic Frames,8.45,USD,8.45,US,Google Search,30,1
8137,4800,2023-06-15,Basic Frames,7.27,USD,7.27,US,Google Search,0,2
8138,4800,2023-10-10,Premium Frames,140.96,USD,140.96,US,Google Search,0,3
8139,4800,2024-10-09,Fashion Frames,66.2,USD,66.2,US,Google Search,0,4
8140,4802,2023-09-05,Basic Frames,10.21,USD,10.21,US,Google Search,30,1
8141,4802,2023-10-05,Premium Frames,112.54,USD,112.54,US,Google Search,0,2
8142,4802,2024-01-12,Basic Frames,11.16,USD,11.16,US,Google Search,0,3
8143,4802,2024-05-24,Premium Frames,111.56,USD,111.56,US,Google Search,0,4
8144,4803,2024-06-19,Premium Frames,95.99,USD,95.99,US,Social Media,25,1
8145,4803,2024-07-19,Fashion Frames,58.66,USD,58.66,US,Social Media,0,2
8146,4804,2024-12-13,Basic Frames,10.47,USD,10.47,US,Influencer,35,1
8147,4806,2023-01-18,Premium Frames,93.54,USD,93.54,US,Social Media,25,1
8148,4806,2023-03-09,Fashion Frames,38.6,USD,38.6,US,Social Media,0,2
8149,4806,2023-04-15,Premium Frames,146.91,USD,146.91,US,Social Media,0,3
8150,4806,2023-08-02,Basic Frames,27.83,USD,27.83,US,Social Media,0,4
8151,4807,2023-01-25,Ray-Ban,191.78,USD,191.78,US,Social Media,25,1
8152,4807,2023-05-04,Fashion Frames,39.39,USD,39.39,US,Social Media,0,2
8153,4807,2023-06-26,Basic Frames,8.42,USD,8.42,US,Social Media,0,3
8154,4808,2024-12-22,Basic Frames,13.85,USD,13.85,US,Social Media,25,1
8155,4808,2025-01-21,Fashion Frames,72.84,USD,72.84,US,Social Media,0,2
8156,4808,2025-07-13,Fashion Frames,34.69,USD,34.69,US,Social Media,0,3
8157,4809,2023-12-26,Basic Frames,19.28,USD,19.28,US,Direct,5,1
8158,4809,2024-07-01,Basic Frames,9.45,USD,9.45,US,Direct,0,2
8159,4809,2024-08-31,Basic Frames,27.52,USD,27.52,US,Direct,0,3
8160,4810,2025-04-16,Fashion Frames,48.82,USD,48.82,US,Google Search,30,1
8161,4814,2024-12-13,Fashion Frames,46.69,USD,46.69,US,Social Media,25,1
8162,4814,2025-01-12,Basic Frames,28.55,USD,28.55,US,Social Media,0,2
8163,4815,2023-05-25,Fashion Frames,36.99,USD,36.99,US,Social Media,25,1
8164,4815,2023-08-04,Ray-Ban,222.75,USD,222.75,US,Social Media,0,2
8165,4815,2023-12-27,Fashion Frames,53.69,USD,53.69,US,Social Media,0,3
8166,4815,2024-01-26,Premium Frames,132.31,USD,132.31,US,Social Media,0,4
8167,4815,2024-08-02,Basic Frames,17.83,USD,17.83,US,Social Media,0,5
8168,4816,2024-05-04,Fashion Frames,50.26,USD,50.26,US,Google Search,30,1
8169,4817,2023-03-17,Basic Frames,6.47,USD,6.47,US,Email Marketing,10,1
8170,4817,2023-04-16,Basic Frames,13.98,USD,13.98,US,Email Marketing,0,2
8171,4817,2023-06-27,Ray-Ban,236.68,USD,236.68,US,Email Marketing,0,3
8172,4818,2023-08-31,Ray-Ban,245.35,USD,245.35,US,Social Media,25,1
8173,4818,2023-09-30,Basic Frames,17.95,USD,17.95,US,Social Media,0,2
8174,4818,2023-11-06,Basic Frames,23.17,USD,23.17,US,Social Media,0,3
8175,4818,2023-12-06,Basic Frames,8.8,USD,8.8,US,Social Media,0,4
8176,4818,2024-11-07,Premium Frames,142.64,USD,142.64,US,Social Media,0,5
8177,4819,2024-01-28,Ray-Ban,234.95,USD,234.95,US,Social Media,25,1
8178,4819,2024-02-27,Fashion Frames,59.53,USD,59.53,US,Social Media,0,2
8179,4820,2023-04-02,Fashion Frames,58.98,USD,58.98,US,Social Media,25,1
8180,4821,2025-01-21,Fashion Frames,38.94,USD,38.94,US,Direct,5,1
8181,4822,2025-04-10,Fashion Frames,63.67,USD,63.67,US,Social Media,25,1
8182,4823,2023-04-18,Premium Frames,133.42,USD,133.42,US,Email Marketing,10,1
8183,4823,2024-04-17,Fashion Frames,75.62,USD,75.62,US,Email Marketing,0,2
8184,4823,2024-07-04,Fashion Frames,66.22,USD,66.22,US,Email Marketing,0,3
8185,4823,2024-08-03,Fashion Frames,41.5,USD,41.5,US,Email Marketing,0,4
8186,4824,2023-04-22,Fashion Frames,71.06,USD,71.06,US,Influencer,35,1
8187,4825,2023-11-23,Premium Frames,146.64,USD,146.64,US,Direct,5,1
8188,4825,2023-12-28,Fashion Frames,77.34,USD,77.34,US,Direct,0,2
8189,4825,2024-03-15,Premium Frames,116.81,USD,116.81,US,Direct,0,3
8190,4825,2024-08-05,Premium Frames,90.02,USD,90.02,US,Direct,0,4
8191,4826,2024-01-15,Basic Frames,22.21,USD,22.21,US,Google Search,30,1
8192,4826,2024-02-14,Basic Frames,29.33,USD,29.33,US,Google Search,0,2
8193,4826,2024-03-15,Premium Frames,90.3,USD,90.3,US,Google Search,0,3
8194,4827,2025-06-30,Basic Frames,23.5,USD,23.5,US,Social Media,25,1
8195,4829,2023-05-23,Fashion Frames,40.23,USD,40.23,US,Email Marketing,10,1
8196,4830,2024-02-02,Basic Frames,7.07,USD,7.07,US,Email Marketing,10,1
8197,4830,2024-04-20,Basic Frames,24.26,USD,24.26,US,Email Marketing,0,2
8198,4830,2024-12-05,Basic Frames,17.73,USD,17.73,US,Email Marketing,0,3
8199,4830,2025-01-04,Basic Frames,25.46,USD,25.46,US,Email Marketing,0,4
8200,4830,2025-05-01,Fashion Frames,64.61,USD,64.61,US,Email Marketing,0,5
8201,4831,2025-03-14,Fashion Frames,55.67,USD,55.67,US,Social Media,25,1
8202,4833,2025-02-13,Fashion Frames,64.5,USD,64.5,US,Social Media,25,1
8203,4833,2025-05-15,Fashion Frames,64.97,USD,64.97,US,Social Media,0,2
8204,4833,2025-06-25,Basic Frames,23.33,USD,23.33,US,Social Media,0,3
8205,4833,2025-07-25,Ray-Ban,237.97,USD,237.97,US,Social Media,0,4
8206,4834,2025-06-14,Basic Frames,14.58,USD,14.58,US,Social Media,25,1
8207,4835,2023-05-17,Fashion Frames,57.21,USD,57.21,US,Social Media,25,1
8208,4835,2023-08-13,Basic Frames,28.18,USD,28.18,US,Social Media,0,2
8209,4835,2024-01-21,Basic Frames,25.17,USD,25.17,US,Social Media,0,3
8210,4839,2023-03-31,Fashion Frames,31.85,USD,31.85,US,Google Search,30,1
8211,4841,2024-08-04,Premium Frames,107.76,USD,107.76,US,Social Media,25,1
8212,4841,2024-12-06,Premium Frames,86.66,USD,86.66,US,Social Media,0,2
8213,4841,2025-07-06,Basic Frames,19.74,USD,19.74,US,Social Media,0,3
8214,4841,2025-08-07,Basic Frames,25.06,USD,25.06,US,Social Media,0,4
8215,4842,2023-01-11,Premium Frames,112.75,USD,112.75,US,Google Search,30,1
8216,4842,2023-08-19,Basic Frames,14.33,USD,14.33,US,Google Search,0,2
8217,4846,2024-03-27,Premium Frames,145.07,USD,145.07,US,Google Search,30,1
8218,4847,2023-12-30,Oakley,182.32,USD,182.32,US,Direct,5,1
8219,4847,2024-01-29,Fashion Frames,62.5,USD,62.5,US,Direct,0,2
8220,4847,2024-03-19,Basic Frames,10.02,USD,10.02,US,Direct,0,3
8221,4847,2024-12-09,Fashion Frames,76.42,USD,76.42,US,Direct,0,4
8222,4850,2024-10-05,Basic Frames,8.22,USD,8.22,US,Social Media,25,1
8223,4850,2024-11-23,Basic Frames,10.77,USD,10.77,US,Social Media,0,2
8224,4850,2024-12-23,Basic Frames,12.65,USD,12.65,US,Social Media,0,3
8225,4850,2025-03-21,Basic Frames,26.83,USD,26.83,US,Social Media,0,4
8226,4851,2025-03-07,Fashion Frames,33.78,USD,33.78,US,Influencer,35,1
8227,4851,2025-04-06,Basic Frames,25.76,USD,25.76,US,Influencer,0,2
8228,4853,2025-08-05,Premium Frames,149.46,USD,149.46,US,Google Search,30,1
8229,4854,2024-02-27,Basic Frames,22.48,USD,22.48,US,Social Media,25,1
8230,4855,2024-09-24,Basic Frames,20.61,USD,20.61,US,Social Media,25,1
8231,4855,2024-10-28,Fashion Frames,36.64,USD,36.64,US,Social Media,0,2
8232,4855,2024-12-13,Basic Frames,15.55,USD,15.55,US,Social Media,0,3
8233,4855,2025-01-12,Ray-Ban,213.7,USD,213.7,US,Social Media,0,4
8234,4857,2024-03-31,Premium Frames,91.86,USD,91.86,US,Social Media,25,1
8235,4857,2024-10-02,Basic Frames,26.8,USD,26.8,US,Social Media,0,2
8236,4857,2024-11-01,Basic Frames,28.18,USD,28.18,US,Social Media,0,3
8237,4857,2025-04-21,Basic Frames,29.04,USD,29.04,US,Social Media,0,4
8238,4858,2025-06-06,Premium Frames,132.93,USD,132.93,US,Influencer,35,1
8239,4858,2025-08-15,Basic Frames,9.35,USD,9.35,US,Influencer,0,2
8240,4859,2023-08-16,Basic Frames,24.51,USD,24.51,US,Google Search,30,1
8241,4860,2023-04-06,Basic Frames,8.78,USD,8.78,US,Google Search,30,1
8242,4860,2023-05-06,Fashion Frames,49.75,USD,49.75,US,Google Search,0,2
8243,4860,2023-08-07,Basic Frames,8.51,USD,8.51,US,Google Search,0,3
8244,4862,2023-04-23,Basic Frames,20.82,USD,20.82,US,Social Media,25,1
8245,4862,2023-10-12,Fashion Frames,32.56,USD,32.56,US,Social Media,0,2
8246,4862,2024-02-11,Premium Frames,90.38,USD,90.38,US,Social Media,0,3
8247,4862,2024-03-13,Basic Frames,14.23,USD,14.23,US,Social Media,0,4
8248,4862,2024-04-12,Fashion Frames,67.39,USD,67.39,US,Social Media,0,5
8249,4863,2023-05-26,Basic Frames,16.5,USD,16.5,US,Social Media,25,1
8250,4863,2023-08-21,Fashion Frames,43.19,USD,43.19,US,Social Media,0,2
8251,4863,2023-09-20,Fashion Frames,76.35,USD,76.35,US,Social Media,0,3
8252,4863,2024-07-28,Basic Frames,23.92,USD,23.92,US,Social Media,0,4
8253,4864,2025-02-15,Fashion Frames,45.39,USD,45.39,US,Direct,5,1
8254,4864,2025-04-25,Basic Frames,10.62,USD,10.62,US,Direct,0,2
8255,4864,2025-06-05,Basic Frames,15.13,USD,15.13,US,Direct,0,3
8256,4865,2023-06-06,Fashion Frames,31.66,USD,31.66,US,Social Media,25,1
8257,4865,2024-02-22,Basic Frames,10.29,USD,10.29,US,Social Media,0,2
8258,4866,2024-08-28,Basic Frames,21.96,USD,21.96,US,Google Search,30,1
8259,4867,2025-01-17,Basic Frames,18.5,USD,18.5,US,Direct,5,1
8260,4868,2024-02-05,Fashion Frames,69.47,USD,69.47,US,Email Marketing,10,1
8261,4868,2024-09-22,Basic Frames,10.23,USD,10.23,US,Email Marketing,0,2
8262,4869,2023-12-31,Basic Frames,6.55,USD,6.55,US,Email Marketing,10,1
8263,4869,2024-01-30,Fashion Frames,58.36,USD,58.36,US,Email Marketing,0,2
8264,4870,2024-03-16,Oakley,161.99,USD,161.99,US,Social Media,25,1
8265,4870,2024-12-03,Basic Frames,28.13,USD,28.13,US,Social Media,0,2
8266,4870,2025-03-29,Basic Frames,26.64,USD,26.64,US,Social Media,0,3
8267,4870,2025-06-12,Premium Frames,120.77,USD,120.77,US,Social Media,0,4
8268,4871,2023-11-21,Premium Frames,90.29,USD,90.29,US,Social Media,25,1
8269,4871,2024-02-09,Ray-Ban,210.04,USD,210.04,US,Social Media,0,2
8270,4872,2025-03-24,Oakley,121.37,USD,121.37,US,Social Media,25,1
8271,4872,2025-06-11,Fashion Frames,71.34,USD,71.34,US,Social Media,0,2
8272,4873,2023-05-26,Fashion Frames,72.5,USD,72.5,US,Email Marketing,10,1
8273,4873,2023-07-10,Premium Frames,149.63,USD,149.63,US,Email Marketing,0,2
8274,4873,2023-08-09,Premium Frames,105.15,USD,105.15,US,Email Marketing,0,3
8275,4874,2023-09-13,Fashion Frames,69.76,USD,69.76,US,Social Media,25,1
8276,4874,2023-11-08,Fashion Frames,70.71,USD,70.71,US,Social Media,0,2
8277,4874,2024-02-02,Basic Frames,23.66,USD,23.66,US,Social Media,0,3
8278,4875,2023-10-12,Basic Frames,28.34,USD,28.34,US,Google Search,30,1
8279,4875,2023-12-10,Premium Frames,130.38,USD,130.38,US,Google Search,0,2
8280,4875,2024-02-21,Basic Frames,19.65,USD,19.65,US,Google Search,0,3
8281,4875,2024-06-20,Fashion Frames,47.92,USD,47.92,US,Google Search,0,4
8282,4877,2023-04-14,Basic Frames,25.76,USD,25.76,US,Social Media,25,1
8283,4877,2023-06-27,Ray-Ban,227.86,USD,227.86,US,Social Media,0,2
8284,4878,2023-09-18,Basic Frames,16.89,USD,16.89,US,Email Marketing,10,1
8285,4879,2024-07-25,Basic Frames,10.58,USD,10.58,US,Google Search,30,1
8286,4879,2024-09-14,Fashion Frames,76.82,USD,76.82,US,Google Search,0,2
8287,4879,2025-01-16,Fashion Frames,57.94,USD,57.94,US,Google Search,0,3
8288,4880,2024-09-30,Premium Frames,107.73,USD,107.73,US,Direct,5,1
8289,4880,2024-10-30,Fashion Frames,68.37,USD,68.37,US,Direct,0,2
8290,4880,2025-02-05,Basic Frames,9.13,USD,9.13,US,Direct,0,3
8291,4882,2025-01-20,Basic Frames,7.8,USD,7.8,US,Google Search,30,1
8292,4884,2023-10-26,Basic Frames,9.38,USD,9.38,US,Email Marketing,10,1
8293,4884,2024-05-29,Basic Frames,17.56,USD,17.56,US,Email Marketing,0,2
8294,4884,2024-10-17,Premium Frames,84.71,USD,84.71,US,Email Marketing,0,3
8295,4884,2025-02-18,Basic Frames,8.95,USD,8.95,US,Email Marketing,0,4
8296,4885,2025-03-08,Basic Frames,17.5,USD,17.5,US,Email Marketing,10,1
8297,4886,2024-12-17,Basic Frames,12.67,USD,12.67,US,Email Marketing,10,1
8298,4887,2023-01-28,Basic Frames,20.87,USD,20.87,US,Direct,5,1
8299,4888,2025-05-22,Premium Frames,98.09,GBP,130.79,UK,Social Media,25,1
8300,4889,2025-05-18,Basic Frames,16.23,USD,16.23,US,Google Search,30,1
8301,4889,2025-07-10,Fashion Frames,59.95,USD,59.95,US,Google Search,0,2
8302,4890,2024-11-08,Basic Frames,13.22,AUD,9.12,Australia,Google Search,30,1
8303,4890,2025-02-23,Fashion Frames,106.05,AUD,73.14,Australia,Google Search,0,2
8304,4891,2025-07-02,Premium Frames,146.22,USD,146.22,US,Social Media,25,1
8305,4892,2023-11-08,Basic Frames,13.67,USD,13.67,US,Influencer,35,1
8306,4892,2024-02-14,Fashion Frames,77.69,USD,77.69,US,Influencer,0,2
8307,4892,2024-04-27,Fashion Frames,38.77,USD,38.77,US,Influencer,0,3
8308,4895,2024-09-17,Fashion Frames,65.36,USD,65.36,US,Social Media,25,1
8309,4895,2024-12-17,Basic Frames,26.79,USD,26.79,US,Social Media,0,2
8310,4895,2025-02-21,Basic Frames,6.78,USD,6.78,US,Social Media,0,3
8311,4896,2024-06-10,Premium Frames,82.16,USD,82.16,US,Social Media,25,1
8312,4896,2024-07-29,Oakley,149.05,USD,149.05,US,Social Media,0,2
8313,4901,2024-10-23,Basic Frames,16.16,USD,16.16,US,Google Search,30,1
8314,4901,2025-03-20,Basic Frames,24.88,USD,24.88,US,Google Search,0,2
8315,4901,2025-04-19,Premium Frames,123.98,USD,123.98,US,Google Search,0,3
8316,4901,2025-07-08,Fashion Frames,49.17,USD,49.17,US,Google Search,0,4
8317,4901,2025-08-07,Basic Frames,20.16,USD,20.16,US,Google Search,0,5
8318,4903,2025-03-13,Premium Frames,100.67,USD,100.67,US,Social Media,25,1
8319,4903,2025-04-15,Fashion Frames,72.33,USD,72.33,US,Social Media,0,2
8320,4903,2025-05-15,Basic Frames,28.7,USD,28.7,US,Social Media,0,3
8321,4904,2025-07-12,Basic Frames,26.2,USD,26.2,US,Google Search,30,1
8322,4905,2025-03-31,Basic Frames,25.44,USD,25.44,US,Email Marketing,10,1
8323,4905,2025-05-18,Premium Frames,112.86,USD,112.86,US,Email Marketing,0,2
8324,4905,2025-07-19,Fashion Frames,31.13,USD,31.13,US,Email Marketing,0,3
8325,4906,2023-09-18,Basic Frames,7.43,USD,7.43,US,Email Marketing,10,1
8326,4906,2024-01-13,Premium Frames,89.18,USD,89.18,US,Email Marketing,0,2
8327,4906,2024-02-12,Basic Frames,24.81,USD,24.81,US,Email Marketing,0,3
8328,4907,2024-05-28,Basic Frames,10.97,USD,10.97,US,Email Marketing,10,1
8329,4907,2024-10-26,Basic Frames,25.35,USD,25.35,US,Email Marketing,0,2
8330,4907,2025-01-09,Basic Frames,23.68,USD,23.68,US,Email Marketing,0,3
8331,4908,2024-02-01,Premium Frames,96.86,USD,96.86,US,Social Media,25,1
8332,4908,2024-07-11,Fashion Frames,53.02,USD,53.02,US,Social Media,0,2
8333,4908,2024-08-10,Fashion Frames,44.53,USD,44.53,US,Social Media,0,3
8334,4910,2023-09-15,Basic Frames,16.17,USD,16.17,US,Direct,5,1
8335,4911,2024-06-18,Premium Frames,81.91,USD,81.91,US,Direct,5,1
8336,4912,2024-10-24,Fashion Frames,66.61,USD,66.61,US,Social Media,25,1
8337,4912,2025-05-18,Basic Frames,14.79,USD,14.79,US,Social Media,0,2
8338,4913,2024-09-09,Fashion Frames,60.04,USD,60.04,US,Social Media,25,1
8339,4913,2024-11-14,Basic Frames,26.84,USD,26.84,US,Social Media,0,2
8340,4913,2024-12-30,Fashion Frames,36.3,USD,36.3,US,Social Media,0,3
8341,4914,2023-03-24,Basic Frames,7.46,USD,7.46,US,Social Media,25,1
8342,4914,2024-03-23,Premium Frames,86.83,USD,86.83,US,Social Media,0,2
8343,4914,2024-06-22,Basic Frames,18.2,USD,18.2,US,Social Media,0,3
8344,4914,2024-09-19,Fashion Frames,51.02,USD,51.02,US,Social Media,0,4
8345,4914,2025-03-07,Basic Frames,8.44,USD,8.44,US,Social Media,0,5
8346,4915,2024-06-26,Fashion Frames,65.92,USD,65.92,US,Social Media,25,1
8347,4915,2024-07-26,Basic Frames,13.97,USD,13.97,US,Social Media,0,2
8348,4918,2024-01-21,Basic Frames,29.28,USD,29.28,US,Social Media,25,1
8349,4920,2023-11-29,Premium Frames,94.77,USD,94.77,US,Email Marketing,10,1
8350,4920,2024-03-23,Fashion Frames,50.63,USD,50.63,US,Email Marketing,0,2
8351,4921,2023-05-24,Basic Frames,10.72,USD,10.72,US,Influencer,35,1
8352,4921,2024-01-16,Fashion Frames,31.85,USD,31.85,US,Influencer,0,2
8353,4922,2024-02-03,Basic Frames,14.37,USD,14.37,US,Google Search,30,1
8354,4922,2024-03-04,Basic Frames,26.63,USD,26.63,US,Google Search,0,2
8355,4922,2024-11-03,Premium Frames,127.67,USD,127.67,US,Google Search,0,3
8356,4922,2024-12-03,Basic Frames,16.72,USD,16.72,US,Google Search,0,4
8357,4923,2025-05-31,Basic Frames,20.31,USD,20.31,US,Influencer,35,1
8358,4924,2025-05-12,Basic Frames,10.91,USD,10.91,US,Email Marketing,10,1
8359,4925,2024-09-04,Fashion Frames,47.35,USD,47.35,US,Social Media,25,1
8360,4925,2024-10-26,Basic Frames,29.99,USD,29.99,US,Social Media,0,2
8361,4925,2025-03-06,Fashion Frames,70.38,USD,70.38,US,Social Media,0,3
8362,4925,2025-04-05,Fashion Frames,69.07,USD,69.07,US,Social Media,0,4
8363,4926,2024-03-24,Premium Frames,91.8,USD,91.8,US,Social Media,25,1
8364,4926,2024-05-22,Basic Frames,25.44,USD,25.44,US,Social Media,0,2
8365,4926,2024-06-21,Basic Frames,28.53,USD,28.53,US,Social Media,0,3
8366,4930,2023-07-04,Fashion Frames,38.3,USD,38.3,US,Social Media,25,1
8367,4930,2024-05-08,Fashion Frames,48.31,USD,48.31,US,Social Media,0,2
8368,4930,2024-06-16,Basic Frames,7.54,USD,7.54,US,Social Media,0,3
8369,4930,2024-07-16,Basic Frames,11.77,USD,11.77,US,Social Media,0,4
8370,4930,2024-09-30,Premium Frames,90.54,USD,90.54,US,Social Media,0,5
8371,4930,2024-10-30,Basic Frames,26.49,USD,26.49,US,Social Media,0,6
8372,4930,2025-06-17,Basic Frames,6.46,USD,6.46,US,Social Media,0,7
8373,4931,2025-03-22,Premium Frames,99.35,USD,99.35,US,Direct,5,1
8374,4932,2024-05-27,Fashion Frames,35.91,USD,35.91,US,Google Search,30,1
8375,4932,2024-06-26,Premium Frames,147.59,USD,147.59,US,Google Search,0,2
8376,4932,2024-09-11,Oakley,170.15,USD,170.15,US,Google Search,0,3
8377,4932,2024-12-16,Basic Frames,6.6,USD,6.6,US,Google Search,0,4
8378,4933,2025-03-02,Basic Frames,8.8,USD,8.8,US,Google Search,30,1
8379,4933,2025-07-03,Ray-Ban,195.25,USD,195.25,US,Google Search,0,2
8380,4934,2023-03-25,Premium Frames,113.25,USD,113.25,US,Influencer,35,1
8381,4934,2023-08-02,Oakley,193.11,USD,193.11,US,Influencer,0,2
8382,4934,2024-02-29,Basic Frames,6.9,USD,6.9,US,Influencer,0,3
8383,4934,2024-05-23,Ray-Ban,225.15,USD,225.15,US,Influencer,0,4
8384,4935,2023-02-02,Ray-Ban,174.36,USD,174.36,US,Social Media,25,1
8385,4935,2023-04-27,Basic Frames,24.44,USD,24.44,US,Social Media,0,2
8386,4935,2023-11-16,Fashion Frames,58.05,USD,58.05,US,Social Media,0,3
8387,4935,2023-12-16,Basic Frames,25.69,USD,25.69,US,Social Media,0,4
8388,4936,2024-08-24,Ray-Ban,220.29,USD,220.29,US,Direct,5,1
8389,4937,2023-03-17,Basic Frames,22.71,USD,22.71,US,Social Media,25,1
8390,4938,2023-02-04,Ray-Ban,182.19,USD,182.19,US,Influencer,35,1
8391,4939,2023-09-26,Basic Frames,22.99,USD,22.99,US,Social Media,25,1
8392,4939,2024-09-25,Basic Frames,13.6,USD,13.6,US,Social Media,0,2
8393,4939,2024-11-01,Fashion Frames,39.43,USD,39.43,US,Social Media,0,3
8394,4939,2024-12-12,Basic Frames,12.13,USD,12.13,US,Social Media,0,4
8395,4939,2025-01-11,Fashion Frames,60.83,USD,60.83,US,Social Media,0,5
8396,4939,2025-02-10,Fashion Frames,32.86,USD,32.86,US,Social Media,0,6
8397,4940,2023-08-22,Premium Frames,125.61,USD,125.61,US,Email Marketing,10,1
8398,4942,2025-08-03,Premium Frames,143.97,USD,143.97,US,Google Search,30,1
8399,4944,2025-03-26,Fashion Frames,55.15,USD,55.15,US,Direct,5,1
8400,4944,2025-05-06,Fashion Frames,41.96,USD,41.96,US,Direct,0,2
8401,4945,2024-02-15,Basic Frames,17.12,USD,17.12,US,Google Search,30,1
8402,4946,2024-06-07,Ray-Ban,162.91,USD,162.91,US,Influencer,35,1
8403,4946,2024-12-27,Basic Frames,15.95,USD,15.95,US,Influencer,0,2
8404,4947,2023-11-09,Fashion Frames,67.75,USD,67.75,US,Direct,5,1
8405,4947,2023-12-21,Fashion Frames,36.0,USD,36.0,US,Direct,0,2
8406,4947,2024-07-15,Basic Frames,27.79,USD,27.79,US,Direct,0,3
8407,4949,2025-01-11,Premium Frames,17169.0,JPY,114.46,Japan,Social Media,25,1
8408,4951,2025-03-26,Fashion Frames,58.98,USD,58.98,US,Influencer,35,1
8409,4952,2024-03-06,Fashion Frames,71.71,USD,71.71,US,Direct,5,1
8410,4952,2024-11-28,Basic Frames,24.29,USD,24.29,US,Direct,0,2
8411,4952,2025-08-05,Ray-Ban,194.25,USD,194.25,US,Direct,0,3
8412,4953,2024-03-09,Ray-Ban,219.2,USD,219.2,US,Influencer,35,1
8413,4953,2024-05-07,Fashion Frames,56.25,USD,56.25,US,Influencer,0,2
8414,4954,2024-12-20,Ray-Ban,179.62,USD,179.62,US,Social Media,25,1
8415,4955,2024-03-01,Basic Frames,8.73,USD,8.73,US,Direct,5,1
8416,4955,2024-03-31,Premium Frames,123.13,USD,123.13,US,Direct,0,2
8417,4957,2024-10-18,Premium Frames,137.76,USD,137.76,US,Direct,5,1
8418,4958,2024-07-03,Fashion Frames,74.29,USD,74.29,US,Influencer,35,1
8419,4958,2024-08-05,Fashion Frames,72.56,USD,72.56,US,Influencer,0,2
8420,4958,2024-09-13,Basic Frames,28.94,USD,28.94,US,Influencer,0,3
8421,4959,2024-07-04,Ray-Ban,25833.0,JPY,172.22,Japan,Social Media,25,1
8422,4959,2024-08-03,Fashion Frames,5025.0,JPY,33.5,Japan,Social Media,0,2
8423,4960,2024-09-22,Basic Frames,27.7,USD,27.7,US,Social Media,25,1
8424,4962,2023-10-13,Fashion Frames,51.13,USD,51.13,US,Direct,5,1
8425,4962,2023-11-12,Basic Frames,26.18,USD,26.18,US,Direct,0,2
8426,4962,2023-12-12,Basic Frames,21.86,USD,21.86,US,Direct,0,3
8427,4963,2023-03-27,Premium Frames,124.53,USD,124.53,US,Direct,5,1
8428,4964,2023-11-26,Basic Frames,12.23,USD,12.23,US,Google Search,30,1
8429,4967,2025-08-01,Fashion Frames,78.69,USD,78.69,US,Influencer,35,1
8430,4968,2023-08-09,Basic Frames,14.87,USD,14.87,US,Direct,5,1
8431,4968,2024-08-08,Basic Frames,22.84,USD,22.84,US,Direct,0,2
8432,4968,2024-09-13,Premium Frames,123.45,USD,123.45,US,Direct,0,3
8433,4969,2025-04-08,Fashion Frames,55.72,USD,55.72,US,Social Media,25,1
8434,4971,2024-07-06,Fashion Frames,75.14,USD,75.14,US,Social Media,25,1
8435,4971,2024-11-10,Basic Frames,27.54,USD,27.54,US,Social Media,0,2
8436,4972,2023-12-05,Premium Frames,111.67,USD,111.67,US,Social Media,25,1
8437,4972,2024-01-04,Fashion Frames,32.1,USD,32.1,US,Social Media,0,2
8438,4972,2024-04-03,Fashion Frames,71.98,USD,71.98,US,Social Media,0,3
8439,4973,2024-02-06,Ray-Ban,209.18,USD,209.18,US,Influencer,35,1
8440,4973,2024-03-24,Oakley,143.18,USD,143.18,US,Influencer,0,2
8441,4974,2024-08-27,Basic Frames,6.73,USD,6.73,US,Direct,5,1
8442,4976,2025-03-07,Fashion Frames,57.78,USD,57.78,US,Direct,5,1
8443,4977,2025-05-11,Fashion Frames,63.42,AUD,43.74,Australia,Google Search,30,1
8444,4978,2024-10-29,Fashion Frames,38.88,USD,38.88,US,Direct,5,1
8445,4978,2024-11-28,Ray-Ban,162.9,USD,162.9,US,Direct,0,2
8446,4978,2024-12-28,Premium Frames,146.33,USD,146.33,US,Direct,0,3
8447,4978,2025-02-16,Fashion Frames,74.29,USD,74.29,US,Direct,0,4
8448,4979,2024-11-29,Fashion Frames,67.13,USD,67.13,US,Direct,5,1
8449,4980,2024-10-21,Fashion Frames,79.16,USD,79.16,US,Google Search,30,1
8450,4980,2025-05-10,Basic Frames,29.34,USD,29.34,US,Google Search,0,2
8451,4981,2023-03-10,Basic Frames,28.38,USD,28.38,US,Direct,5,1
8452,4982,2023-11-19,Ray-Ban,157.11,USD,157.11,US,Google Search,30,1
8453,4982,2024-05-29,Premium Frames,82.77,USD,82.77,US,Google Search,0,2
8454,4982,2024-09-28,Premium Frames,118.27,USD,118.27,US,Google Search,0,3
8455,4983,2024-12-16,Premium Frames,103.09,USD,103.09,US,Direct,5,1
8456,4983,2025-02-05,Basic Frames,22.0,USD,22.0,US,Direct,0,2
8457,4983,2025-06-02,Fashion Frames,71.61,USD,71.61,US,Direct,0,3
8458,4984,2024-03-25,Basic Frames,10.53,USD,10.53,US,Email Marketing,10,1
8459,4984,2024-11-07,Premium Frames,119.88,USD,119.88,US,Email Marketing,0,2
8460,4984,2025-02-02,Premium Frames,101.67,USD,101.67,US,Email Marketing,0,3
8461,4984,2025-06-27,Fashion Frames,50.76,USD,50.76,US,Email Marketing,0,4
8462,4986,2025-05-21,Basic Frames,28.42,USD,28.42,US,Direct,5,1
8463,4986,2025-06-20,Basic Frames,18.26,USD,18.26,US,Direct,0,2
8464,4987,2023-09-05,Basic Frames,25.61,USD,25.61,US,Direct,5,1
8465,4987,2024-01-03,Basic Frames,12.49,USD,12.49,US,Direct,0,2
8466,4987,2024-06-23,Basic Frames,9.97,USD,9.97,US,Direct,0,3
8467,4987,2024-07-24,Ray-Ban,217.37,USD,217.37,US,Direct,0,4
8468,4987,2024-08-23,Fashion Frames,58.42,USD,58.42,US,Direct,0,5
8469,4987,2024-09-22,Basic Frames,18.11,USD,18.11,US,Direct,0,6
8470,4988,2023-03-03,Basic Frames,24.05,USD,24.05,US,Google Search,30,1
8471,4988,2023-08-18,Fashion Frames,59.35,USD,59.35,US,Google Search,0,2
8472,4988,2023-09-17,Basic Frames,29.98,USD,29.98,US,Google Search,0,3
8473,4988,2023-10-17,Basic Frames,28.33,USD,28.33,US,Google Search,0,4
8474,4989,2023-09-08,Basic Frames,21.25,USD,21.25,US,Social Media,25,1
8475,4989,2023-12-13,Basic Frames,12.41,USD,12.41,US,Social Media,0,2
8476,4989,2024-01-12,Basic Frames,20.13,USD,20.13,US,Social Media,0,3
8477,4989,2024-09-18,Fashion Frames,42.24,USD,42.24,US,Social Media,0,4
8478,4990,2023-03-31,Premium Frames,143.43,USD,143.43,US,Influencer,35,1
8479,4990,2023-05-17,Premium Frames,87.1,USD,87.1,US,Influencer,0,2
8480,4990,2023-06-16,Fashion Frames,59.47,USD,59.47,US,Influencer,0,3
8481,4991,2025-08-04,Basic Frames,16.25,USD,16.25,US,Social Media,25,1
8482,4992,2024-03-25,Fashion Frames,58.04,USD,58.04,US,Direct,5,1
8483,4992,2024-10-16,Basic Frames,11.95,USD,11.95,US,Direct,0,2
8484,4992,2025-06-22,Premium Frames,114.64,USD,114.64,US,Direct,0,3
8485,4993,2023-05-27,Premium Frames,136.79,USD,136.79,US,Google Search,30,1
8486,4993,2024-05-18,Basic Frames,19.28,USD,19.28,US,Google Search,0,2
8487,4993,2024-07-24,Basic Frames,11.38,USD,11.38,US,Google Search,0,3
8488,4993,2024-08-23,Basic Frames,23.35,USD,23.35,US,Google Search,0,4
8489,4994,2024-05-09,Basic Frames,24.7,USD,24.7,US,Social Media,25,1
8490,4994,2024-09-19,Premium Frames,112.76,USD,112.76,US,Social Media,0,2
8491,4994,2024-10-19,Fashion Frames,70.1,USD,70.1,US,Social Media,0,3
8492,4994,2024-12-14,Basic Frames,25.32,USD,25.32,US,Social Media,0,4
8493,4994,2025-01-13,Premium Frames,127.23,USD,127.23,US,Social Media,0,5
8494,4994,2025-02-12,Premium Frames,108.47,USD,108.47,US,Social Media,0,6
8495,4994,2025-06-02,Fashion Frames,45.35,USD,45.35,US,Social Media,0,7
8496,4995,2024-09-23,Fashion Frames,60.63,USD,60.63,US,Influencer,35,1
8497,4995,2024-11-03,Fashion Frames,51.66,USD,51.66,US,Influencer,0,2
8498,4996,2024-09-20,Basic Frames,26.04,USD,26.04,US,Influencer,35,1
8499,4996,2024-11-20,Ray-Ban,188.26,USD,188.26,US,Influencer,0,2
8500,4996,2024-12-20,Basic Frames,19.12,USD,19.12,US,Influencer,0,3
8501,4996,2025-07-20,Fashion Frames,66.3,USD,66.3,US,Influencer,0,4
8502,4998,2023-11-20,Premium Frames,99.33,USD,99.33,US,Google Search,30,1
8503,4998,2024-06-29,Basic Frames,18.28,USD,18.28,US,Google Search,0,2
8504,4998,2024-08-19,Fashion Frames,38.43,USD,38.43,US,Google Search,0,3
8505,4998,2025-05-06,Premium Frames,111.63,USD,111.63,US,Google Search,0,4
8506,4999,2024-11-17,Premium Frames,104.32,USD,104.32,US,Direct,5,1
8507,4999,2025-06-22,Basic Frames,15.26,USD,15.26,US,Direct,0,2
8508,4999,2025-07-22,Fashion Frames,38.83,USD,38.83,US,Direct,0,3
