user_id,region,acquisition_channel,registration_date,age,currency
1,US,Influencer,2024-10-16,42,USD
2,US,Social Media,2023-04-25,53,USD
3,US,Email Marketing,2023-01-26,53,USD
4,US,Influencer,2025-01-29,44,USD
5,US,Social Media,2023-10-09,29,USD
6,US,Google Search,2023-09-08,29,USD
7,US,Social Media,2023-08-17,22,USD
8,US,Google Search,2023-05-23,38,USD
9,US,Direct,2025-01-24,35,USD
10,US,Social Media,2023-04-15,18,USD
11,US,Social Media,2024-11-23,27,USD
12,US,Google Search,2025-01-28,31,USD
13,US,Google Search,2025-07-02,44,USD
14,US,Google Search,2024-07-12,20,USD
15,US,Social Media,2023-03-31,43,USD
16,US,Social Media,2024-08-27,37,USD
17,US,Social Media,2024-03-08,18,USD
18,US,Google Search,2023-02-02,26,USD
19,US,Google Search,2023-01-31,38,USD
20,US,Influencer,2023-04-06,30,USD
21,US,Social Media,2023-08-12,47,USD
22,US,Social Media,2023-08-27,46,USD
23,US,Social Media,2024-06-01,38,USD
24,US,Social Media,2024-09-08,46,USD
25,US,Social Media,2023-01-28,44,USD
26,US,Google Search,2024-07-28,51,USD
27,US,Direct,2023-07-23,39,USD
28,US,Google Search,2025-01-03,53,USD
29,US,Google Search,2024-10-27,36,USD
30,US,Google Search,2024-12-19,31,USD
31,US,Social Media,2024-07-12,52,USD
32,US,Social Media,2024-03-05,28,USD
33,US,Social Media,2023-08-14,45,USD
34,US,Social Media,2024-04-04,38,USD
35,US,Google Search,2024-08-26,26,USD
36,US,Google Search,2023-10-12,31,USD
37,US,Email Marketing,2025-04-08,35,USD
38,US,Social Media,2025-06-09,32,USD
39,US,Social Media,2023-01-07,33,USD
40,US,Direct,2025-02-16,39,USD
41,US,Influencer,2025-04-05,18,USD
42,US,Social Media,2023-06-13,34,USD
43,US,Google Search,2024-12-15,32,USD
44,US,Google Search,2024-03-08,38,USD
45,UK,Social Media,2023-12-15,48,GBP
46,US,Direct,2023-10-12,44,USD
47,US,Direct,2023-06-09,42,USD
48,US,Email Marketing,2023-08-09,61,USD
49,US,Social Media,2025-02-20,36,USD
50,US,Social Media,2023-12-11,28,USD
51,US,Social Media,2023-04-15,22,USD
52,US,Google Search,2023-04-05,40,USD
53,US,Social Media,2024-01-25,25,USD
54,US,Email Marketing,2023-04-10,31,USD
55,US,Direct,2024-01-03,37,USD
56,US,Social Media,2025-05-17,50,USD
57,US,Email Marketing,2023-12-19,38,USD
58,US,Social Media,2024-09-10,44,USD
59,US,Email Marketing,2023-09-28,38,USD
60,US,Social Media,2025-04-06,39,USD
61,US,Email Marketing,2023-02-14,38,USD
62,US,Social Media,2025-01-17,26,USD
63,US,Direct,2024-04-15,20,USD
64,US,Social Media,2024-07-03,42,USD
65,US,Direct,2023-05-08,46,USD
66,US,Google Search,2025-08-02,39,USD
67,US,Google Search,2024-01-23,24,USD
68,France,Google Search,2023-03-22,25,EUR
69,US,Direct,2024-07-19,35,USD
70,US,Google Search,2023-10-28,52,USD
71,US,Direct,2025-04-29,22,USD
72,US,Influencer,2024-10-05,40,USD
73,US,Google Search,2024-09-25,40,USD
74,Australia,Email Marketing,2025-06-25,34,AUD
75,US,Google Search,2025-06-01,29,USD
76,US,Google Search,2024-01-06,45,USD
77,US,Direct,2024-08-14,24,USD
78,US,Influencer,2023-07-16,36,USD
79,US,Google Search,2024-12-22,39,USD
80,US,Direct,2023-03-13,41,USD
81,US,Social Media,2023-02-16,41,USD
82,US,Influencer,2024-11-08,41,USD
83,US,Google Search,2023-08-22,41,USD
84,US,Direct,2025-03-02,48,USD
85,US,Social Media,2023-10-24,25,USD
86,US,Social Media,2023-03-23,32,USD
87,US,Google Search,2025-05-25,43,USD
88,US,Social Media,2023-08-27,18,USD
89,US,Google Search,2025-06-06,35,USD
90,US,Social Media,2023-04-14,22,USD
91,US,Social Media,2024-01-25,35,USD
92,US,Direct,2023-10-12,27,USD
93,US,Influencer,2024-04-09,18,USD
94,US,Social Media,2024-10-12,37,USD
95,US,Social Media,2025-05-04,41,USD
96,US,Social Media,2024-01-09,45,USD
97,US,Social Media,2023-06-16,56,USD
98,US,Social Media,2024-01-15,39,USD
99,Australia,Direct,2023-12-30,60,AUD
100,US,Social Media,2023-08-03,47,USD
101,US,Direct,2024-11-17,40,USD
102,US,Social Media,2023-10-01,44,USD
103,US,Google Search,2024-12-19,31,USD
104,US,Direct,2025-08-17,20,USD
105,US,Social Media,2024-11-30,52,USD
106,US,Email Marketing,2024-10-25,18,USD
107,US,Social Media,2023-03-15,37,USD
108,US,Google Search,2024-09-15,27,USD
109,US,Google Search,2024-10-12,54,USD
110,US,Google Search,2023-06-25,20,USD
111,US,Google Search,2024-06-30,38,USD
112,US,Social Media,2025-01-16,27,USD
113,US,Social Media,2023-09-08,27,USD
114,US,Direct,2023-06-17,45,USD
115,US,Email Marketing,2024-04-18,44,USD
116,US,Social Media,2024-01-24,42,USD
117,US,Email Marketing,2023-10-04,34,USD
118,US,Direct,2025-08-05,36,USD
119,US,Influencer,2024-10-17,32,USD
120,US,Direct,2024-12-05,48,USD
121,US,Influencer,2024-07-24,50,USD
122,US,Email Marketing,2023-08-13,35,USD
123,US,Social Media,2024-12-02,38,USD
124,Australia,Google Search,2023-11-29,33,AUD
125,US,Google Search,2025-05-13,22,USD
126,US,Direct,2025-02-25,20,USD
127,US,Direct,2025-03-05,34,USD
128,US,Google Search,2023-02-27,24,USD
129,US,Email Marketing,2023-08-23,25,USD
130,US,Direct,2025-04-21,31,USD
131,US,Social Media,2023-02-02,37,USD
132,US,Email Marketing,2025-04-04,28,USD
133,US,Social Media,2023-11-20,18,USD
134,US,Influencer,2024-02-15,18,USD
135,UK,Direct,2023-10-02,26,GBP
136,US,Google Search,2023-03-09,32,USD
137,US,Influencer,2023-08-05,34,USD
138,US,Google Search,2025-07-24,22,USD
139,US,Social Media,2024-08-03,38,USD
140,US,Google Search,2025-06-16,25,USD
141,Australia,Google Search,2025-01-05,43,AUD
142,US,Influencer,2023-11-19,30,USD
143,US,Influencer,2023-08-06,37,USD
144,US,Google Search,2024-11-02,35,USD
145,France,Google Search,2024-05-26,52,EUR
146,US,Direct,2024-02-10,46,USD
147,US,Influencer,2025-06-24,61,USD
148,US,Social Media,2025-07-25,25,USD
149,US,Google Search,2024-10-20,25,USD
150,France,Influencer,2024-04-14,36,EUR
151,US,Google Search,2023-05-27,46,USD
152,US,Social Media,2023-09-29,28,USD
153,US,Email Marketing,2023-05-23,19,USD
154,US,Email Marketing,2023-09-10,56,USD
155,US,Social Media,2025-02-01,49,USD
156,UK,Social Media,2024-07-28,29,GBP
157,US,Google Search,2024-07-05,33,USD
158,US,Social Media,2023-09-27,49,USD
159,US,Email Marketing,2025-02-03,35,USD
160,US,Influencer,2024-08-21,35,USD
161,US,Social Media,2024-03-14,22,USD
162,Australia,Direct,2025-07-08,33,AUD
163,US,Direct,2024-08-20,18,USD
164,US,Direct,2024-02-13,50,USD
165,US,Direct,2024-01-06,49,USD
166,US,Google Search,2023-08-13,35,USD
167,US,Google Search,2023-05-22,42,USD
168,US,Social Media,2024-06-05,51,USD
169,US,Social Media,2024-05-20,47,USD
170,US,Google Search,2023-04-04,18,USD
171,US,Social Media,2025-02-12,53,USD
172,US,Direct,2023-02-18,35,USD
173,US,Influencer,2025-05-31,18,USD
174,US,Influencer,2023-04-23,34,USD
175,US,Social Media,2023-06-06,19,USD
176,US,Social Media,2024-10-04,43,USD
177,US,Social Media,2023-06-13,39,USD
178,US,Social Media,2025-03-22,23,USD
179,US,Google Search,2024-11-27,23,USD
180,US,Social Media,2024-03-08,41,USD
181,US,Social Media,2024-09-02,33,USD
182,US,Google Search,2023-03-07,22,USD
183,US,Direct,2024-01-30,26,USD
184,US,Influencer,2024-01-26,37,USD
185,US,Social Media,2024-09-02,42,USD
186,US,Social Media,2024-04-24,44,USD
187,US,Google Search,2024-06-25,18,USD
188,US,Direct,2023-09-15,51,USD
189,US,Social Media,2024-07-20,41,USD
190,US,Google Search,2025-05-31,38,USD
191,US,Google Search,2023-01-12,18,USD
192,US,Google Search,2024-11-27,37,USD
193,US,Social Media,2025-01-08,27,USD
194,US,Email Marketing,2023-04-28,22,USD
195,US,Direct,2024-11-29,34,USD
196,US,Google Search,2025-06-25,52,USD
197,US,Direct,2024-07-03,22,USD
198,US,Google Search,2025-02-07,32,USD
199,US,Google Search,2023-10-01,18,USD
200,US,Social Media,2025-02-26,41,USD
201,US,Social Media,2024-10-18,27,USD
202,US,Email Marketing,2023-12-15,24,USD
203,US,Google Search,2023-04-25,38,USD
204,US,Google Search,2023-10-28,34,USD
205,France,Email Marketing,2024-03-21,28,EUR
206,US,Direct,2023-06-11,44,USD
207,US,Google Search,2024-04-09,18,USD
208,US,Social Media,2023-01-04,41,USD
209,US,Google Search,2025-01-09,18,USD
210,US,Direct,2025-06-15,35,USD
211,US,Google Search,2025-01-06,34,USD
212,US,Social Media,2023-09-27,20,USD
213,US,Social Media,2024-05-27,47,USD
214,US,Direct,2025-02-19,28,USD
215,US,Google Search,2023-07-02,18,USD
216,US,Influencer,2024-06-03,25,USD
217,US,Influencer,2025-07-23,39,USD
218,US,Social Media,2023-04-19,27,USD
219,US,Direct,2025-06-10,49,USD
220,US,Direct,2024-10-02,38,USD
221,US,Social Media,2023-11-02,39,USD
222,US,Google Search,2025-05-11,29,USD
223,US,Email Marketing,2024-10-16,49,USD
224,US,Google Search,2024-06-03,30,USD
225,US,Social Media,2024-09-15,35,USD
226,US,Email Marketing,2023-07-23,55,USD
227,US,Google Search,2023-06-06,37,USD
228,US,Influencer,2024-01-18,44,USD
229,US,Social Media,2025-02-19,39,USD
230,US,Google Search,2023-06-15,30,USD
231,US,Direct,2024-07-06,29,USD
232,US,Direct,2025-03-08,24,USD
233,US,Google Search,2025-08-02,40,USD
234,US,Email Marketing,2024-06-27,39,USD
235,US,Email Marketing,2025-07-29,31,USD
236,US,Social Media,2023-01-01,23,USD
237,US,Direct,2024-09-05,45,USD
238,US,Google Search,2023-11-28,51,USD
239,US,Social Media,2024-05-15,18,USD
240,US,Influencer,2023-01-20,52,USD
241,US,Google Search,2023-04-25,64,USD
242,US,Email Marketing,2025-08-09,36,USD
243,US,Google Search,2024-01-07,40,USD
244,US,Social Media,2025-06-18,37,USD
245,US,Direct,2025-05-01,54,USD
246,US,Influencer,2025-04-06,28,USD
247,US,Social Media,2023-11-11,35,USD
248,US,Google Search,2023-09-03,48,USD
249,US,Social Media,2023-03-01,22,USD
250,US,Influencer,2023-09-04,18,USD
251,US,Social Media,2025-06-18,30,USD
252,US,Google Search,2024-08-03,55,USD
253,US,Social Media,2023-03-22,18,USD
254,US,Google Search,2023-03-29,34,USD
255,US,Direct,2025-01-19,31,USD
256,US,Influencer,2024-05-12,21,USD
257,US,Google Search,2025-04-15,35,USD
258,US,Email Marketing,2023-03-12,34,USD
259,US,Social Media,2025-02-17,34,USD
260,US,Social Media,2024-06-29,28,USD
261,US,Google Search,2025-02-23,18,USD
262,US,Google Search,2023-05-09,48,USD
263,US,Social Media,2023-05-12,18,USD
264,US,Google Search,2024-11-06,25,USD
265,US,Social Media,2024-05-01,46,USD
266,US,Social Media,2024-07-16,50,USD
267,US,Direct,2023-06-19,28,USD
268,US,Social Media,2023-09-29,40,USD
269,US,Social Media,2024-06-24,43,USD
270,US,Google Search,2025-06-12,40,USD
271,US,Social Media,2024-09-13,42,USD
272,US,Social Media,2024-03-09,31,USD
273,US,Social Media,2023-08-05,38,USD
274,US,Email Marketing,2025-08-09,19,USD
275,US,Social Media,2024-07-06,26,USD
276,US,Social Media,2025-02-12,18,USD
277,US,Google Search,2025-01-17,18,USD
278,US,Influencer,2024-12-07,55,USD
279,US,Social Media,2023-07-25,34,USD
280,US,Direct,2024-12-31,48,USD
281,US,Social Media,2023-11-16,38,USD
282,US,Social Media,2024-02-13,18,USD
283,US,Email Marketing,2024-11-18,35,USD
284,US,Social Media,2024-10-27,39,USD
285,US,Influencer,2024-01-18,37,USD
286,US,Google Search,2024-03-24,23,USD
287,US,Email Marketing,2025-07-10,38,USD
288,US,Direct,2024-06-13,46,USD
289,US,Influencer,2024-04-07,18,USD
290,US,Social Media,2023-05-04,19,USD
291,US,Direct,2023-09-11,37,USD
292,US,Google Search,2023-08-19,25,USD
293,US,Google Search,2023-03-07,23,USD
294,US,Google Search,2023-12-13,47,USD
295,US,Influencer,2023-01-22,24,USD
296,US,Social Media,2024-08-25,43,USD
297,US,Social Media,2024-07-21,65,USD
298,US,Direct,2023-08-24,33,USD
299,US,Social Media,2024-08-25,34,USD
300,US,Google Search,2023-08-14,56,USD
301,US,Email Marketing,2023-01-08,42,USD
302,US,Google Search,2023-03-14,46,USD
303,US,Social Media,2024-12-25,34,USD
304,US,Google Search,2024-10-08,42,USD
305,US,Direct,2023-03-02,41,USD
306,US,Email Marketing,2023-08-23,47,USD
307,US,Google Search,2023-03-11,40,USD
308,US,Google Search,2025-07-16,37,USD
309,US,Social Media,2023-02-02,22,USD
310,US,Influencer,2025-05-30,47,USD
311,US,Google Search,2023-12-05,35,USD
312,US,Email Marketing,2023-03-14,35,USD
313,US,Google Search,2024-06-10,29,USD
314,US,Direct,2023-09-01,31,USD
315,US,Direct,2023-10-13,32,USD
316,US,Direct,2024-11-16,29,USD
317,US,Direct,2024-05-12,38,USD
318,US,Social Media,2023-08-08,45,USD
319,US,Social Media,2024-07-06,35,USD
320,US,Direct,2023-05-16,47,USD
321,Japan,Google Search,2025-01-10,28,JPY
322,US,Direct,2025-08-15,51,USD
323,US,Influencer,2025-06-22,29,USD
324,US,Direct,2024-08-07,52,USD
325,US,Social Media,2024-08-13,18,USD
326,US,Social Media,2024-04-29,23,USD
327,US,Social Media,2023-09-06,34,USD
328,US,Direct,2025-03-14,37,USD
329,US,Influencer,2024-04-29,46,USD
330,US,Google Search,2025-04-06,32,USD
331,US,Social Media,2024-02-21,36,USD
332,US,Google Search,2023-07-14,40,USD
333,US,Social Media,2023-04-07,27,USD
334,US,Google Search,2023-04-10,28,USD
335,US,Influencer,2024-11-05,52,USD
336,US,Social Media,2024-03-17,28,USD
337,US,Social Media,2023-12-29,37,USD
338,US,Google Search,2024-03-09,18,USD
339,US,Email Marketing,2024-02-25,27,USD
340,US,Influencer,2024-04-23,30,USD
341,US,Email Marketing,2025-06-03,42,USD
342,US,Google Search,2025-01-16,59,USD
343,US,Social Media,2023-02-25,34,USD
344,US,Social Media,2024-11-20,56,USD
345,US,Social Media,2024-10-31,34,USD
346,US,Google Search,2024-10-23,49,USD
347,US,Social Media,2023-04-11,43,USD
348,US,Email Marketing,2023-03-04,57,USD
349,US,Direct,2024-02-17,44,USD
350,US,Direct,2025-01-15,41,USD
351,US,Direct,2023-12-14,32,USD
352,US,Direct,2025-03-30,36,USD
353,US,Email Marketing,2025-06-01,35,USD
354,US,Social Media,2023-04-22,50,USD
355,US,Influencer,2023-09-12,18,USD
356,US,Google Search,2023-07-16,43,USD
357,US,Social Media,2023-07-14,37,USD
358,Australia,Social Media,2024-07-03,53,AUD
359,US,Influencer,2024-04-04,29,USD
360,US,Direct,2023-05-24,37,USD
361,US,Google Search,2024-03-08,49,USD
362,US,Email Marketing,2023-07-07,18,USD
363,France,Influencer,2023-10-13,28,EUR
364,US,Social Media,2024-04-18,39,USD
365,US,Social Media,2023-09-13,53,USD
366,US,Google Search,2025-06-14,34,USD
367,US,Influencer,2025-08-03,18,USD
368,US,Direct,2023-03-19,18,USD
369,US,Social Media,2024-03-29,37,USD
370,US,Social Media,2025-04-07,28,USD
371,Australia,Social Media,2025-06-01,42,AUD
372,US,Direct,2025-05-26,33,USD
373,US,Social Media,2024-07-17,34,USD
374,US,Social Media,2023-04-11,37,USD
375,US,Social Media,2023-02-21,19,USD
376,US,Google Search,2024-10-29,52,USD
377,France,Social Media,2024-07-07,39,EUR
378,US,Email Marketing,2025-05-06,40,USD
379,US,Direct,2023-01-16,37,USD
380,US,Google Search,2023-04-06,43,USD
381,US,Social Media,2025-08-06,26,USD
382,US,Google Search,2025-02-10,56,USD
383,US,Google Search,2025-05-19,45,USD
384,US,Google Search,2023-08-31,27,USD
385,US,Social Media,2023-06-20,29,USD
386,US,Social Media,2024-02-21,18,USD
387,US,Email Marketing,2024-05-12,23,USD
388,US,Influencer,2024-05-07,34,USD
389,US,Google Search,2023-08-07,53,USD
390,US,Social Media,2025-06-04,45,USD
391,US,Google Search,2024-02-15,32,USD
392,US,Social Media,2025-07-13,26,USD
393,US,Social Media,2023-03-02,56,USD
394,US,Social Media,2023-06-18,42,USD
395,US,Social Media,2024-01-24,51,USD
396,US,Influencer,2023-01-03,46,USD
397,US,Google Search,2024-02-04,43,USD
398,US,Email Marketing,2023-09-29,39,USD
399,US,Email Marketing,2025-08-06,50,USD
400,US,Direct,2025-03-13,37,USD
401,US,Direct,2025-03-14,27,USD
402,US,Social Media,2024-04-10,29,USD
403,France,Social Media,2023-10-20,41,EUR
404,US,Google Search,2024-03-09,28,USD
405,US,Direct,2024-12-14,35,USD
406,US,Direct,2025-01-18,36,USD
407,US,Social Media,2025-03-13,31,USD
408,US,Direct,2024-07-23,18,USD
409,US,Google Search,2024-11-08,20,USD
410,UK,Social Media,2025-01-05,18,GBP
411,US,Google Search,2024-05-13,55,USD
412,US,Email Marketing,2023-06-08,29,USD
413,US,Google Search,2023-07-14,42,USD
414,US,Social Media,2023-10-31,18,USD
415,US,Direct,2023-08-11,27,USD
416,US,Influencer,2023-03-01,39,USD
417,US,Social Media,2024-08-16,34,USD
418,US,Email Marketing,2025-01-23,49,USD
419,US,Google Search,2024-07-09,48,USD
420,US,Google Search,2023-03-04,18,USD
421,France,Social Media,2025-02-04,19,EUR
422,US,Social Media,2023-11-18,48,USD
423,France,Google Search,2023-02-28,35,EUR
424,US,Email Marketing,2023-02-21,19,USD
425,US,Social Media,2024-08-21,53,USD
426,US,Social Media,2024-05-03,45,USD
427,US,Direct,2024-05-29,31,USD
428,US,Email Marketing,2025-07-30,59,USD
429,US,Email Marketing,2025-05-23,31,USD
430,US,Social Media,2024-06-27,32,USD
431,US,Influencer,2023-06-11,43,USD
432,US,Google Search,2023-02-28,34,USD
433,US,Social Media,2024-06-04,45,USD
434,US,Google Search,2023-03-24,39,USD
435,US,Direct,2025-05-21,48,USD
436,US,Direct,2023-07-10,22,USD
437,France,Social Media,2023-03-12,27,EUR
438,US,Social Media,2024-09-01,57,USD
439,US,Email Marketing,2023-03-11,36,USD
440,US,Direct,2024-11-22,39,USD
441,US,Google Search,2025-06-01,48,USD
442,US,Direct,2023-08-29,49,USD
443,US,Direct,2024-02-18,38,USD
444,Japan,Social Media,2023-05-03,25,JPY
445,France,Google Search,2025-06-30,38,EUR
446,US,Direct,2024-08-06,40,USD
447,US,Google Search,2023-09-10,49,USD
448,US,Direct,2024-08-15,20,USD
449,US,Google Search,2024-08-31,33,USD
450,US,Social Media,2023-02-10,36,USD
451,US,Google Search,2024-09-26,54,USD
452,US,Google Search,2023-03-25,24,USD
453,US,Google Search,2024-03-05,54,USD
454,US,Google Search,2024-11-04,47,USD
455,US,Email Marketing,2024-08-20,18,USD
456,US,Social Media,2024-08-01,62,USD
457,US,Google Search,2024-06-19,47,USD
458,US,Direct,2023-11-20,64,USD
459,US,Direct,2025-08-15,44,USD
460,US,Influencer,2023-09-25,38,USD
461,US,Influencer,2023-07-29,25,USD
462,US,Social Media,2024-11-16,31,USD
463,US,Social Media,2025-01-03,37,USD
464,US,Direct,2023-11-18,51,USD
465,US,Social Media,2023-09-02,23,USD
466,US,Direct,2023-09-29,32,USD
467,US,Google Search,2024-02-10,27,USD
468,US,Social Media,2023-05-15,38,USD
469,Australia,Google Search,2024-11-18,37,AUD
470,US,Direct,2024-10-22,51,USD
471,Australia,Direct,2023-11-04,35,AUD
472,US,Social Media,2024-04-13,35,USD
473,US,Google Search,2023-11-20,20,USD
474,US,Social Media,2025-08-09,26,USD
475,US,Google Search,2025-02-08,26,USD
476,US,Google Search,2025-08-16,38,USD
477,US,Social Media,2023-03-16,42,USD
478,US,Social Media,2023-01-10,39,USD
479,US,Direct,2024-04-14,46,USD
480,US,Google Search,2024-09-28,61,USD
481,US,Google Search,2024-07-30,25,USD
482,US,Direct,2023-04-13,54,USD
483,US,Influencer,2023-03-17,41,USD
484,US,Social Media,2024-07-04,54,USD
485,US,Email Marketing,2023-08-07,28,USD
486,US,Google Search,2024-06-02,22,USD
487,US,Google Search,2023-09-29,37,USD
488,US,Direct,2023-05-16,18,USD
489,US,Social Media,2025-08-13,49,USD
490,Japan,Direct,2023-12-24,20,JPY
491,US,Direct,2025-06-21,26,USD
492,US,Influencer,2023-03-12,34,USD
493,US,Direct,2025-06-19,37,USD
494,US,Google Search,2023-09-08,18,USD
495,US,Social Media,2024-01-14,48,USD
496,US,Social Media,2023-10-19,42,USD
497,US,Social Media,2023-06-11,49,USD
498,US,Direct,2024-03-24,36,USD
499,US,Direct,2025-05-03,36,USD
500,US,Direct,2024-07-10,33,USD
501,US,Social Media,2024-12-21,25,USD
502,US,Influencer,2023-11-06,19,USD
503,US,Social Media,2024-09-18,21,USD
504,US,Google Search,2025-04-06,18,USD
505,US,Google Search,2024-10-31,35,USD
506,US,Email Marketing,2024-06-25,33,USD
507,US,Email Marketing,2023-01-09,26,USD
508,US,Google Search,2024-11-14,46,USD
509,US,Direct,2025-04-16,35,USD
510,US,Email Marketing,2024-07-21,34,USD
511,US,Email Marketing,2023-11-03,34,USD
512,US,Direct,2025-08-12,44,USD
513,US,Google Search,2024-11-10,22,USD
514,US,Social Media,2023-04-17,31,USD
515,US,Social Media,2025-06-18,35,USD
516,France,Google Search,2023-05-18,41,EUR
517,US,Google Search,2023-09-28,23,USD
518,US,Social Media,2023-04-29,33,USD
519,US,Direct,2025-06-30,32,USD
520,US,Influencer,2023-04-20,52,USD
521,US,Direct,2025-01-30,27,USD
522,US,Social Media,2024-07-20,31,USD
523,US,Influencer,2023-06-09,40,USD
524,US,Direct,2023-10-06,49,USD
525,US,Google Search,2023-10-16,18,USD
526,US,Google Search,2024-09-11,32,USD
527,US,Direct,2023-08-04,28,USD
528,US,Social Media,2025-01-04,18,USD
529,US,Social Media,2023-12-18,18,USD
530,US,Social Media,2023-07-28,37,USD
531,France,Email Marketing,2024-12-04,34,EUR
532,US,Google Search,2024-10-11,41,USD
533,US,Email Marketing,2025-05-23,34,USD
534,US,Social Media,2023-09-28,23,USD
535,US,Google Search,2024-06-01,18,USD
536,US,Direct,2024-05-15,18,USD
537,US,Influencer,2023-09-15,26,USD
538,US,Google Search,2025-07-16,47,USD
539,US,Email Marketing,2025-07-18,60,USD
540,US,Email Marketing,2025-05-16,27,USD
541,US,Direct,2023-02-22,35,USD
542,US,Direct,2023-04-05,25,USD
543,US,Direct,2024-10-11,30,USD
544,US,Social Media,2024-03-09,37,USD
545,Australia,Direct,2025-04-29,18,AUD
546,US,Direct,2023-10-11,23,USD
547,US,Social Media,2023-02-15,49,USD
548,US,Social Media,2023-01-04,43,USD
549,US,Influencer,2023-12-08,46,USD
550,US,Google Search,2025-02-28,25,USD
551,US,Social Media,2023-05-14,50,USD
552,US,Google Search,2024-10-14,41,USD
553,US,Influencer,2023-09-26,27,USD
554,France,Direct,2023-06-15,46,EUR
555,US,Direct,2025-01-29,41,USD
556,US,Social Media,2024-03-28,47,USD
557,US,Social Media,2024-07-18,22,USD
558,US,Direct,2024-12-23,18,USD
559,US,Social Media,2024-03-13,32,USD
560,US,Direct,2024-07-28,31,USD
561,US,Email Marketing,2023-01-10,32,USD
562,US,Google Search,2023-04-25,38,USD
563,US,Direct,2023-03-19,42,USD
564,US,Google Search,2025-06-23,49,USD
565,UK,Influencer,2024-12-08,39,GBP
566,US,Social Media,2025-07-14,27,USD
567,US,Email Marketing,2023-06-02,38,USD
568,US,Google Search,2024-07-12,55,USD
569,US,Google Search,2023-02-06,44,USD
570,US,Direct,2025-05-04,39,USD
571,US,Google Search,2024-01-14,32,USD
572,US,Social Media,2024-08-19,24,USD
573,US,Direct,2024-07-19,20,USD
574,US,Direct,2023-06-01,40,USD
575,US,Social Media,2024-03-16,25,USD
576,Australia,Google Search,2023-05-11,42,AUD
577,US,Social Media,2023-02-12,43,USD
578,Japan,Google Search,2023-11-12,30,JPY
579,US,Direct,2024-01-09,37,USD
580,US,Google Search,2025-07-09,46,USD
581,US,Social Media,2025-08-13,18,USD
582,US,Social Media,2025-03-26,50,USD
583,US,Google Search,2025-05-31,28,USD
584,US,Google Search,2023-02-10,37,USD
585,US,Direct,2025-07-09,47,USD
586,US,Email Marketing,2024-01-02,42,USD
587,US,Social Media,2023-08-04,32,USD
588,US,Direct,2024-11-29,29,USD
589,US,Google Search,2023-09-13,21,USD
590,US,Google Search,2024-11-13,32,USD
591,US,Social Media,2023-04-16,53,USD
592,Japan,Influencer,2023-12-29,42,JPY
593,US,Google Search,2025-03-09,49,USD
594,US,Google Search,2024-07-27,41,USD
595,US,Google Search,2025-06-24,57,USD
596,US,Google Search,2025-06-14,53,USD
597,US,Social Media,2024-02-21,36,USD
598,US,Influencer,2024-09-27,18,USD
599,US,Google Search,2025-02-06,41,USD
600,US,Google Search,2023-06-08,28,USD
601,US,Social Media,2025-08-05,34,USD
602,US,Direct,2025-08-10,56,USD
603,US,Social Media,2023-08-31,23,USD
604,US,Direct,2025-06-04,38,USD
605,Australia,Social Media,2023-06-16,33,AUD
606,US,Social Media,2025-03-30,32,USD
607,US,Social Media,2025-04-10,45,USD
608,US,Direct,2023-07-01,25,USD
609,US,Google Search,2025-06-21,18,USD
610,US,Email Marketing,2024-02-27,45,USD
611,US,Direct,2023-01-26,35,USD
612,US,Social Media,2023-07-03,41,USD
613,US,Social Media,2025-01-24,44,USD
614,US,Google Search,2025-08-04,19,USD
615,US,Influencer,2023-12-07,18,USD
616,US,Social Media,2025-03-12,48,USD
617,US,Social Media,2025-08-11,37,USD
618,US,Social Media,2024-02-26,48,USD
619,US,Direct,2025-04-01,37,USD
620,US,Social Media,2024-11-16,30,USD
621,US,Google Search,2025-06-03,40,USD
622,US,Google Search,2025-01-22,45,USD
623,US,Google Search,2025-04-10,35,USD
624,US,Google Search,2023-09-12,26,USD
625,US,Direct,2023-10-01,27,USD
626,US,Social Media,2023-06-13,25,USD
627,US,Google Search,2025-03-17,38,USD
628,US,Email Marketing,2024-12-19,31,USD
629,US,Google Search,2023-04-21,45,USD
630,US,Google Search,2024-01-27,34,USD
631,US,Direct,2025-06-12,29,USD
632,US,Influencer,2023-02-09,48,USD
633,US,Google Search,2025-05-29,46,USD
634,US,Direct,2024-04-26,26,USD
635,US,Google Search,2023-08-16,35,USD
636,US,Direct,2023-07-24,45,USD
637,US,Social Media,2025-04-16,30,USD
638,US,Email Marketing,2025-07-29,30,USD
639,US,Social Media,2024-04-16,59,USD
640,US,Email Marketing,2023-12-25,22,USD
641,US,Google Search,2023-11-09,34,USD
642,UK,Direct,2025-04-20,40,GBP
643,US,Social Media,2025-03-25,32,USD
644,US,Social Media,2025-06-11,46,USD
645,US,Google Search,2023-08-22,41,USD
646,US,Direct,2023-08-17,38,USD
647,US,Email Marketing,2023-01-25,37,USD
648,US,Social Media,2024-11-06,50,USD
649,US,Email Marketing,2023-07-17,18,USD
650,US,Email Marketing,2024-02-13,27,USD
651,US,Social Media,2023-12-03,45,USD
652,US,Social Media,2023-10-13,41,USD
653,US,Social Media,2025-06-04,54,USD
654,US,Direct,2023-03-13,31,USD
655,US,Email Marketing,2025-03-02,39,USD
656,US,Social Media,2023-10-13,34,USD
657,US,Social Media,2023-12-26,29,USD
658,US,Email Marketing,2024-10-18,37,USD
659,US,Email Marketing,2024-06-05,45,USD
660,US,Google Search,2024-02-14,18,USD
661,US,Social Media,2024-11-26,41,USD
662,US,Direct,2025-05-13,37,USD
663,US,Direct,2024-07-03,39,USD
664,US,Google Search,2023-12-06,32,USD
665,US,Google Search,2023-01-29,48,USD
666,US,Google Search,2023-04-29,33,USD
667,France,Social Media,2025-06-17,28,EUR
668,US,Influencer,2023-09-25,33,USD
669,US,Email Marketing,2023-07-02,41,USD
670,US,Email Marketing,2024-08-17,31,USD
671,US,Influencer,2023-09-29,23,USD
672,US,Social Media,2023-02-09,48,USD
673,US,Social Media,2023-04-22,39,USD
674,US,Social Media,2024-09-02,57,USD
675,US,Google Search,2024-03-20,44,USD
676,US,Social Media,2023-12-20,18,USD
677,US,Social Media,2025-01-16,46,USD
678,US,Social Media,2025-03-16,55,USD
679,US,Social Media,2023-11-18,35,USD
680,US,Email Marketing,2024-03-22,48,USD
681,US,Social Media,2024-09-12,46,USD
682,US,Google Search,2024-06-07,41,USD
683,US,Google Search,2023-04-29,27,USD
684,US,Direct,2024-01-30,18,USD
685,US,Google Search,2025-07-10,54,USD
686,US,Direct,2024-08-13,50,USD
687,US,Google Search,2023-07-14,32,USD
688,US,Direct,2023-09-18,24,USD
689,Australia,Direct,2023-02-15,35,AUD
690,US,Social Media,2024-12-26,55,USD
691,US,Google Search,2024-03-22,27,USD
692,US,Social Media,2023-01-02,34,USD
693,France,Social Media,2024-06-16,18,EUR
694,US,Social Media,2025-08-05,34,USD
695,US,Google Search,2025-04-05,31,USD
696,US,Google Search,2024-07-05,25,USD
697,US,Social Media,2024-12-04,33,USD
698,US,Direct,2025-01-06,43,USD
699,US,Social Media,2025-01-29,47,USD
700,US,Direct,2025-01-24,35,USD
701,Japan,Social Media,2024-11-17,26,JPY
702,US,Google Search,2023-07-21,18,USD
703,US,Direct,2024-01-08,18,USD
704,US,Influencer,2024-03-17,45,USD
705,US,Social Media,2023-03-13,29,USD
706,US,Social Media,2024-11-11,36,USD
707,US,Direct,2025-07-31,31,USD
708,US,Google Search,2023-12-05,24,USD
709,US,Google Search,2024-09-30,33,USD
710,US,Google Search,2023-11-18,35,USD
711,US,Direct,2024-11-10,21,USD
712,US,Social Media,2025-05-18,51,USD
713,US,Influencer,2023-05-08,46,USD
714,US,Social Media,2025-01-07,38,USD
715,US,Social Media,2025-07-10,21,USD
716,US,Google Search,2023-11-04,36,USD
717,US,Google Search,2024-06-03,28,USD
718,US,Google Search,2023-11-13,36,USD
719,US,Direct,2024-11-13,46,USD
720,US,Google Search,2024-02-23,40,USD
721,US,Social Media,2023-12-01,47,USD
722,US,Direct,2024-02-17,26,USD
723,US,Email Marketing,2024-12-14,33,USD
724,US,Google Search,2023-10-30,44,USD
725,US,Direct,2024-07-21,47,USD
726,US,Social Media,2023-05-11,48,USD
727,US,Social Media,2023-07-16,31,USD
728,US,Social Media,2024-03-06,44,USD
729,US,Direct,2024-11-11,28,USD
730,US,Social Media,2024-01-24,32,USD
731,US,Direct,2024-11-24,20,USD
732,UK,Google Search,2025-02-05,27,GBP
733,US,Social Media,2025-07-13,29,USD
734,US,Influencer,2023-06-28,34,USD
735,US,Social Media,2024-09-22,33,USD
736,US,Social Media,2024-08-05,30,USD
737,US,Google Search,2023-11-05,41,USD
738,US,Influencer,2024-02-20,31,USD
739,US,Email Marketing,2024-07-15,49,USD
740,UK,Social Media,2025-05-03,39,GBP
741,Australia,Google Search,2023-01-01,18,AUD
742,US,Social Media,2023-11-08,21,USD
743,US,Google Search,2023-10-21,42,USD
744,US,Social Media,2023-08-04,41,USD
745,US,Social Media,2024-03-16,32,USD
746,US,Influencer,2025-03-15,29,USD
747,US,Social Media,2024-08-16,22,USD
748,US,Direct,2024-09-13,37,USD
749,US,Google Search,2024-11-01,48,USD
750,US,Social Media,2023-11-26,58,USD
751,US,Social Media,2024-04-21,66,USD
752,US,Influencer,2024-03-28,18,USD
753,US,Direct,2024-03-28,48,USD
754,US,Direct,2024-11-22,36,USD
755,US,Direct,2023-08-07,42,USD
756,US,Social Media,2024-06-07,30,USD
757,US,Influencer,2024-04-29,48,USD
758,US,Google Search,2025-03-23,34,USD
759,US,Social Media,2025-07-11,27,USD
760,US,Google Search,2025-03-26,51,USD
761,US,Email Marketing,2025-01-23,34,USD
762,US,Direct,2023-06-23,38,USD
763,US,Influencer,2024-11-05,32,USD
764,US,Google Search,2023-03-28,33,USD
765,US,Email Marketing,2023-10-18,42,USD
766,US,Influencer,2024-06-11,18,USD
767,US,Google Search,2024-11-10,48,USD
768,US,Social Media,2024-10-10,46,USD
769,US,Google Search,2024-09-26,27,USD
770,US,Influencer,2023-12-10,45,USD
771,US,Influencer,2023-04-06,46,USD
772,US,Social Media,2025-04-18,41,USD
773,US,Email Marketing,2025-02-08,27,USD
774,US,Direct,2023-08-29,40,USD
775,US,Direct,2024-11-19,39,USD
776,US,Google Search,2023-11-14,47,USD
777,US,Google Search,2023-08-19,26,USD
778,US,Social Media,2025-04-05,33,USD
779,US,Influencer,2023-07-23,18,USD
780,US,Google Search,2023-05-31,37,USD
781,US,Direct,2023-01-26,18,USD
782,US,Social Media,2023-02-17,25,USD
783,US,Influencer,2023-09-08,44,USD
784,US,Google Search,2024-05-01,32,USD
785,US,Direct,2024-09-17,35,USD
786,US,Direct,2025-05-20,38,USD
787,US,Email Marketing,2025-02-25,18,USD
788,US,Direct,2023-03-16,37,USD
789,US,Direct,2024-04-11,44,USD
790,US,Email Marketing,2024-02-29,23,USD
791,US,Google Search,2025-06-26,39,USD
792,US,Google Search,2024-10-06,28,USD
793,US,Social Media,2024-08-12,28,USD
794,US,Social Media,2023-07-19,36,USD
795,US,Google Search,2025-01-05,31,USD
796,US,Social Media,2024-12-14,36,USD
797,US,Direct,2024-01-29,27,USD
798,US,Social Media,2024-05-21,31,USD
799,US,Social Media,2024-02-14,38,USD
800,US,Influencer,2023-09-07,37,USD
801,US,Influencer,2023-06-01,38,USD
802,US,Google Search,2024-11-02,28,USD
803,US,Direct,2024-12-05,46,USD
804,France,Direct,2023-01-06,49,EUR
805,Australia,Direct,2025-07-03,27,AUD
806,US,Direct,2025-02-07,31,USD
807,US,Google Search,2025-05-31,35,USD
808,US,Google Search,2025-02-27,42,USD
809,US,Google Search,2025-06-25,28,USD
810,US,Google Search,2023-04-20,33,USD
811,US,Email Marketing,2025-03-08,42,USD
812,US,Email Marketing,2024-03-11,21,USD
813,US,Direct,2023-08-13,18,USD
814,US,Direct,2023-06-30,44,USD
815,US,Social Media,2025-04-03,20,USD
816,US,Social Media,2024-12-13,54,USD
817,US,Social Media,2024-06-14,28,USD
818,US,Google Search,2024-04-20,33,USD
819,US,Email Marketing,2023-02-21,32,USD
820,US,Google Search,2024-07-24,23,USD
821,US,Google Search,2023-09-13,34,USD
822,Australia,Google Search,2025-07-28,31,AUD
823,US,Social Media,2025-05-18,43,USD
824,US,Influencer,2023-05-05,43,USD
825,US,Social Media,2024-04-12,43,USD
826,US,Social Media,2023-05-17,42,USD
827,US,Social Media,2025-03-31,36,USD
828,US,Google Search,2024-04-20,53,USD
829,US,Social Media,2024-11-14,36,USD
830,US,Social Media,2024-06-27,35,USD
831,US,Direct,2024-07-26,32,USD
832,US,Social Media,2024-09-01,52,USD
833,US,Social Media,2023-11-21,33,USD
834,US,Google Search,2025-02-12,18,USD
835,US,Influencer,2025-07-01,35,USD
836,Australia,Social Media,2024-03-29,37,AUD
837,US,Social Media,2024-09-19,30,USD
838,US,Direct,2025-04-14,31,USD
839,US,Social Media,2025-01-06,40,USD
840,US,Direct,2025-07-02,48,USD
841,US,Social Media,2024-05-31,32,USD
842,US,Email Marketing,2024-03-12,40,USD
843,US,Social Media,2025-04-30,24,USD
844,US,Influencer,2025-07-17,60,USD
845,US,Social Media,2024-07-15,59,USD
846,US,Social Media,2024-04-01,35,USD
847,US,Google Search,2025-07-07,18,USD
848,US,Social Media,2023-06-12,53,USD
849,US,Social Media,2025-01-31,29,USD
850,Australia,Social Media,2025-06-01,42,AUD
851,Australia,Influencer,2024-05-01,18,AUD
852,US,Google Search,2024-04-05,40,USD
853,US,Direct,2023-09-23,40,USD
854,US,Social Media,2025-02-08,35,USD
855,US,Direct,2023-09-11,43,USD
856,US,Social Media,2025-05-10,19,USD
857,US,Direct,2024-10-14,31,USD
858,US,Google Search,2023-10-11,34,USD
859,US,Social Media,2025-02-23,19,USD
860,US,Email Marketing,2025-03-07,42,USD
861,US,Social Media,2024-06-17,29,USD
862,US,Direct,2024-05-11,34,USD
863,US,Social Media,2024-10-03,43,USD
864,Japan,Social Media,2023-09-02,32,JPY
865,US,Google Search,2023-10-09,52,USD
866,US,Influencer,2024-03-26,27,USD
867,US,Google Search,2023-03-21,26,USD
868,US,Google Search,2024-12-31,44,USD
869,US,Social Media,2023-10-20,35,USD
870,US,Social Media,2023-08-29,23,USD
871,US,Social Media,2023-10-06,30,USD
872,Australia,Google Search,2023-12-10,43,AUD
873,US,Google Search,2023-11-24,54,USD
874,US,Google Search,2025-07-03,36,USD
875,US,Influencer,2024-07-07,32,USD
876,US,Google Search,2023-03-24,46,USD
877,US,Social Media,2023-05-22,19,USD
878,US,Email Marketing,2023-06-04,39,USD
879,US,Social Media,2023-08-25,18,USD
880,US,Email Marketing,2024-01-28,37,USD
881,US,Direct,2024-12-11,43,USD
882,US,Email Marketing,2023-06-06,49,USD
883,US,Social Media,2024-12-24,28,USD
884,US,Direct,2023-08-08,34,USD
885,US,Google Search,2023-03-07,26,USD
886,France,Social Media,2024-02-29,35,EUR
887,US,Social Media,2024-02-22,43,USD
888,US,Email Marketing,2023-12-05,21,USD
889,US,Social Media,2024-07-09,49,USD
890,US,Social Media,2024-04-22,23,USD
891,US,Influencer,2024-03-01,27,USD
892,US,Direct,2023-03-05,52,USD
893,US,Google Search,2023-07-31,25,USD
894,US,Google Search,2025-05-02,41,USD
895,Australia,Social Media,2024-03-06,42,AUD
896,US,Direct,2024-02-03,18,USD
897,US,Social Media,2025-07-15,58,USD
898,US,Influencer,2025-02-27,70,USD
899,US,Direct,2024-08-21,31,USD
900,US,Direct,2024-12-13,56,USD
901,US,Email Marketing,2023-01-21,45,USD
902,US,Social Media,2025-05-27,27,USD
903,US,Influencer,2025-06-20,40,USD
904,US,Google Search,2025-02-22,44,USD
905,US,Google Search,2024-08-12,21,USD
906,US,Direct,2024-01-25,30,USD
907,US,Social Media,2024-05-03,18,USD
908,US,Email Marketing,2023-01-07,30,USD
909,US,Influencer,2023-12-27,35,USD
910,US,Email Marketing,2023-11-02,27,USD
911,US,Email Marketing,2025-02-10,18,USD
912,US,Email Marketing,2024-02-04,48,USD
913,US,Social Media,2025-05-23,43,USD
914,US,Direct,2025-07-02,30,USD
915,US,Direct,2025-05-05,49,USD
916,US,Social Media,2024-03-05,38,USD
917,US,Social Media,2024-07-05,18,USD
918,US,Google Search,2025-02-04,39,USD
919,US,Social Media,2025-01-22,27,USD
920,US,Direct,2024-07-13,53,USD
921,US,Google Search,2025-03-30,21,USD
922,US,Google Search,2024-09-09,49,USD
923,US,Direct,2025-07-08,48,USD
924,US,Google Search,2023-08-14,52,USD
925,US,Social Media,2024-05-14,23,USD
926,US,Influencer,2023-08-13,23,USD
927,US,Google Search,2023-10-07,32,USD
928,US,Direct,2024-03-22,23,USD
929,US,Social Media,2024-05-12,18,USD
930,US,Google Search,2023-01-30,27,USD
931,US,Social Media,2024-02-03,37,USD
932,US,Social Media,2023-12-11,35,USD
933,US,Influencer,2024-11-15,28,USD
934,US,Direct,2024-11-26,31,USD
935,US,Social Media,2025-03-28,44,USD
936,US,Direct,2024-02-19,21,USD
937,US,Social Media,2025-01-11,47,USD
938,US,Social Media,2023-06-19,38,USD
939,US,Influencer,2025-05-10,41,USD
940,US,Google Search,2024-04-23,39,USD
941,US,Direct,2025-07-30,32,USD
942,US,Social Media,2023-05-11,34,USD
943,US,Influencer,2024-09-29,48,USD
944,US,Direct,2024-06-30,30,USD
945,France,Social Media,2023-01-28,34,EUR
946,US,Direct,2025-07-17,32,USD
947,US,Google Search,2024-02-08,29,USD
948,US,Social Media,2024-08-29,18,USD
949,US,Direct,2024-07-31,19,USD
950,US,Social Media,2024-11-09,43,USD
951,US,Email Marketing,2023-01-28,25,USD
952,US,Social Media,2023-03-27,26,USD
953,US,Google Search,2024-10-20,43,USD
954,US,Social Media,2024-03-14,52,USD
955,Australia,Email Marketing,2023-05-19,40,AUD
956,US,Google Search,2025-06-06,40,USD
957,US,Direct,2024-04-17,45,USD
958,US,Social Media,2023-07-06,45,USD
959,US,Influencer,2023-02-21,47,USD
960,US,Google Search,2023-09-24,63,USD
961,US,Direct,2024-01-24,32,USD
962,US,Social Media,2023-12-02,52,USD
963,US,Google Search,2023-08-05,58,USD
964,US,Social Media,2024-04-10,25,USD
965,US,Social Media,2023-12-01,30,USD
966,US,Google Search,2023-12-12,34,USD
967,US,Google Search,2025-02-18,29,USD
968,US,Social Media,2025-06-19,52,USD
969,US,Social Media,2024-01-24,44,USD
970,US,Direct,2023-10-12,39,USD
971,US,Social Media,2025-02-09,21,USD
972,US,Google Search,2025-05-01,25,USD
973,US,Google Search,2024-03-07,40,USD
974,US,Influencer,2023-09-16,41,USD
975,Australia,Social Media,2025-05-04,36,AUD
976,US,Email Marketing,2023-03-25,18,USD
977,US,Google Search,2024-04-26,37,USD
978,US,Email Marketing,2023-01-20,70,USD
979,US,Email Marketing,2025-02-06,40,USD
980,US,Direct,2024-07-06,42,USD
981,US,Direct,2023-02-23,41,USD
982,US,Social Media,2023-12-25,23,USD
983,US,Social Media,2023-08-18,46,USD
984,US,Social Media,2024-10-27,46,USD
985,US,Social Media,2023-03-12,26,USD
986,US,Social Media,2025-03-10,19,USD
987,US,Direct,2024-10-29,18,USD
988,US,Influencer,2023-02-11,28,USD
989,US,Google Search,2025-02-11,18,USD
990,US,Direct,2023-02-01,18,USD
991,US,Social Media,2023-09-11,18,USD
992,US,Direct,2023-07-24,35,USD
993,US,Social Media,2025-05-09,23,USD
994,US,Social Media,2023-01-21,38,USD
995,US,Social Media,2024-09-28,45,USD
996,US,Google Search,2023-06-06,32,USD
997,US,Social Media,2023-09-02,66,USD
998,US,Direct,2023-05-10,21,USD
999,US,Social Media,2024-04-29,38,USD
1000,US,Email Marketing,2024-11-16,56,USD
1001,US,Google Search,2023-04-28,48,USD
1002,US,Social Media,2024-07-31,27,USD
1003,US,Email Marketing,2023-08-12,25,USD
1004,US,Email Marketing,2024-04-21,34,USD
1005,US,Social Media,2024-12-17,45,USD
1006,France,Social Media,2023-09-20,18,EUR
1007,US,Social Media,2025-02-24,49,USD
1008,US,Influencer,2024-01-13,29,USD
1009,US,Social Media,2023-06-21,27,USD
1010,US,Social Media,2024-09-12,20,USD
1011,US,Google Search,2024-09-13,45,USD
1012,US,Social Media,2025-02-04,50,USD
1013,US,Direct,2025-01-05,32,USD
1014,US,Direct,2023-04-28,34,USD
1015,US,Social Media,2025-03-07,40,USD
1016,US,Direct,2025-04-18,52,USD
1017,US,Google Search,2023-06-17,39,USD
1018,US,Direct,2023-11-15,24,USD
1019,US,Social Media,2023-04-21,38,USD
1020,US,Direct,2024-08-15,40,USD
1021,US,Direct,2023-01-27,37,USD
1022,US,Social Media,2025-08-09,46,USD
1023,US,Direct,2023-11-16,24,USD
1024,US,Social Media,2024-08-12,27,USD
1025,US,Google Search,2024-11-24,35,USD
1026,US,Social Media,2025-07-18,45,USD
1027,US,Google Search,2024-01-20,41,USD
1028,US,Social Media,2024-02-11,47,USD
1029,US,Social Media,2025-01-02,37,USD
1030,US,Social Media,2023-07-23,41,USD
1031,US,Direct,2023-03-19,40,USD
1032,US,Direct,2024-08-29,18,USD
1033,US,Direct,2024-12-08,26,USD
1034,US,Direct,2025-04-30,41,USD
1035,US,Google Search,2024-10-04,39,USD
1036,US,Direct,2023-09-06,18,USD
1037,US,Email Marketing,2023-04-15,31,USD
1038,US,Influencer,2024-12-14,43,USD
1039,US,Email Marketing,2025-03-02,40,USD
1040,US,Social Media,2023-11-05,18,USD
1041,Japan,Social Media,2025-05-20,44,JPY
1042,US,Influencer,2024-12-01,42,USD
1043,US,Social Media,2024-09-06,22,USD
1044,US,Google Search,2025-04-04,32,USD
1045,US,Google Search,2023-05-04,47,USD
1046,US,Social Media,2025-03-26,19,USD
1047,US,Direct,2024-08-02,39,USD
1048,US,Direct,2025-03-12,48,USD
1049,US,Google Search,2023-02-12,36,USD
1050,US,Google Search,2023-12-22,35,USD
1051,US,Google Search,2024-06-29,40,USD
1052,US,Influencer,2024-03-14,18,USD
1053,US,Google Search,2024-11-08,42,USD
1054,US,Social Media,2024-01-15,45,USD
1055,US,Direct,2023-03-12,22,USD
1056,US,Social Media,2024-06-02,52,USD
1057,US,Direct,2024-10-25,47,USD
1058,US,Social Media,2023-12-16,51,USD
1059,US,Google Search,2023-01-13,41,USD
1060,US,Direct,2025-05-19,24,USD
1061,US,Social Media,2024-03-06,53,USD
1062,US,Email Marketing,2025-04-22,45,USD
1063,Australia,Google Search,2024-05-16,18,AUD
1064,US,Google Search,2023-04-19,31,USD
1065,US,Influencer,2024-03-19,56,USD
1066,US,Social Media,2024-01-06,53,USD
1067,US,Google Search,2024-10-12,37,USD
1068,US,Email Marketing,2025-07-01,25,USD
1069,US,Social Media,2025-04-28,42,USD
1070,US,Email Marketing,2024-04-15,25,USD
1071,Japan,Social Media,2024-12-25,38,JPY
1072,France,Google Search,2023-06-06,44,EUR
1073,US,Social Media,2024-03-21,28,USD
1074,France,Email Marketing,2023-06-30,32,EUR
1075,US,Influencer,2025-01-21,32,USD
1076,US,Social Media,2024-06-18,26,USD
1077,US,Google Search,2024-10-28,29,USD
1078,US,Social Media,2023-10-04,31,USD
1079,France,Direct,2024-09-22,34,EUR
1080,US,Direct,2025-04-07,40,USD
1081,US,Social Media,2025-07-30,29,USD
1082,US,Google Search,2024-07-05,30,USD
1083,US,Social Media,2025-03-04,42,USD
1084,US,Social Media,2024-05-10,28,USD
1085,US,Social Media,2024-04-21,34,USD
1086,US,Google Search,2024-03-22,24,USD
1087,US,Social Media,2025-04-25,37,USD
1088,US,Direct,2025-01-18,67,USD
1089,US,Google Search,2024-08-29,34,USD
1090,US,Email Marketing,2023-10-02,25,USD
1091,US,Google Search,2023-11-27,55,USD
1092,US,Direct,2025-05-22,31,USD
1093,US,Email Marketing,2023-09-09,39,USD
1094,US,Influencer,2025-04-30,18,USD
1095,US,Google Search,2025-08-15,34,USD
1096,US,Google Search,2023-03-30,18,USD
1097,US,Email Marketing,2023-10-13,46,USD
1098,US,Social Media,2025-06-21,30,USD
1099,US,Direct,2024-04-06,32,USD
1100,Australia,Social Media,2023-09-07,31,AUD
1101,US,Google Search,2025-02-07,61,USD
1102,US,Google Search,2024-04-20,33,USD
1103,US,Direct,2024-08-06,37,USD
1104,US,Social Media,2024-09-16,21,USD
1105,US,Social Media,2024-11-15,28,USD
1106,US,Influencer,2024-01-24,45,USD
1107,US,Social Media,2023-12-11,49,USD
1108,US,Social Media,2023-01-30,28,USD
1109,US,Email Marketing,2024-05-21,28,USD
1110,US,Social Media,2025-05-21,40,USD
1111,US,Email Marketing,2023-11-29,24,USD
1112,US,Email Marketing,2023-07-06,24,USD
1113,US,Direct,2024-05-14,27,USD
1114,US,Google Search,2023-08-06,40,USD
1115,US,Google Search,2023-12-30,23,USD
1116,US,Influencer,2025-03-27,26,USD
1117,US,Google Search,2023-09-22,27,USD
1118,US,Google Search,2023-12-15,40,USD
1119,US,Influencer,2023-10-14,28,USD
1120,US,Social Media,2025-06-20,51,USD
1121,US,Social Media,2024-09-02,36,USD
1122,US,Influencer,2024-12-19,18,USD
1123,US,Google Search,2025-06-20,18,USD
1124,US,Social Media,2023-10-10,55,USD
1125,US,Google Search,2024-07-23,28,USD
1126,US,Social Media,2023-01-11,38,USD
1127,US,Google Search,2024-06-13,29,USD
1128,US,Social Media,2023-07-15,50,USD
1129,US,Social Media,2023-03-29,43,USD
1130,US,Google Search,2023-09-05,57,USD
1131,US,Social Media,2025-01-07,36,USD
1132,US,Social Media,2024-02-21,50,USD
1133,US,Social Media,2024-05-15,36,USD
1134,US,Social Media,2024-07-22,38,USD
1135,US,Direct,2025-02-15,45,USD
1136,US,Email Marketing,2023-09-04,29,USD
1137,US,Social Media,2024-12-08,45,USD
1138,Japan,Social Media,2024-05-02,52,JPY
1139,US,Social Media,2024-10-23,18,USD
1140,US,Email Marketing,2024-12-29,30,USD
1141,US,Social Media,2024-05-17,42,USD
1142,US,Social Media,2024-04-03,32,USD
1143,US,Google Search,2025-03-22,36,USD
1144,US,Google Search,2023-01-18,18,USD
1145,US,Direct,2023-04-06,40,USD
1146,US,Email Marketing,2023-10-29,53,USD
1147,US,Social Media,2023-08-15,23,USD
1148,US,Email Marketing,2024-02-19,55,USD
1149,US,Influencer,2024-12-09,48,USD
1150,US,Social Media,2023-09-07,21,USD
1151,US,Social Media,2023-11-10,49,USD
1152,US,Direct,2024-11-10,31,USD
1153,US,Social Media,2024-08-18,18,USD
1154,US,Google Search,2024-01-13,34,USD
1155,US,Social Media,2024-04-29,45,USD
1156,US,Direct,2024-07-20,36,USD
1157,US,Influencer,2024-06-27,38,USD
1158,US,Email Marketing,2023-12-19,50,USD
1159,US,Social Media,2024-03-11,33,USD
1160,US,Google Search,2025-02-02,36,USD
1161,US,Influencer,2024-07-17,53,USD
1162,US,Direct,2023-12-05,42,USD
1163,US,Social Media,2023-12-27,38,USD
1164,US,Influencer,2024-12-20,20,USD
1165,US,Influencer,2024-04-09,18,USD
1166,US,Social Media,2023-10-05,24,USD
1167,US,Google Search,2023-11-10,41,USD
1168,US,Google Search,2023-09-15,18,USD
1169,US,Email Marketing,2023-08-25,33,USD
1170,US,Google Search,2023-05-04,50,USD
1171,US,Social Media,2025-01-08,18,USD
1172,US,Social Media,2023-07-17,18,USD
1173,US,Email Marketing,2023-11-20,30,USD
1174,US,Social Media,2023-05-03,48,USD
1175,US,Social Media,2025-01-30,37,USD
1176,US,Social Media,2024-07-02,40,USD
1177,US,Google Search,2025-02-19,40,USD
1178,France,Google Search,2024-12-07,23,EUR
1179,US,Social Media,2023-07-09,23,USD
1180,US,Influencer,2023-07-16,32,USD
1181,US,Social Media,2023-08-10,43,USD
1182,US,Email Marketing,2025-01-26,18,USD
1183,US,Direct,2024-05-10,18,USD
1184,US,Google Search,2023-10-11,26,USD
1185,US,Direct,2025-01-11,28,USD
1186,US,Social Media,2024-08-26,37,USD
1187,US,Email Marketing,2025-02-17,33,USD
1188,US,Email Marketing,2024-06-21,28,USD
1189,US,Social Media,2024-09-03,56,USD
1190,Australia,Social Media,2023-10-17,35,AUD
1191,US,Influencer,2023-04-13,37,USD
1192,US,Google Search,2025-05-02,43,USD
1193,US,Google Search,2023-07-18,26,USD
1194,US,Email Marketing,2023-10-31,56,USD
1195,US,Email Marketing,2023-08-21,49,USD
1196,US,Google Search,2024-01-05,36,USD
1197,US,Social Media,2023-07-03,34,USD
1198,US,Social Media,2023-11-06,49,USD
1199,US,Social Media,2023-01-15,33,USD
1200,US,Social Media,2024-12-26,40,USD
1201,US,Email Marketing,2024-06-30,33,USD
1202,US,Social Media,2023-05-10,41,USD
1203,Japan,Social Media,2023-10-08,54,JPY
1204,US,Social Media,2023-02-16,47,USD
1205,US,Social Media,2023-02-25,19,USD
1206,US,Google Search,2024-07-20,41,USD
1207,US,Social Media,2023-10-27,31,USD
1208,US,Email Marketing,2024-12-15,20,USD
1209,US,Google Search,2023-05-10,47,USD
1210,US,Social Media,2024-10-15,54,USD
1211,US,Email Marketing,2025-06-08,40,USD
1212,US,Google Search,2025-02-09,30,USD
1213,US,Social Media,2024-05-17,18,USD
1214,US,Google Search,2023-04-16,50,USD
1215,US,Direct,2025-06-12,33,USD
1216,US,Google Search,2023-01-13,34,USD
1217,France,Google Search,2024-08-10,46,EUR
1218,US,Influencer,2023-10-19,22,USD
1219,US,Google Search,2024-04-25,33,USD
1220,US,Email Marketing,2024-05-05,27,USD
1221,US,Social Media,2024-03-27,33,USD
1222,US,Email Marketing,2023-12-15,24,USD
1223,US,Social Media,2023-07-08,18,USD
1224,US,Google Search,2023-02-22,30,USD
1225,US,Social Media,2023-09-16,50,USD
1226,US,Social Media,2025-06-01,38,USD
1227,US,Social Media,2024-05-04,21,USD
1228,US,Social Media,2023-04-27,18,USD
1229,US,Google Search,2025-04-21,23,USD
1230,US,Social Media,2023-03-08,42,USD
1231,US,Email Marketing,2024-02-15,22,USD
1232,US,Social Media,2024-05-18,25,USD
1233,US,Email Marketing,2023-03-17,46,USD
1234,US,Social Media,2024-08-13,41,USD
1235,US,Google Search,2024-10-06,20,USD
1236,US,Influencer,2024-12-03,45,USD
1237,US,Influencer,2023-02-24,45,USD
1238,US,Social Media,2023-06-05,56,USD
1239,US,Direct,2023-06-02,18,USD
1240,US,Google Search,2025-04-10,18,USD
1241,US,Social Media,2024-07-30,37,USD
1242,US,Google Search,2023-11-08,40,USD
1243,US,Social Media,2023-03-29,23,USD
1244,US,Social Media,2023-09-12,26,USD
1245,US,Social Media,2023-05-02,45,USD
1246,US,Direct,2024-07-25,40,USD
1247,US,Direct,2025-02-21,43,USD
1248,US,Social Media,2024-03-02,56,USD
1249,US,Social Media,2024-09-12,22,USD
1250,US,Direct,2024-09-02,44,USD
1251,US,Social Media,2025-03-20,38,USD
1252,US,Social Media,2024-09-25,23,USD
1253,US,Social Media,2023-08-20,44,USD
1254,US,Google Search,2025-03-05,34,USD
1255,US,Social Media,2024-06-19,22,USD
1256,US,Social Media,2024-01-25,57,USD
1257,US,Direct,2024-04-06,37,USD
1258,US,Google Search,2025-07-19,46,USD
1259,US,Social Media,2024-03-29,18,USD
1260,US,Google Search,2023-11-01,47,USD
1261,US,Direct,2025-05-30,37,USD
1262,US,Influencer,2024-08-25,18,USD
1263,US,Direct,2024-03-15,39,USD
1264,US,Social Media,2023-11-09,36,USD
1265,US,Social Media,2024-08-05,49,USD
1266,US,Social Media,2024-09-27,52,USD
1267,US,Social Media,2023-03-03,42,USD
1268,US,Social Media,2024-09-16,58,USD
1269,US,Email Marketing,2025-01-27,37,USD
1270,US,Google Search,2023-04-12,42,USD
1271,US,Direct,2025-02-20,24,USD
1272,US,Social Media,2023-08-01,51,USD
1273,US,Email Marketing,2024-10-02,35,USD
1274,US,Social Media,2023-08-05,41,USD
1275,US,Google Search,2023-09-28,18,USD
1276,US,Social Media,2024-11-07,53,USD
1277,US,Social Media,2023-03-25,52,USD
1278,US,Influencer,2023-06-10,18,USD
1279,US,Email Marketing,2023-09-03,20,USD
1280,US,Direct,2023-06-27,22,USD
1281,US,Social Media,2024-07-19,39,USD
1282,US,Google Search,2023-03-18,23,USD
1283,US,Direct,2023-06-10,41,USD
1284,US,Direct,2023-01-03,39,USD
1285,US,Social Media,2024-02-23,60,USD
1286,US,Social Media,2024-04-06,22,USD
1287,US,Influencer,2024-12-06,34,USD
1288,US,Google Search,2024-08-31,23,USD
1289,US,Social Media,2024-04-26,37,USD
1290,US,Social Media,2023-10-26,24,USD
1291,US,Email Marketing,2023-02-03,34,USD
1292,US,Social Media,2023-08-26,27,USD
1293,US,Direct,2023-10-23,54,USD
1294,US,Direct,2024-12-24,41,USD
1295,US,Social Media,2023-10-17,41,USD
1296,US,Influencer,2024-12-20,56,USD
1297,US,Social Media,2025-05-30,22,USD
1298,US,Google Search,2024-04-09,49,USD
1299,US,Google Search,2023-03-14,43,USD
1300,US,Social Media,2024-12-04,33,USD
1301,US,Influencer,2023-08-28,27,USD
1302,US,Google Search,2025-08-04,33,USD
1303,US,Direct,2023-09-28,21,USD
1304,US,Email Marketing,2025-03-17,18,USD
1305,US,Google Search,2025-03-21,26,USD
1306,US,Social Media,2024-10-02,58,USD
1307,US,Influencer,2024-08-26,39,USD
1308,US,Google Search,2024-11-08,36,USD
1309,US,Google Search,2025-04-03,18,USD
1310,US,Google Search,2025-08-14,22,USD
1311,US,Direct,2023-07-22,60,USD
1312,US,Google Search,2024-03-11,49,USD
1313,US,Email Marketing,2023-04-28,25,USD
1314,US,Influencer,2024-07-11,35,USD
1315,US,Social Media,2023-08-19,34,USD
1316,US,Google Search,2024-10-25,34,USD
1317,US,Influencer,2023-06-02,41,USD
1318,US,Social Media,2025-07-19,52,USD
1319,US,Direct,2023-09-30,40,USD
1320,US,Influencer,2025-04-26,41,USD
1321,US,Email Marketing,2023-05-26,40,USD
1322,US,Influencer,2023-03-15,18,USD
1323,US,Google Search,2023-03-03,26,USD
1324,US,Direct,2023-06-19,30,USD
1325,US,Social Media,2025-03-22,45,USD
1326,US,Social Media,2023-11-11,37,USD
1327,US,Social Media,2024-09-01,40,USD
1328,US,Google Search,2025-02-05,40,USD
1329,US,Google Search,2025-04-24,40,USD
1330,US,Google Search,2024-08-05,48,USD
1331,US,Influencer,2025-08-01,62,USD
1332,US,Direct,2023-10-23,45,USD
1333,US,Social Media,2024-03-25,36,USD
1334,US,Google Search,2023-05-08,27,USD
1335,US,Direct,2024-04-24,33,USD
1336,US,Social Media,2024-12-06,25,USD
1337,US,Google Search,2023-11-08,33,USD
1338,US,Google Search,2024-12-17,28,USD
1339,US,Email Marketing,2024-02-17,35,USD
1340,US,Social Media,2023-10-06,20,USD
1341,US,Google Search,2024-05-27,36,USD
1342,Australia,Social Media,2024-07-06,47,AUD
1343,US,Social Media,2024-05-20,37,USD
1344,US,Social Media,2024-03-24,18,USD
1345,US,Email Marketing,2023-03-24,29,USD
1346,US,Social Media,2024-09-04,32,USD
1347,US,Google Search,2023-02-10,26,USD
1348,UK,Direct,2025-06-29,19,GBP
1349,US,Social Media,2024-03-18,46,USD
1350,US,Social Media,2025-01-22,18,USD
1351,US,Direct,2023-11-27,31,USD
1352,US,Social Media,2024-09-10,18,USD
1353,US,Social Media,2023-09-14,53,USD
1354,US,Google Search,2023-01-27,42,USD
1355,US,Social Media,2023-04-04,40,USD
1356,US,Google Search,2023-08-23,28,USD
1357,US,Influencer,2024-11-21,32,USD
1358,US,Direct,2025-05-06,30,USD
1359,Japan,Social Media,2025-05-31,35,JPY
1360,US,Google Search,2024-08-12,35,USD
1361,US,Influencer,2024-08-24,41,USD
1362,US,Direct,2023-01-22,28,USD
1363,US,Google Search,2025-02-22,40,USD
1364,US,Social Media,2024-11-19,40,USD
1365,US,Social Media,2025-04-21,50,USD
1366,US,Google Search,2023-10-03,18,USD
1367,Japan,Social Media,2024-08-13,23,JPY
1368,US,Social Media,2023-02-11,54,USD
1369,US,Email Marketing,2025-02-20,28,USD
1370,US,Google Search,2025-02-13,20,USD
1371,US,Google Search,2023-06-29,52,USD
1372,US,Google Search,2024-04-26,57,USD
1373,US,Google Search,2024-06-15,43,USD
1374,US,Google Search,2024-10-29,25,USD
1375,US,Google Search,2024-03-28,45,USD
1376,US,Direct,2025-07-27,22,USD
1377,US,Direct,2023-10-12,21,USD
1378,US,Google Search,2023-07-05,34,USD
1379,US,Google Search,2024-08-22,18,USD
1380,US,Social Media,2024-03-22,34,USD
1381,US,Influencer,2024-10-12,33,USD
1382,US,Direct,2025-04-13,19,USD
1383,US,Google Search,2024-05-18,46,USD
1384,US,Social Media,2023-04-04,35,USD
1385,US,Google Search,2024-04-26,37,USD
1386,US,Google Search,2023-12-23,45,USD
1387,US,Influencer,2024-02-23,19,USD
1388,US,Social Media,2023-12-08,38,USD
1389,US,Social Media,2023-11-25,60,USD
1390,US,Direct,2024-11-17,50,USD
1391,US,Social Media,2023-04-18,35,USD
1392,US,Social Media,2025-05-28,19,USD
1393,US,Email Marketing,2023-06-14,47,USD
1394,US,Social Media,2023-12-04,42,USD
1395,US,Email Marketing,2024-02-26,62,USD
1396,US,Direct,2024-12-11,18,USD
1397,US,Influencer,2024-05-22,23,USD
1398,US,Social Media,2023-10-23,47,USD
1399,US,Email Marketing,2024-11-09,25,USD
1400,US,Email Marketing,2024-02-15,26,USD
1401,US,Direct,2025-04-13,44,USD
1402,US,Social Media,2025-02-17,25,USD
1403,US,Social Media,2024-07-17,35,USD
1404,US,Social Media,2023-02-07,36,USD
1405,US,Direct,2024-04-10,23,USD
1406,US,Direct,2023-04-01,31,USD
1407,US,Social Media,2023-11-19,18,USD
1408,US,Direct,2023-09-16,35,USD
1409,US,Social Media,2023-11-28,18,USD
1410,US,Direct,2023-04-29,27,USD
1411,US,Google Search,2025-03-02,40,USD
1412,US,Social Media,2024-02-18,38,USD
1413,Australia,Google Search,2025-06-04,29,AUD
1414,US,Social Media,2024-06-10,32,USD
1415,US,Social Media,2025-04-24,38,USD
1416,US,Email Marketing,2023-01-02,37,USD
1417,US,Direct,2024-11-04,40,USD
1418,US,Direct,2025-06-09,25,USD
1419,US,Google Search,2024-07-09,36,USD
1420,US,Social Media,2024-04-18,61,USD
1421,US,Email Marketing,2024-02-28,49,USD
1422,US,Email Marketing,2023-02-25,19,USD
1423,US,Social Media,2023-07-12,47,USD
1424,US,Social Media,2024-06-14,45,USD
1425,US,Social Media,2024-01-06,35,USD
1426,US,Email Marketing,2024-09-29,33,USD
1427,US,Social Media,2025-02-13,37,USD
1428,US,Direct,2024-05-25,49,USD
1429,US,Direct,2024-10-02,50,USD
1430,US,Direct,2024-03-28,33,USD
1431,US,Email Marketing,2025-02-17,49,USD
1432,US,Email Marketing,2023-02-22,47,USD
1433,US,Social Media,2023-07-28,46,USD
1434,US,Influencer,2023-10-01,32,USD
1435,US,Direct,2024-07-16,24,USD
1436,US,Social Media,2023-05-15,24,USD
1437,US,Google Search,2025-08-07,40,USD
1438,US,Google Search,2023-10-22,35,USD
1439,US,Google Search,2024-03-24,47,USD
1440,US,Google Search,2025-06-20,33,USD
1441,US,Influencer,2024-12-16,32,USD
1442,US,Google Search,2024-05-11,33,USD
1443,US,Google Search,2023-05-05,27,USD
1444,US,Direct,2023-01-30,41,USD
1445,US,Google Search,2024-10-07,45,USD
1446,US,Social Media,2024-09-15,25,USD
1447,US,Influencer,2025-03-29,44,USD
1448,US,Social Media,2023-09-03,33,USD
1449,US,Google Search,2024-12-27,26,USD
1450,US,Social Media,2023-06-12,41,USD
1451,US,Influencer,2023-11-15,23,USD
1452,US,Social Media,2024-07-18,32,USD
1453,US,Direct,2023-01-15,27,USD
1454,US,Influencer,2024-07-19,38,USD
1455,US,Social Media,2024-02-22,50,USD
1456,US,Google Search,2023-04-06,29,USD
1457,US,Google Search,2023-08-19,38,USD
1458,US,Influencer,2025-05-11,34,USD
1459,US,Social Media,2025-07-23,37,USD
1460,US,Social Media,2023-04-27,35,USD
1461,US,Social Media,2024-04-17,42,USD
1462,US,Email Marketing,2023-05-01,28,USD
1463,US,Social Media,2024-10-25,25,USD
1464,US,Social Media,2025-05-02,25,USD
1465,US,Social Media,2023-06-07,18,USD
1466,US,Influencer,2024-05-25,20,USD
1467,US,Social Media,2025-08-13,33,USD
1468,US,Social Media,2025-01-03,31,USD
1469,US,Direct,2023-10-26,38,USD
1470,US,Social Media,2024-06-05,24,USD
1471,US,Social Media,2024-12-23,37,USD
1472,US,Influencer,2023-10-07,50,USD
1473,US,Email Marketing,2024-03-01,38,USD
1474,US,Google Search,2025-05-04,32,USD
1475,US,Influencer,2024-05-09,33,USD
1476,US,Social Media,2024-04-28,37,USD
1477,US,Google Search,2023-09-07,20,USD
1478,US,Social Media,2024-04-12,36,USD
1479,US,Google Search,2024-07-18,42,USD
1480,US,Social Media,2023-05-29,44,USD
1481,US,Social Media,2024-01-28,19,USD
1482,US,Social Media,2023-07-15,18,USD
1483,Australia,Influencer,2025-08-01,30,AUD
1484,US,Google Search,2024-09-05,33,USD
1485,US,Social Media,2024-06-04,30,USD
1486,UK,Google Search,2025-02-03,38,GBP
1487,US,Social Media,2025-06-19,20,USD
1488,US,Influencer,2023-05-20,40,USD
1489,US,Email Marketing,2025-06-03,49,USD
1490,US,Social Media,2023-03-13,40,USD
1491,US,Direct,2023-10-10,23,USD
1492,US,Email Marketing,2025-03-02,30,USD
1493,US,Social Media,2025-03-19,27,USD
1494,US,Direct,2025-05-24,26,USD
1495,US,Direct,2024-02-29,48,USD
1496,US,Google Search,2023-12-15,29,USD
1497,US,Social Media,2025-08-14,50,USD
1498,US,Direct,2025-03-17,21,USD
1499,US,Social Media,2024-06-03,18,USD
1500,US,Social Media,2023-10-01,42,USD
1501,US,Social Media,2025-04-20,34,USD
1502,US,Social Media,2023-01-03,32,USD
1503,US,Social Media,2023-10-17,38,USD
1504,US,Google Search,2025-01-13,54,USD
1505,US,Social Media,2023-11-02,21,USD
1506,US,Social Media,2025-05-07,18,USD
1507,Australia,Direct,2024-08-24,46,AUD
1508,US,Social Media,2024-08-16,37,USD
1509,US,Social Media,2024-11-06,38,USD
1510,US,Social Media,2024-05-16,37,USD
1511,Australia,Google Search,2025-06-05,18,AUD
1512,US,Google Search,2023-06-02,33,USD
1513,US,Email Marketing,2024-04-02,25,USD
1514,US,Google Search,2024-07-05,18,USD
1515,US,Influencer,2024-05-10,51,USD
1516,US,Email Marketing,2023-12-20,43,USD
1517,US,Social Media,2023-12-07,55,USD
1518,US,Direct,2024-07-19,23,USD
1519,US,Direct,2025-02-20,42,USD
1520,US,Social Media,2024-07-10,26,USD
1521,US,Direct,2024-01-22,18,USD
1522,France,Direct,2024-04-11,33,EUR
1523,Australia,Google Search,2025-08-13,46,AUD
1524,US,Direct,2023-11-26,34,USD
1525,US,Google Search,2025-06-09,31,USD
1526,US,Social Media,2023-07-13,30,USD
1527,France,Social Media,2024-12-15,46,EUR
1528,US,Social Media,2023-09-02,40,USD
1529,US,Direct,2024-08-08,45,USD
1530,France,Google Search,2024-01-28,44,EUR
1531,US,Direct,2023-08-28,30,USD
1532,US,Google Search,2025-05-26,25,USD
1533,US,Google Search,2025-03-05,30,USD
1534,US,Social Media,2024-02-25,45,USD
1535,US,Email Marketing,2023-02-14,31,USD
1536,US,Direct,2023-11-22,19,USD
1537,US,Direct,2025-02-01,28,USD
1538,US,Social Media,2024-04-29,27,USD
1539,US,Email Marketing,2024-12-23,26,USD
1540,Australia,Direct,2025-07-24,57,AUD
1541,US,Google Search,2025-04-10,27,USD
1542,US,Google Search,2024-01-26,39,USD
1543,US,Direct,2024-01-31,30,USD
1544,US,Influencer,2024-11-10,21,USD
1545,US,Influencer,2025-03-22,41,USD
1546,US,Direct,2025-04-20,52,USD
1547,US,Direct,2024-10-29,70,USD
1548,US,Google Search,2023-06-05,21,USD
1549,US,Email Marketing,2024-05-22,58,USD
1550,US,Social Media,2023-02-07,25,USD
1551,US,Social Media,2023-05-10,18,USD
1552,US,Social Media,2024-05-29,35,USD
1553,US,Social Media,2024-08-27,54,USD
1554,US,Social Media,2023-12-06,39,USD
1555,France,Google Search,2025-06-09,18,EUR
1556,US,Google Search,2023-04-13,42,USD
1557,US,Social Media,2025-06-14,29,USD
1558,US,Google Search,2025-05-15,42,USD
1559,US,Social Media,2024-03-26,23,USD
1560,US,Social Media,2023-04-13,37,USD
1561,US,Social Media,2024-06-22,34,USD
1562,US,Social Media,2025-07-21,28,USD
1563,US,Social Media,2024-04-12,61,USD
1564,US,Social Media,2023-01-16,18,USD
1565,US,Social Media,2025-01-09,25,USD
1566,US,Influencer,2023-05-28,31,USD
1567,France,Email Marketing,2024-02-24,54,EUR
1568,US,Direct,2025-06-10,44,USD
1569,US,Google Search,2024-11-01,25,USD
1570,US,Influencer,2023-06-08,46,USD
1571,US,Google Search,2023-03-18,37,USD
1572,US,Social Media,2024-04-25,44,USD
1573,US,Email Marketing,2025-03-11,43,USD
1574,US,Social Media,2023-09-29,68,USD
1575,Australia,Google Search,2023-12-13,26,AUD
1576,US,Influencer,2024-09-30,37,USD
1577,US,Social Media,2024-12-10,52,USD
1578,US,Email Marketing,2024-02-12,40,USD
1579,US,Email Marketing,2024-10-27,23,USD
1580,US,Social Media,2023-03-24,38,USD
1581,US,Direct,2025-05-22,20,USD
1582,US,Direct,2023-12-03,47,USD
1583,US,Social Media,2025-05-22,29,USD
1584,US,Google Search,2024-11-21,36,USD
1585,US,Influencer,2025-05-29,30,USD
1586,US,Direct,2024-06-30,31,USD
1587,US,Google Search,2024-01-25,50,USD
1588,US,Social Media,2023-11-21,32,USD
1589,US,Influencer,2024-10-03,48,USD
1590,US,Influencer,2025-01-05,30,USD
1591,US,Influencer,2025-06-27,21,USD
1592,US,Social Media,2025-02-16,52,USD
1593,US,Direct,2024-05-14,42,USD
1594,US,Social Media,2025-06-12,27,USD
1595,US,Social Media,2024-07-08,51,USD
1596,France,Google Search,2023-02-06,45,EUR
1597,US,Google Search,2024-09-24,32,USD
1598,US,Social Media,2023-03-12,37,USD
1599,US,Direct,2023-08-29,53,USD
1600,US,Direct,2024-10-08,18,USD
1601,US,Social Media,2024-12-01,32,USD
1602,US,Google Search,2025-08-01,18,USD
1603,US,Social Media,2023-10-22,46,USD
1604,US,Google Search,2023-08-21,37,USD
1605,US,Google Search,2025-02-03,26,USD
1606,US,Social Media,2023-04-03,54,USD
1607,US,Direct,2024-03-20,33,USD
1608,France,Google Search,2023-04-11,30,EUR
1609,US,Influencer,2025-02-17,42,USD
1610,US,Email Marketing,2024-10-10,54,USD
1611,US,Google Search,2024-12-21,39,USD
1612,US,Social Media,2025-06-12,33,USD
1613,US,Google Search,2023-04-13,36,USD
1614,US,Email Marketing,2024-03-30,26,USD
1615,US,Email Marketing,2023-06-20,27,USD
1616,France,Google Search,2024-12-11,36,EUR
1617,US,Google Search,2023-11-03,29,USD
1618,US,Social Media,2025-07-14,44,USD
1619,US,Direct,2023-01-30,18,USD
1620,US,Social Media,2023-02-17,33,USD
1621,US,Social Media,2023-11-29,34,USD
1622,US,Email Marketing,2025-03-26,38,USD
1623,US,Direct,2023-02-27,38,USD
1624,US,Social Media,2023-10-28,28,USD
1625,US,Social Media,2024-01-03,29,USD
1626,US,Direct,2024-01-19,39,USD
1627,US,Social Media,2024-03-17,39,USD
1628,US,Google Search,2023-05-30,38,USD
1629,US,Google Search,2023-09-08,48,USD
1630,US,Influencer,2024-06-27,18,USD
1631,US,Google Search,2024-02-26,37,USD
1632,US,Social Media,2024-08-02,21,USD
1633,US,Influencer,2024-11-29,36,USD
1634,US,Social Media,2025-03-22,27,USD
1635,US,Google Search,2023-07-04,24,USD
1636,US,Social Media,2023-06-24,21,USD
1637,France,Influencer,2023-06-29,44,EUR
1638,US,Social Media,2023-03-22,18,USD
1639,US,Influencer,2024-09-16,35,USD
1640,US,Social Media,2025-06-10,41,USD
1641,US,Direct,2024-01-27,38,USD
1642,US,Google Search,2024-09-26,18,USD
1643,US,Influencer,2024-11-30,34,USD
1644,US,Social Media,2023-09-04,49,USD
1645,US,Direct,2024-05-24,38,USD
1646,US,Google Search,2025-07-23,35,USD
1647,US,Social Media,2024-08-20,18,USD
1648,US,Direct,2023-05-27,20,USD
1649,US,Direct,2023-08-26,18,USD
1650,US,Social Media,2024-04-17,45,USD
1651,US,Google Search,2024-10-15,36,USD
1652,US,Influencer,2023-09-18,61,USD
1653,US,Email Marketing,2024-04-15,37,USD
1654,US,Google Search,2023-09-19,21,USD
1655,US,Google Search,2024-11-13,33,USD
1656,US,Email Marketing,2023-01-10,24,USD
1657,US,Influencer,2025-07-09,44,USD
1658,France,Google Search,2025-04-03,31,EUR
1659,US,Google Search,2024-04-21,21,USD
1660,US,Social Media,2025-07-11,46,USD
1661,US,Google Search,2023-10-22,18,USD
1662,US,Social Media,2024-11-24,22,USD
1663,US,Social Media,2024-07-13,34,USD
1664,US,Google Search,2023-06-11,39,USD
1665,UK,Social Media,2023-03-17,48,GBP
1666,US,Social Media,2024-03-28,46,USD
1667,US,Social Media,2023-12-20,53,USD
1668,US,Email Marketing,2024-08-24,42,USD
1669,US,Email Marketing,2023-11-03,18,USD
1670,US,Influencer,2024-10-16,32,USD
1671,US,Social Media,2024-03-10,49,USD
1672,US,Social Media,2024-12-07,18,USD
1673,US,Social Media,2023-09-14,29,USD
1674,US,Social Media,2024-04-12,18,USD
1675,US,Google Search,2025-05-15,27,USD
1676,US,Social Media,2023-11-06,43,USD
1677,US,Google Search,2023-07-23,40,USD
1678,US,Google Search,2024-01-29,39,USD
1679,US,Social Media,2025-05-23,36,USD
1680,US,Google Search,2024-05-09,30,USD
1681,US,Direct,2023-04-20,25,USD
1682,US,Social Media,2023-08-31,47,USD
1683,US,Direct,2024-01-26,43,USD
1684,US,Influencer,2024-08-08,21,USD
1685,US,Direct,2024-01-03,18,USD
1686,US,Social Media,2024-08-11,41,USD
1687,US,Email Marketing,2023-10-30,58,USD
1688,US,Social Media,2024-12-17,47,USD
1689,US,Google Search,2023-10-30,23,USD
1690,US,Social Media,2023-01-23,28,USD
1691,US,Google Search,2025-04-29,39,USD
1692,US,Direct,2024-11-05,43,USD
1693,US,Direct,2024-02-10,38,USD
1694,US,Google Search,2023-10-09,25,USD
1695,US,Google Search,2023-01-09,28,USD
1696,US,Social Media,2024-08-02,35,USD
1697,US,Social Media,2025-06-04,21,USD
1698,US,Direct,2024-12-03,36,USD
1699,US,Social Media,2025-03-07,18,USD
1700,US,Direct,2025-02-01,59,USD
1701,US,Email Marketing,2023-02-20,26,USD
1702,US,Social Media,2025-07-21,37,USD
1703,US,Social Media,2024-09-12,26,USD
1704,US,Direct,2025-02-02,18,USD
1705,US,Direct,2024-05-23,38,USD
1706,US,Direct,2025-05-02,28,USD
1707,US,Influencer,2025-07-14,24,USD
1708,US,Social Media,2025-07-13,23,USD
1709,US,Direct,2023-10-21,40,USD
1710,US,Social Media,2025-03-05,47,USD
1711,US,Influencer,2025-03-29,33,USD
1712,US,Google Search,2023-08-24,45,USD
1713,US,Direct,2024-09-13,26,USD
1714,US,Google Search,2025-04-01,34,USD
1715,US,Direct,2023-12-27,38,USD
1716,US,Influencer,2023-08-13,18,USD
1717,US,Google Search,2024-10-13,51,USD
1718,US,Direct,2023-07-14,21,USD
1719,US,Social Media,2024-09-27,39,USD
1720,US,Google Search,2023-09-14,24,USD
1721,US,Email Marketing,2024-11-25,18,USD
1722,US,Direct,2025-02-12,18,USD
1723,US,Social Media,2025-01-08,49,USD
1724,US,Social Media,2025-02-24,31,USD
1725,US,Social Media,2024-11-06,41,USD
1726,US,Email Marketing,2024-11-28,43,USD
1727,US,Social Media,2025-05-08,24,USD
1728,US,Google Search,2023-05-21,36,USD
1729,US,Social Media,2024-10-05,48,USD
1730,US,Social Media,2023-04-10,38,USD
1731,US,Email Marketing,2025-07-14,21,USD
1732,US,Social Media,2024-10-04,19,USD
1733,US,Direct,2024-10-23,49,USD
1734,US,Direct,2023-02-10,57,USD
1735,US,Google Search,2023-11-13,45,USD
1736,Australia,Direct,2025-03-18,40,AUD
1737,US,Social Media,2024-03-27,38,USD
1738,US,Direct,2023-02-04,50,USD
1739,US,Email Marketing,2024-08-16,29,USD
1740,US,Social Media,2024-01-09,44,USD
1741,Australia,Social Media,2025-01-19,20,AUD
1742,US,Social Media,2023-05-15,38,USD
1743,US,Google Search,2023-04-03,40,USD
1744,US,Influencer,2025-07-20,28,USD
1745,US,Direct,2023-10-30,27,USD
1746,US,Google Search,2023-12-01,29,USD
1747,US,Social Media,2025-02-04,18,USD
1748,UK,Social Media,2024-03-01,20,GBP
1749,US,Google Search,2023-06-29,18,USD
1750,US,Social Media,2023-07-25,39,USD
1751,US,Social Media,2023-05-16,43,USD
1752,US,Influencer,2025-03-16,38,USD
1753,US,Influencer,2024-07-06,20,USD
1754,US,Social Media,2025-06-16,47,USD
1755,US,Social Media,2024-01-10,32,USD
1756,US,Social Media,2024-06-27,24,USD
1757,US,Direct,2024-05-28,29,USD
1758,US,Google Search,2025-07-24,47,USD
1759,US,Direct,2023-10-07,18,USD
1760,US,Google Search,2025-04-30,44,USD
1761,US,Google Search,2023-06-18,41,USD
1762,US,Influencer,2023-09-21,24,USD
1763,UK,Direct,2025-07-24,43,GBP
1764,US,Direct,2025-04-24,27,USD
1765,US,Google Search,2024-05-08,22,USD
1766,US,Social Media,2025-04-05,58,USD
1767,US,Influencer,2023-10-30,39,USD
1768,US,Social Media,2025-02-03,42,USD
1769,US,Influencer,2025-06-10,51,USD
1770,US,Direct,2023-12-13,45,USD
1771,US,Google Search,2025-04-03,22,USD
1772,US,Social Media,2023-04-28,39,USD
1773,US,Google Search,2024-04-24,24,USD
1774,US,Influencer,2023-03-19,37,USD
1775,US,Email Marketing,2023-05-25,45,USD
1776,France,Influencer,2025-02-11,20,EUR
1777,US,Direct,2023-08-20,27,USD
1778,US,Email Marketing,2025-05-30,31,USD
1779,US,Social Media,2024-11-23,20,USD
1780,US,Influencer,2025-01-11,56,USD
1781,US,Social Media,2024-11-21,37,USD
1782,US,Google Search,2024-02-11,23,USD
1783,US,Google Search,2025-05-16,47,USD
1784,US,Google Search,2025-04-03,46,USD
1785,US,Social Media,2024-07-24,41,USD
1786,Japan,Google Search,2024-01-10,18,JPY
1787,US,Google Search,2023-04-03,40,USD
1788,US,Google Search,2025-03-20,50,USD
1789,US,Direct,2024-02-09,21,USD
1790,US,Social Media,2023-01-15,31,USD
1791,US,Social Media,2023-09-28,43,USD
1792,US,Google Search,2024-07-03,24,USD
1793,US,Influencer,2023-05-07,52,USD
1794,US,Social Media,2024-04-10,28,USD
1795,US,Google Search,2024-01-13,48,USD
1796,US,Google Search,2024-11-19,18,USD
1797,US,Google Search,2025-02-05,24,USD
1798,US,Google Search,2024-11-19,44,USD
1799,US,Social Media,2023-09-26,48,USD
1800,US,Social Media,2024-08-21,40,USD
1801,US,Direct,2024-01-26,26,USD
1802,US,Direct,2025-04-22,18,USD
1803,US,Influencer,2024-10-15,18,USD
1804,US,Influencer,2024-01-16,18,USD
1805,US,Google Search,2023-04-21,42,USD
1806,US,Social Media,2024-11-22,54,USD
1807,US,Social Media,2023-08-28,32,USD
1808,Australia,Google Search,2024-04-27,42,AUD
1809,US,Google Search,2023-01-26,31,USD
1810,US,Direct,2024-09-26,23,USD
1811,US,Direct,2025-06-24,28,USD
1812,US,Influencer,2024-07-28,29,USD
1813,US,Google Search,2023-12-02,24,USD
1814,UK,Direct,2025-07-26,35,GBP
1815,US,Google Search,2024-09-16,40,USD
1816,US,Direct,2023-08-15,22,USD
1817,US,Direct,2024-10-25,45,USD
1818,US,Social Media,2023-03-06,38,USD
1819,US,Influencer,2024-10-12,52,USD
1820,US,Social Media,2025-04-23,26,USD
1821,US,Social Media,2024-04-20,18,USD
1822,US,Email Marketing,2025-07-20,29,USD
1823,France,Social Media,2024-12-18,46,EUR
1824,US,Social Media,2023-11-06,41,USD
1825,US,Direct,2024-10-26,36,USD
1826,US,Google Search,2024-02-23,29,USD
1827,US,Email Marketing,2023-04-30,41,USD
1828,US,Direct,2023-05-24,33,USD
1829,US,Email Marketing,2023-02-16,27,USD
1830,US,Email Marketing,2023-02-08,42,USD
1831,US,Influencer,2023-11-08,63,USD
1832,US,Social Media,2024-05-19,49,USD
1833,Australia,Social Media,2023-04-29,43,AUD
1834,US,Email Marketing,2023-04-10,36,USD
1835,US,Google Search,2023-08-29,34,USD
1836,US,Direct,2025-06-27,18,USD
1837,US,Direct,2024-07-04,20,USD
1838,US,Social Media,2023-05-19,34,USD
1839,US,Direct,2024-02-02,25,USD
1840,US,Social Media,2024-04-09,35,USD
1841,US,Email Marketing,2024-01-15,35,USD
1842,US,Direct,2024-11-17,39,USD
1843,US,Google Search,2025-01-30,24,USD
1844,US,Email Marketing,2024-12-14,36,USD
1845,US,Social Media,2024-07-07,32,USD
1846,US,Social Media,2024-03-05,30,USD
1847,US,Social Media,2024-08-24,18,USD
1848,US,Social Media,2025-01-30,50,USD
1849,US,Social Media,2025-01-14,43,USD
1850,US,Email Marketing,2023-06-08,39,USD
1851,US,Social Media,2025-06-25,20,USD
1852,US,Direct,2024-02-29,31,USD
1853,US,Google Search,2024-11-01,42,USD
1854,US,Google Search,2023-04-12,35,USD
1855,US,Google Search,2025-05-03,21,USD
1856,US,Email Marketing,2024-05-16,18,USD
1857,US,Social Media,2024-09-22,68,USD
1858,US,Direct,2024-02-22,31,USD
1859,US,Social Media,2023-10-14,31,USD
1860,US,Social Media,2023-02-03,30,USD
1861,US,Google Search,2024-12-07,40,USD
1862,US,Google Search,2024-01-15,18,USD
1863,US,Influencer,2023-08-11,18,USD
1864,US,Google Search,2024-03-30,26,USD
1865,US,Social Media,2024-03-31,52,USD
1866,US,Google Search,2023-08-30,29,USD
1867,US,Direct,2025-05-25,38,USD
1868,US,Direct,2024-01-07,32,USD
1869,US,Influencer,2023-04-12,33,USD
1870,US,Social Media,2024-12-03,32,USD
1871,US,Influencer,2024-01-12,34,USD
1872,US,Google Search,2024-07-11,37,USD
1873,US,Direct,2025-07-12,45,USD
1874,US,Social Media,2024-10-22,20,USD
1875,US,Influencer,2024-01-03,42,USD
1876,US,Social Media,2023-03-04,42,USD
1877,US,Social Media,2024-02-12,51,USD
1878,US,Social Media,2023-10-10,27,USD
1879,US,Social Media,2023-07-14,43,USD
1880,US,Email Marketing,2023-05-06,33,USD
1881,US,Google Search,2025-05-18,28,USD
1882,US,Google Search,2025-04-23,40,USD
1883,US,Influencer,2024-04-10,49,USD
1884,US,Social Media,2023-04-04,63,USD
1885,US,Social Media,2024-11-09,45,USD
1886,US,Email Marketing,2023-08-06,46,USD
1887,US,Social Media,2024-10-19,26,USD
1888,US,Google Search,2024-10-16,18,USD
1889,US,Influencer,2024-09-03,36,USD
1890,US,Email Marketing,2023-01-22,28,USD
1891,US,Google Search,2023-02-21,20,USD
1892,US,Social Media,2025-03-16,37,USD
1893,US,Social Media,2023-12-08,26,USD
1894,US,Social Media,2023-09-07,46,USD
1895,US,Direct,2023-05-09,24,USD
1896,US,Email Marketing,2025-03-16,40,USD
1897,US,Social Media,2024-08-01,25,USD
1898,US,Direct,2023-07-30,54,USD
1899,US,Influencer,2023-03-12,25,USD
1900,US,Social Media,2025-04-29,20,USD
1901,US,Social Media,2025-02-22,18,USD
1902,US,Email Marketing,2024-07-21,21,USD
1903,US,Google Search,2023-08-01,22,USD
1904,US,Direct,2024-08-23,30,USD
1905,US,Google Search,2023-08-10,38,USD
1906,US,Influencer,2025-04-12,25,USD
1907,US,Google Search,2025-06-09,44,USD
1908,US,Social Media,2023-08-27,36,USD
1909,US,Email Marketing,2023-12-03,51,USD
1910,US,Email Marketing,2025-03-03,50,USD
1911,US,Social Media,2023-06-01,54,USD
1912,US,Direct,2025-03-18,38,USD
1913,US,Direct,2025-07-11,29,USD
1914,US,Social Media,2024-09-02,37,USD
1915,US,Social Media,2023-01-03,48,USD
1916,US,Direct,2023-10-11,18,USD
1917,US,Social Media,2025-05-29,35,USD
1918,UK,Social Media,2023-05-29,49,GBP
1919,US,Direct,2023-05-14,42,USD
1920,US,Google Search,2024-07-07,32,USD
1921,US,Direct,2023-09-14,26,USD
1922,US,Social Media,2025-03-28,18,USD
1923,US,Google Search,2023-06-28,44,USD
1924,US,Google Search,2023-04-23,46,USD
1925,US,Google Search,2024-11-07,34,USD
1926,US,Google Search,2025-06-06,41,USD
1927,Australia,Social Media,2023-01-27,27,AUD
1928,US,Social Media,2023-05-15,32,USD
1929,US,Google Search,2023-01-16,53,USD
1930,US,Google Search,2024-01-02,34,USD
1931,US,Google Search,2025-03-19,51,USD
1932,US,Google Search,2025-03-18,36,USD
1933,US,Social Media,2023-09-01,38,USD
1934,US,Google Search,2024-08-25,33,USD
1935,US,Social Media,2023-11-28,37,USD
1936,US,Google Search,2023-01-17,63,USD
1937,US,Social Media,2023-06-28,33,USD
1938,US,Social Media,2023-09-29,41,USD
1939,US,Direct,2023-02-23,43,USD
1940,US,Direct,2023-05-10,70,USD
1941,US,Social Media,2025-01-29,18,USD
1942,US,Direct,2024-03-07,31,USD
1943,US,Email Marketing,2024-06-22,26,USD
1944,US,Influencer,2023-04-27,33,USD
1945,US,Direct,2025-02-02,35,USD
1946,US,Google Search,2023-03-07,32,USD
1947,US,Influencer,2024-05-02,18,USD
1948,US,Direct,2024-04-04,59,USD
1949,US,Google Search,2025-03-07,32,USD
1950,US,Google Search,2024-01-06,18,USD
1951,US,Social Media,2024-06-09,50,USD
1952,US,Social Media,2024-08-30,35,USD
1953,US,Influencer,2023-04-22,43,USD
1954,France,Email Marketing,2024-04-07,41,EUR
1955,US,Google Search,2024-05-30,61,USD
1956,US,Direct,2023-08-15,26,USD
1957,US,Google Search,2024-09-21,32,USD
1958,US,Direct,2023-02-14,25,USD
1959,Japan,Social Media,2025-01-14,18,JPY
1960,US,Email Marketing,2025-03-13,34,USD
1961,US,Email Marketing,2025-07-19,39,USD
1962,US,Email Marketing,2025-06-06,31,USD
1963,US,Social Media,2024-11-05,43,USD
1964,US,Google Search,2024-06-17,35,USD
1965,US,Google Search,2023-11-05,30,USD
1966,US,Influencer,2024-04-14,18,USD
1967,US,Google Search,2024-10-20,34,USD
1968,US,Social Media,2023-02-01,38,USD
1969,US,Social Media,2023-03-04,42,USD
1970,US,Influencer,2024-05-05,18,USD
1971,US,Google Search,2025-05-17,39,USD
1972,US,Social Media,2024-02-16,52,USD
1973,US,Google Search,2024-03-12,46,USD
1974,France,Google Search,2024-12-03,62,EUR
1975,US,Google Search,2023-04-21,18,USD
1976,US,Social Media,2024-05-17,26,USD
1977,US,Google Search,2024-12-30,33,USD
1978,US,Direct,2025-07-20,30,USD
1979,US,Social Media,2024-03-30,25,USD
1980,US,Direct,2023-03-17,35,USD
1981,US,Email Marketing,2025-07-09,37,USD
1982,US,Influencer,2023-03-24,35,USD
1983,US,Social Media,2023-11-26,22,USD
1984,US,Google Search,2024-09-14,35,USD
1985,US,Social Media,2023-06-01,34,USD
1986,Australia,Google Search,2023-03-09,18,AUD
1987,US,Direct,2023-05-10,18,USD
1988,US,Social Media,2023-10-09,44,USD
1989,France,Social Media,2024-10-01,31,EUR
1990,US,Direct,2024-10-10,34,USD
1991,US,Social Media,2024-08-22,31,USD
1992,US,Email Marketing,2024-07-15,34,USD
1993,US,Influencer,2024-12-30,40,USD
1994,US,Direct,2023-11-29,45,USD
1995,US,Direct,2024-01-26,18,USD
1996,US,Direct,2024-09-03,35,USD
1997,UK,Social Media,2024-06-27,26,GBP
1998,US,Social Media,2023-10-29,27,USD
1999,US,Influencer,2024-04-09,47,USD
2000,US,Influencer,2024-06-01,30,USD
2001,US,Social Media,2024-09-11,33,USD
2002,US,Email Marketing,2024-03-16,32,USD
2003,US,Direct,2023-04-12,41,USD
2004,France,Social Media,2025-03-23,28,EUR
2005,US,Social Media,2024-12-19,36,USD
2006,US,Google Search,2023-04-28,70,USD
2007,US,Google Search,2025-05-23,33,USD
2008,US,Direct,2024-11-01,35,USD
2009,US,Social Media,2024-10-28,25,USD
2010,US,Google Search,2025-06-17,21,USD
2011,US,Google Search,2025-02-26,41,USD
2012,US,Google Search,2024-07-18,56,USD
2013,US,Social Media,2025-01-08,37,USD
2014,US,Social Media,2025-06-05,29,USD
2015,US,Google Search,2023-08-09,30,USD
2016,US,Google Search,2024-03-16,37,USD
2017,US,Social Media,2024-04-07,41,USD
2018,US,Social Media,2025-06-28,27,USD
2019,US,Email Marketing,2023-08-22,24,USD
2020,US,Social Media,2024-02-28,46,USD
2021,US,Google Search,2023-12-14,63,USD
2022,US,Email Marketing,2025-04-27,44,USD
2023,US,Social Media,2024-04-09,36,USD
2024,US,Social Media,2024-02-13,22,USD
2025,US,Direct,2024-03-01,38,USD
2026,US,Google Search,2025-01-17,28,USD
2027,US,Direct,2023-04-08,32,USD
2028,US,Google Search,2023-11-17,23,USD
2029,US,Social Media,2024-03-13,42,USD
2030,US,Direct,2023-11-17,46,USD
2031,US,Social Media,2024-11-12,38,USD
2032,US,Social Media,2023-09-19,59,USD
2033,US,Google Search,2024-01-19,33,USD
2034,US,Direct,2023-06-06,24,USD
2035,US,Email Marketing,2024-12-04,27,USD
2036,US,Email Marketing,2025-08-03,18,USD
2037,US,Email Marketing,2024-04-30,23,USD
2038,US,Google Search,2023-03-10,28,USD
2039,US,Social Media,2023-04-04,30,USD
2040,US,Google Search,2025-05-01,26,USD
2041,US,Direct,2023-03-29,38,USD
2042,US,Direct,2023-04-06,40,USD
2043,US,Social Media,2024-03-18,48,USD
2044,US,Social Media,2023-04-09,28,USD
2045,US,Email Marketing,2025-02-01,18,USD
2046,US,Google Search,2025-01-26,43,USD
2047,US,Social Media,2024-01-17,30,USD
2048,US,Social Media,2025-04-11,44,USD
2049,US,Google Search,2023-05-14,25,USD
2050,US,Social Media,2024-07-23,35,USD
2051,US,Email Marketing,2023-03-03,54,USD
2052,US,Google Search,2024-08-23,39,USD
2053,US,Social Media,2024-07-29,53,USD
2054,US,Social Media,2024-07-29,40,USD
2055,US,Email Marketing,2023-12-04,35,USD
2056,US,Influencer,2024-11-17,44,USD
2057,US,Social Media,2023-05-06,45,USD
2058,US,Google Search,2024-02-25,41,USD
2059,US,Google Search,2023-12-29,25,USD
2060,US,Social Media,2025-06-13,23,USD
2061,US,Google Search,2024-11-12,25,USD
2062,US,Social Media,2025-02-07,37,USD
2063,Australia,Email Marketing,2024-03-09,18,AUD
2064,US,Social Media,2025-06-07,32,USD
2065,US,Google Search,2025-07-26,48,USD
2066,US,Influencer,2025-01-08,37,USD
2067,US,Social Media,2023-02-22,40,USD
2068,US,Social Media,2023-10-22,18,USD
2069,US,Google Search,2024-09-06,38,USD
2070,Japan,Social Media,2023-11-16,49,JPY
2071,US,Social Media,2023-12-27,28,USD
2072,US,Influencer,2023-04-17,25,USD
2073,France,Social Media,2024-08-14,30,EUR
2074,US,Email Marketing,2024-06-03,44,USD
2075,US,Social Media,2023-08-06,18,USD
2076,US,Google Search,2023-06-08,28,USD
2077,UK,Social Media,2024-11-03,31,GBP
2078,US,Social Media,2024-05-08,18,USD
2079,US,Email Marketing,2023-08-18,37,USD
2080,US,Social Media,2025-05-17,48,USD
2081,US,Social Media,2023-04-21,18,USD
2082,Australia,Social Media,2023-12-25,31,AUD
2083,US,Google Search,2025-05-15,32,USD
2084,US,Direct,2024-07-23,18,USD
2085,US,Google Search,2024-01-12,20,USD
2086,US,Social Media,2023-04-28,21,USD
2087,US,Direct,2025-02-19,21,USD
2088,US,Influencer,2023-10-13,34,USD
2089,US,Direct,2024-08-10,65,USD
2090,France,Influencer,2023-08-20,18,EUR
2091,US,Email Marketing,2025-04-06,27,USD
2092,US,Google Search,2024-03-15,27,USD
2093,US,Social Media,2025-05-15,45,USD
2094,US,Social Media,2024-07-28,35,USD
2095,US,Direct,2025-02-24,19,USD
2096,US,Social Media,2025-04-18,18,USD
2097,US,Influencer,2024-09-28,36,USD
2098,US,Social Media,2024-09-20,36,USD
2099,US,Social Media,2024-11-22,37,USD
2100,US,Influencer,2024-10-20,43,USD
2101,Australia,Social Media,2024-07-24,18,AUD
2102,US,Social Media,2023-01-27,38,USD
2103,US,Influencer,2024-09-15,24,USD
2104,US,Social Media,2025-08-09,35,USD
2105,US,Google Search,2024-11-04,28,USD
2106,US,Social Media,2025-04-29,28,USD
2107,US,Social Media,2024-12-11,30,USD
2108,US,Influencer,2023-10-01,18,USD
2109,US,Google Search,2023-01-30,35,USD
2110,US,Influencer,2023-07-04,20,USD
2111,US,Google Search,2023-10-07,46,USD
2112,US,Social Media,2024-12-20,34,USD
2113,US,Google Search,2025-02-19,26,USD
2114,US,Direct,2023-11-13,27,USD
2115,US,Social Media,2025-08-01,43,USD
2116,US,Google Search,2023-12-14,27,USD
2117,US,Influencer,2023-12-26,27,USD
2118,US,Social Media,2023-01-07,27,USD
2119,US,Influencer,2023-07-05,18,USD
2120,US,Social Media,2025-06-09,56,USD
2121,US,Google Search,2023-05-27,29,USD
2122,US,Direct,2024-08-02,36,USD
2123,US,Direct,2024-11-04,27,USD
2124,US,Social Media,2024-02-15,31,USD
2125,US,Google Search,2023-03-13,48,USD
2126,US,Social Media,2023-05-26,26,USD
2127,US,Email Marketing,2025-01-28,31,USD
2128,US,Direct,2024-10-10,36,USD
2129,US,Social Media,2023-02-01,32,USD
2130,US,Social Media,2023-04-04,54,USD
2131,US,Google Search,2025-02-03,58,USD
2132,US,Influencer,2024-06-27,40,USD
2133,US,Google Search,2023-08-09,36,USD
2134,US,Social Media,2024-01-21,40,USD
2135,US,Google Search,2024-03-05,30,USD
2136,US,Direct,2024-04-09,59,USD
2137,US,Google Search,2023-12-16,18,USD
2138,US,Email Marketing,2023-06-11,54,USD
2139,US,Social Media,2024-01-14,36,USD
2140,US,Email Marketing,2023-11-16,18,USD
2141,US,Social Media,2025-01-08,22,USD
2142,US,Social Media,2023-11-29,18,USD
2143,US,Social Media,2025-03-06,32,USD
2144,US,Google Search,2024-08-04,33,USD
2145,US,Influencer,2024-09-02,49,USD
2146,US,Social Media,2023-03-28,18,USD
2147,US,Direct,2025-06-23,20,USD
2148,US,Social Media,2023-02-23,18,USD
2149,US,Social Media,2023-06-09,44,USD
2150,US,Social Media,2023-06-11,27,USD
2151,US,Email Marketing,2025-02-11,32,USD
2152,US,Direct,2024-09-24,33,USD
2153,US,Email Marketing,2023-02-20,33,USD
2154,US,Influencer,2024-11-21,65,USD
2155,US,Social Media,2023-03-25,20,USD
2156,US,Google Search,2023-10-06,46,USD
2157,US,Email Marketing,2024-03-29,30,USD
2158,US,Direct,2024-11-08,18,USD
2159,US,Google Search,2024-03-10,23,USD
2160,US,Google Search,2024-05-12,39,USD
2161,US,Social Media,2024-09-13,34,USD
2162,US,Google Search,2024-03-28,18,USD
2163,US,Google Search,2024-02-29,22,USD
2164,US,Social Media,2023-10-07,34,USD
2165,US,Influencer,2023-08-09,35,USD
2166,US,Direct,2025-02-12,43,USD
2167,US,Direct,2024-06-08,34,USD
2168,US,Social Media,2023-04-27,28,USD
2169,US,Google Search,2023-12-20,26,USD
2170,US,Social Media,2024-03-16,37,USD
2171,US,Direct,2023-04-24,54,USD
2172,US,Direct,2023-10-18,39,USD
2173,US,Google Search,2024-11-25,49,USD
2174,US,Social Media,2024-11-25,53,USD
2175,US,Influencer,2024-08-30,25,USD
2176,US,Google Search,2024-05-13,39,USD
2177,US,Social Media,2024-06-23,39,USD
2178,US,Social Media,2024-11-14,31,USD
2179,Australia,Direct,2023-11-12,32,AUD
2180,US,Social Media,2023-02-16,33,USD
2181,US,Google Search,2023-08-14,40,USD
2182,US,Social Media,2024-02-09,37,USD
2183,US,Influencer,2024-09-05,42,USD
2184,US,Social Media,2023-02-26,56,USD
2185,US,Email Marketing,2023-01-08,28,USD
2186,US,Social Media,2023-07-29,18,USD
2187,US,Influencer,2023-11-05,31,USD
2188,US,Social Media,2023-08-05,18,USD
2189,US,Direct,2025-02-24,38,USD
2190,US,Social Media,2023-05-21,46,USD
2191,US,Social Media,2025-02-21,26,USD
2192,US,Direct,2023-09-19,45,USD
2193,US,Social Media,2023-10-24,60,USD
2194,US,Social Media,2023-12-02,22,USD
2195,Australia,Email Marketing,2023-05-03,44,AUD
2196,US,Google Search,2023-01-08,28,USD
2197,US,Google Search,2024-05-24,27,USD
2198,US,Direct,2025-02-03,53,USD
2199,US,Social Media,2024-03-16,33,USD
2200,US,Social Media,2023-06-29,48,USD
2201,US,Email Marketing,2023-05-13,51,USD
2202,US,Google Search,2024-01-25,26,USD
2203,Japan,Direct,2024-06-29,35,JPY
2204,US,Google Search,2024-12-21,18,USD
2205,US,Direct,2023-08-24,18,USD
2206,US,Direct,2024-05-27,51,USD
2207,US,Google Search,2024-07-26,19,USD
2208,US,Google Search,2025-05-03,35,USD
2209,US,Direct,2024-11-15,23,USD
2210,US,Social Media,2025-04-05,30,USD
2211,US,Social Media,2023-12-29,28,USD
2212,US,Direct,2023-03-15,18,USD
2213,US,Social Media,2024-02-11,35,USD
2214,US,Direct,2025-06-01,18,USD
2215,US,Direct,2025-01-29,30,USD
2216,US,Influencer,2023-02-13,26,USD
2217,US,Social Media,2024-03-22,33,USD
2218,US,Google Search,2023-01-20,42,USD
2219,US,Google Search,2024-04-15,30,USD
2220,US,Email Marketing,2025-08-01,18,USD
2221,US,Google Search,2023-03-21,36,USD
2222,US,Social Media,2025-06-01,22,USD
2223,US,Email Marketing,2023-11-17,39,USD
2224,US,Influencer,2024-08-12,29,USD
2225,US,Influencer,2024-03-15,41,USD
2226,US,Social Media,2024-08-10,18,USD
2227,US,Google Search,2024-02-19,25,USD
2228,US,Social Media,2024-12-27,27,USD
2229,US,Social Media,2024-10-17,29,USD
2230,US,Google Search,2024-03-03,20,USD
2231,US,Influencer,2023-10-24,33,USD
2232,US,Email Marketing,2023-04-28,35,USD
2233,US,Social Media,2024-02-19,41,USD
2234,US,Social Media,2023-01-22,51,USD
2235,US,Direct,2023-11-29,35,USD
2236,US,Social Media,2023-06-25,18,USD
2237,US,Email Marketing,2025-03-31,30,USD
2238,US,Google Search,2024-09-24,37,USD
2239,US,Influencer,2024-04-16,34,USD
2240,US,Direct,2025-05-01,20,USD
2241,US,Google Search,2024-12-07,41,USD
2242,US,Influencer,2025-07-30,31,USD
2243,US,Social Media,2024-01-06,35,USD
2244,US,Google Search,2023-04-01,41,USD
2245,US,Influencer,2024-03-23,36,USD
2246,US,Influencer,2025-05-14,31,USD
2247,US,Google Search,2023-04-19,57,USD
2248,US,Social Media,2023-09-07,33,USD
2249,US,Direct,2024-03-22,38,USD
2250,US,Email Marketing,2024-08-26,19,USD
2251,US,Google Search,2024-02-15,20,USD
2252,US,Social Media,2024-06-20,26,USD
2253,US,Google Search,2023-03-22,33,USD
2254,US,Google Search,2024-02-10,42,USD
2255,US,Social Media,2025-06-10,18,USD
2256,US,Influencer,2023-11-14,18,USD
2257,US,Social Media,2025-02-02,70,USD
2258,US,Direct,2023-12-14,31,USD
2259,UK,Influencer,2023-08-15,38,GBP
2260,US,Google Search,2023-12-08,32,USD
2261,US,Email Marketing,2025-03-08,18,USD
2262,US,Google Search,2023-06-22,30,USD
2263,US,Influencer,2023-03-20,48,USD
2264,US,Direct,2024-06-06,52,USD
2265,US,Social Media,2024-10-10,18,USD
2266,US,Social Media,2023-04-27,43,USD
2267,US,Social Media,2024-06-27,35,USD
2268,US,Social Media,2024-06-06,38,USD
2269,US,Influencer,2023-07-18,27,USD
2270,US,Social Media,2025-07-16,18,USD
2271,US,Google Search,2025-03-05,32,USD
2272,US,Email Marketing,2023-12-24,33,USD
2273,US,Social Media,2023-12-26,37,USD
2274,US,Google Search,2025-01-14,29,USD
2275,US,Social Media,2025-04-18,39,USD
2276,US,Google Search,2024-10-22,20,USD
2277,US,Email Marketing,2025-04-14,70,USD
2278,US,Social Media,2023-06-01,23,USD
2279,US,Direct,2023-08-30,42,USD
2280,US,Google Search,2023-04-16,23,USD
2281,US,Google Search,2023-05-30,31,USD
2282,US,Direct,2023-09-20,27,USD
2283,US,Google Search,2023-07-22,28,USD
2284,US,Email Marketing,2023-06-27,27,USD
2285,US,Social Media,2024-09-08,27,USD
2286,US,Social Media,2023-06-06,30,USD
2287,US,Direct,2025-02-17,50,USD
2288,US,Social Media,2025-02-16,23,USD
2289,US,Social Media,2024-11-02,18,USD
2290,US,Direct,2023-03-19,51,USD
2291,US,Influencer,2023-07-01,18,USD
2292,US,Social Media,2025-03-02,55,USD
2293,US,Google Search,2024-10-05,32,USD
2294,US,Google Search,2024-05-20,43,USD
2295,US,Direct,2024-04-20,18,USD
2296,US,Social Media,2025-02-11,47,USD
2297,US,Google Search,2024-07-31,34,USD
2298,US,Social Media,2025-02-17,18,USD
2299,US,Google Search,2024-08-16,24,USD
2300,US,Google Search,2024-04-04,30,USD
2301,US,Direct,2024-11-28,41,USD
2302,US,Email Marketing,2025-08-04,33,USD
2303,US,Google Search,2025-06-22,44,USD
2304,US,Social Media,2024-08-01,18,USD
2305,US,Email Marketing,2024-10-20,42,USD
2306,US,Email Marketing,2024-10-12,21,USD
2307,US,Social Media,2024-10-01,42,USD
2308,US,Social Media,2023-11-27,35,USD
2309,US,Influencer,2025-06-03,49,USD
2310,US,Social Media,2024-10-04,39,USD
2311,US,Social Media,2023-11-20,36,USD
2312,US,Direct,2023-06-04,18,USD
2313,US,Direct,2024-03-26,49,USD
2314,US,Social Media,2023-03-11,61,USD
2315,US,Social Media,2024-04-25,35,USD
2316,US,Direct,2024-03-28,18,USD
2317,US,Google Search,2024-10-08,18,USD
2318,US,Social Media,2023-11-07,18,USD
2319,US,Influencer,2025-03-26,26,USD
2320,US,Direct,2023-10-09,44,USD
2321,US,Google Search,2024-08-28,29,USD
2322,US,Google Search,2023-02-27,59,USD
2323,US,Google Search,2023-12-27,51,USD
2324,US,Direct,2024-06-03,36,USD
2325,US,Direct,2023-03-17,46,USD
2326,US,Social Media,2023-11-14,35,USD
2327,US,Social Media,2024-04-17,43,USD
2328,US,Direct,2024-04-07,18,USD
2329,US,Social Media,2023-02-08,54,USD
2330,US,Direct,2023-02-28,42,USD
2331,US,Google Search,2024-01-13,58,USD
2332,US,Direct,2025-05-01,39,USD
2333,US,Social Media,2023-10-21,40,USD
2334,US,Email Marketing,2023-03-20,30,USD
2335,US,Influencer,2024-10-22,23,USD
2336,US,Influencer,2025-06-03,41,USD
2337,US,Direct,2025-05-25,40,USD
2338,US,Social Media,2023-04-03,20,USD
2339,US,Social Media,2024-09-21,32,USD
2340,US,Google Search,2024-08-31,45,USD
2341,US,Direct,2024-06-03,34,USD
2342,US,Google Search,2024-01-29,40,USD
2343,US,Direct,2024-04-18,61,USD
2344,US,Google Search,2024-08-17,37,USD
2345,US,Direct,2024-07-21,64,USD
2346,US,Influencer,2025-03-21,31,USD
2347,US,Social Media,2025-01-26,47,USD
2348,US,Social Media,2025-07-06,18,USD
2349,US,Social Media,2023-02-12,18,USD
2350,US,Direct,2024-04-05,29,USD
2351,US,Social Media,2025-07-19,45,USD
2352,US,Social Media,2025-04-09,18,USD
2353,US,Email Marketing,2024-08-08,44,USD
2354,US,Direct,2024-10-29,44,USD
2355,US,Direct,2023-07-12,36,USD
2356,US,Google Search,2023-11-26,30,USD
2357,US,Social Media,2024-09-11,51,USD
2358,US,Social Media,2024-05-02,47,USD
2359,US,Google Search,2024-05-28,35,USD
2360,US,Google Search,2023-06-04,47,USD
2361,US,Influencer,2023-03-05,35,USD
2362,US,Google Search,2024-04-06,43,USD
2363,US,Direct,2023-04-16,24,USD
2364,US,Email Marketing,2025-04-10,48,USD
2365,US,Email Marketing,2025-07-09,41,USD
2366,US,Direct,2025-05-07,18,USD
2367,US,Direct,2023-12-18,19,USD
2368,Japan,Direct,2025-01-01,24,JPY
2369,US,Google Search,2023-03-28,53,USD
2370,US,Email Marketing,2024-05-31,38,USD
2371,US,Google Search,2024-10-23,31,USD
2372,US,Influencer,2023-06-26,18,USD
2373,US,Influencer,2023-02-10,38,USD
2374,US,Influencer,2023-09-11,34,USD
2375,US,Direct,2024-12-25,33,USD
2376,US,Google Search,2024-03-24,24,USD
2377,US,Social Media,2024-03-25,37,USD
2378,US,Social Media,2024-06-20,26,USD
2379,US,Social Media,2024-06-19,21,USD
2380,US,Social Media,2024-09-16,39,USD
2381,US,Google Search,2023-06-12,41,USD
2382,US,Direct,2024-01-08,26,USD
2383,US,Direct,2024-01-17,32,USD
2384,US,Direct,2025-07-28,22,USD
2385,US,Email Marketing,2023-10-17,33,USD
2386,US,Social Media,2024-02-01,36,USD
2387,US,Direct,2024-02-23,49,USD
2388,US,Google Search,2025-03-04,52,USD
2389,US,Direct,2023-12-13,57,USD
2390,US,Social Media,2024-11-26,35,USD
2391,US,Social Media,2024-09-04,48,USD
2392,US,Google Search,2023-02-23,28,USD
2393,US,Social Media,2025-03-19,34,USD
2394,US,Influencer,2024-10-08,43,USD
2395,US,Google Search,2024-10-24,18,USD
2396,US,Direct,2023-12-09,38,USD
2397,US,Social Media,2023-03-09,25,USD
2398,US,Social Media,2023-12-04,24,USD
2399,UK,Social Media,2023-04-07,43,GBP
2400,US,Social Media,2024-07-25,40,USD
2401,US,Social Media,2024-11-25,33,USD
2402,US,Google Search,2024-01-31,23,USD
2403,US,Influencer,2023-10-18,36,USD
2404,US,Google Search,2023-09-16,45,USD
2405,US,Direct,2025-01-11,48,USD
2406,US,Social Media,2025-05-22,33,USD
2407,US,Social Media,2024-11-03,30,USD
2408,US,Email Marketing,2025-07-17,19,USD
2409,US,Google Search,2024-09-09,54,USD
2410,US,Email Marketing,2025-06-13,45,USD
2411,US,Google Search,2023-06-03,34,USD
2412,US,Direct,2023-12-08,26,USD
2413,US,Google Search,2023-03-25,47,USD
2414,US,Social Media,2024-08-19,22,USD
2415,US,Google Search,2024-11-10,18,USD
2416,US,Social Media,2023-05-25,29,USD
2417,US,Social Media,2025-07-27,28,USD
2418,US,Social Media,2023-12-25,21,USD
2419,US,Social Media,2023-11-14,62,USD
2420,US,Google Search,2024-11-02,57,USD
2421,US,Social Media,2024-12-16,34,USD
2422,US,Email Marketing,2024-11-09,27,USD
2423,US,Email Marketing,2024-02-06,29,USD
2424,US,Google Search,2023-05-13,19,USD
2425,US,Google Search,2024-09-01,31,USD
2426,US,Email Marketing,2024-12-26,51,USD
2427,US,Google Search,2023-03-28,41,USD
2428,US,Social Media,2023-11-14,31,USD
2429,US,Email Marketing,2024-07-26,38,USD
2430,US,Google Search,2024-01-21,30,USD
2431,US,Google Search,2024-10-20,27,USD
2432,US,Social Media,2025-03-21,35,USD
2433,US,Social Media,2023-12-03,32,USD
2434,US,Direct,2025-04-12,23,USD
2435,US,Social Media,2023-05-11,27,USD
2436,US,Direct,2024-11-17,40,USD
2437,US,Social Media,2024-12-20,28,USD
2438,US,Google Search,2025-04-28,30,USD
2439,US,Google Search,2025-01-26,51,USD
2440,US,Social Media,2024-12-02,18,USD
2441,US,Social Media,2025-07-23,51,USD
2442,US,Social Media,2024-06-23,44,USD
2443,Australia,Social Media,2023-04-06,27,AUD
2444,US,Google Search,2024-10-23,36,USD
2445,US,Email Marketing,2024-11-17,30,USD
2446,US,Google Search,2024-03-09,43,USD
2447,US,Social Media,2024-06-04,45,USD
2448,UK,Direct,2024-01-06,32,GBP
2449,US,Influencer,2023-01-19,20,USD
2450,US,Direct,2024-01-07,35,USD
2451,US,Direct,2023-11-13,27,USD
2452,US,Social Media,2023-07-04,27,USD
2453,US,Direct,2023-08-08,32,USD
2454,US,Email Marketing,2023-12-16,52,USD
2455,US,Social Media,2025-02-23,23,USD
2456,US,Social Media,2024-05-12,21,USD
2457,US,Google Search,2023-07-16,46,USD
2458,US,Influencer,2023-08-20,48,USD
2459,US,Google Search,2023-05-21,25,USD
2460,US,Social Media,2023-06-08,45,USD
2461,US,Google Search,2023-03-21,20,USD
2462,US,Direct,2023-10-30,42,USD
2463,US,Direct,2025-05-14,46,USD
2464,US,Email Marketing,2025-03-18,33,USD
2465,US,Google Search,2023-04-14,29,USD
2466,US,Social Media,2024-06-03,18,USD
2467,US,Email Marketing,2025-02-28,50,USD
2468,US,Social Media,2024-07-06,18,USD
2469,US,Social Media,2025-05-05,43,USD
2470,US,Influencer,2025-01-26,29,USD
2471,France,Social Media,2025-06-23,23,EUR
2472,US,Social Media,2024-06-23,33,USD
2473,US,Social Media,2023-02-08,33,USD
2474,Australia,Direct,2024-11-08,33,AUD
2475,US,Google Search,2023-12-11,20,USD
2476,US,Google Search,2025-06-16,26,USD
2477,US,Social Media,2025-02-23,18,USD
2478,US,Google Search,2024-09-24,32,USD
2479,US,Google Search,2023-05-15,45,USD
2480,US,Social Media,2024-09-03,48,USD
2481,US,Google Search,2024-01-21,32,USD
2482,US,Social Media,2023-06-07,18,USD
2483,US,Social Media,2023-06-16,48,USD
2484,Australia,Direct,2023-07-05,50,AUD
2485,US,Email Marketing,2025-05-01,32,USD
2486,US,Influencer,2024-12-10,48,USD
2487,US,Influencer,2025-02-28,59,USD
2488,US,Influencer,2024-10-01,18,USD
2489,US,Social Media,2025-04-08,40,USD
2490,US,Google Search,2025-07-13,50,USD
2491,US,Direct,2023-06-19,18,USD
2492,France,Direct,2025-01-08,34,EUR
2493,US,Social Media,2024-03-24,24,USD
2494,US,Google Search,2023-02-14,44,USD
2495,US,Direct,2024-02-25,38,USD
2496,US,Social Media,2024-01-09,25,USD
2497,US,Influencer,2024-11-23,30,USD
2498,US,Direct,2025-01-06,41,USD
2499,France,Google Search,2023-09-01,29,EUR
2500,US,Influencer,2024-03-30,37,USD
2501,US,Social Media,2024-09-17,39,USD
2502,US,Google Search,2023-10-19,26,USD
2503,Australia,Social Media,2025-02-09,40,AUD
2504,US,Social Media,2025-02-05,32,USD
2505,US,Email Marketing,2025-03-13,28,USD
2506,US,Google Search,2024-04-04,41,USD
2507,US,Direct,2023-08-28,27,USD
2508,US,Google Search,2024-06-30,18,USD
2509,US,Direct,2023-09-02,18,USD
2510,US,Email Marketing,2023-11-13,31,USD
2511,US,Social Media,2025-04-08,18,USD
2512,US,Direct,2025-03-14,45,USD
2513,US,Social Media,2024-04-25,25,USD
2514,US,Influencer,2025-07-14,29,USD
2515,US,Google Search,2025-05-05,31,USD
2516,US,Social Media,2023-07-18,46,USD
2517,US,Social Media,2024-01-12,20,USD
2518,US,Social Media,2024-11-25,46,USD
2519,US,Google Search,2024-08-07,32,USD
2520,US,Social Media,2024-03-27,42,USD
2521,US,Social Media,2024-04-17,24,USD
2522,US,Direct,2025-02-26,29,USD
2523,US,Google Search,2023-10-16,36,USD
2524,US,Social Media,2025-03-07,18,USD
2525,US,Direct,2024-01-27,32,USD
2526,US,Email Marketing,2024-05-29,38,USD
2527,US,Google Search,2024-06-24,24,USD
2528,US,Google Search,2024-03-04,31,USD
2529,US,Google Search,2023-06-15,39,USD
2530,US,Google Search,2025-04-16,50,USD
2531,US,Direct,2023-07-24,22,USD
2532,US,Direct,2025-03-31,39,USD
2533,US,Google Search,2024-09-11,49,USD
2534,US,Google Search,2023-05-22,20,USD
2535,US,Direct,2025-06-12,47,USD
2536,US,Influencer,2023-09-14,31,USD
2537,US,Direct,2023-02-23,20,USD
2538,US,Direct,2024-10-18,52,USD
2539,US,Social Media,2024-05-07,36,USD
2540,US,Direct,2025-06-14,26,USD
2541,US,Google Search,2024-01-16,30,USD
2542,US,Influencer,2024-07-21,34,USD
2543,US,Social Media,2025-08-14,48,USD
2544,US,Social Media,2023-04-16,38,USD
2545,US,Google Search,2024-12-29,41,USD
2546,US,Direct,2025-05-16,40,USD
2547,US,Email Marketing,2024-06-12,26,USD
2548,US,Social Media,2025-05-21,44,USD
2549,US,Social Media,2023-05-08,28,USD
2550,US,Google Search,2023-10-19,22,USD
2551,US,Social Media,2023-03-27,35,USD
2552,US,Social Media,2025-02-20,30,USD
2553,US,Direct,2023-06-14,34,USD
2554,US,Direct,2023-10-07,48,USD
2555,US,Google Search,2024-04-05,33,USD
2556,US,Direct,2025-07-16,48,USD
2557,US,Google Search,2024-06-09,32,USD
2558,US,Google Search,2023-05-31,52,USD
2559,US,Direct,2025-04-30,37,USD
2560,US,Google Search,2024-03-23,50,USD
2561,France,Direct,2023-04-04,60,EUR
2562,US,Social Media,2025-07-21,29,USD
2563,US,Google Search,2023-08-16,27,USD
2564,US,Google Search,2025-04-16,22,USD
2565,US,Social Media,2024-04-06,31,USD
2566,US,Google Search,2025-06-24,37,USD
2567,US,Direct,2023-12-24,52,USD
2568,US,Social Media,2025-08-10,31,USD
2569,US,Google Search,2023-01-28,52,USD
2570,US,Google Search,2024-02-29,27,USD
2571,US,Social Media,2023-02-24,18,USD
2572,US,Social Media,2024-02-10,55,USD
2573,US,Email Marketing,2024-05-29,34,USD
2574,France,Social Media,2024-01-18,18,EUR
2575,US,Social Media,2023-08-30,25,USD
2576,Australia,Direct,2024-01-31,37,AUD
2577,US,Direct,2023-03-25,20,USD
2578,US,Influencer,2024-01-19,61,USD
2579,US,Influencer,2023-08-18,48,USD
2580,US,Social Media,2023-01-29,63,USD
2581,US,Social Media,2023-11-23,18,USD
2582,US,Influencer,2025-08-11,37,USD
2583,US,Google Search,2023-04-12,39,USD
2584,US,Social Media,2025-05-09,52,USD
2585,US,Social Media,2025-01-01,30,USD
2586,US,Influencer,2024-10-27,25,USD
2587,US,Social Media,2023-12-10,39,USD
2588,US,Email Marketing,2025-03-21,19,USD
2589,Australia,Social Media,2023-05-30,30,AUD
2590,US,Google Search,2023-05-21,34,USD
2591,US,Social Media,2023-02-09,23,USD
2592,US,Direct,2023-10-21,56,USD
2593,US,Email Marketing,2025-07-28,38,USD
2594,US,Social Media,2025-04-29,30,USD
2595,US,Google Search,2024-04-28,19,USD
2596,Australia,Social Media,2024-12-13,53,AUD
2597,Australia,Influencer,2025-05-01,44,AUD
2598,Japan,Social Media,2023-05-23,27,JPY
2599,US,Google Search,2025-02-16,26,USD
2600,US,Social Media,2024-12-23,23,USD
2601,US,Direct,2024-04-25,37,USD
2602,US,Influencer,2024-04-04,27,USD
2603,US,Social Media,2024-09-22,46,USD
2604,US,Google Search,2023-01-06,44,USD
2605,US,Social Media,2025-07-16,31,USD
2606,US,Influencer,2023-03-23,38,USD
2607,US,Influencer,2023-01-20,35,USD
2608,US,Social Media,2023-09-20,36,USD
2609,US,Social Media,2023-08-09,40,USD
2610,US,Google Search,2025-05-05,26,USD
2611,US,Social Media,2023-06-03,41,USD
2612,US,Direct,2024-07-15,22,USD
2613,US,Social Media,2025-01-14,49,USD
2614,US,Google Search,2024-09-15,33,USD
2615,US,Google Search,2024-06-24,30,USD
2616,US,Direct,2024-03-09,35,USD
2617,US,Direct,2023-04-24,52,USD
2618,US,Social Media,2025-03-05,38,USD
2619,US,Email Marketing,2023-10-23,47,USD
2620,US,Direct,2023-09-01,34,USD
2621,US,Direct,2023-11-05,39,USD
2622,US,Google Search,2023-05-05,18,USD
2623,US,Social Media,2023-02-18,22,USD
2624,US,Direct,2023-09-02,56,USD
2625,US,Google Search,2024-03-05,42,USD
2626,US,Email Marketing,2024-10-16,41,USD
2627,US,Email Marketing,2025-03-23,70,USD
2628,US,Email Marketing,2024-09-29,22,USD
2629,US,Social Media,2024-04-13,18,USD
2630,US,Social Media,2023-03-06,18,USD
2631,US,Social Media,2023-04-24,23,USD
2632,US,Social Media,2025-05-06,41,USD
2633,US,Direct,2025-07-15,31,USD
2634,US,Google Search,2024-05-26,39,USD
2635,US,Direct,2024-09-03,59,USD
2636,US,Social Media,2024-07-02,36,USD
2637,US,Influencer,2023-01-17,38,USD
2638,US,Social Media,2024-10-09,55,USD
2639,US,Direct,2024-06-11,54,USD
2640,US,Social Media,2024-08-11,27,USD
2641,US,Google Search,2023-09-05,21,USD
2642,US,Email Marketing,2025-01-05,44,USD
2643,US,Influencer,2023-05-28,49,USD
2644,US,Direct,2023-10-26,35,USD
2645,US,Email Marketing,2024-03-15,46,USD
2646,US,Social Media,2023-01-02,21,USD
2647,US,Google Search,2024-09-21,45,USD
2648,US,Google Search,2023-12-28,27,USD
2649,US,Direct,2023-09-04,31,USD
2650,US,Social Media,2024-08-07,49,USD
2651,US,Google Search,2024-03-02,24,USD
2652,US,Social Media,2023-07-11,33,USD
2653,US,Google Search,2024-11-11,40,USD
2654,US,Google Search,2024-11-15,18,USD
2655,US,Social Media,2023-03-29,18,USD
2656,US,Google Search,2024-06-20,18,USD
2657,US,Google Search,2024-01-05,24,USD
2658,US,Email Marketing,2023-03-11,41,USD
2659,US,Social Media,2024-06-22,18,USD
2660,US,Social Media,2024-07-11,34,USD
2661,US,Direct,2024-06-03,21,USD
2662,US,Email Marketing,2025-03-16,36,USD
2663,US,Direct,2024-06-03,46,USD
2664,US,Social Media,2024-07-21,18,USD
2665,US,Social Media,2023-01-21,57,USD
2666,US,Social Media,2024-02-04,24,USD
2667,US,Direct,2025-06-13,36,USD
2668,US,Google Search,2024-04-26,40,USD
2669,US,Email Marketing,2023-02-14,21,USD
2670,US,Google Search,2024-10-12,25,USD
2671,US,Google Search,2024-02-01,36,USD
2672,US,Social Media,2024-01-18,31,USD
2673,US,Google Search,2023-09-17,58,USD
2674,US,Google Search,2025-02-04,38,USD
2675,US,Direct,2023-01-17,28,USD
2676,US,Direct,2024-01-01,19,USD
2677,US,Social Media,2025-03-18,18,USD
2678,US,Direct,2023-03-11,24,USD
2679,US,Google Search,2023-12-20,37,USD
2680,US,Social Media,2023-09-04,34,USD
2681,US,Google Search,2025-01-20,18,USD
2682,US,Social Media,2024-11-03,56,USD
2683,US,Google Search,2024-10-05,20,USD
2684,US,Social Media,2023-04-17,40,USD
2685,Australia,Email Marketing,2025-03-01,26,AUD
2686,US,Google Search,2024-08-18,21,USD
2687,US,Direct,2025-01-22,46,USD
2688,US,Email Marketing,2025-02-13,35,USD
2689,US,Social Media,2023-12-07,21,USD
2690,US,Social Media,2023-05-17,30,USD
2691,US,Google Search,2023-02-15,26,USD
2692,US,Email Marketing,2023-12-27,48,USD
2693,US,Direct,2024-07-13,21,USD
2694,US,Direct,2023-12-13,65,USD
2695,US,Direct,2025-04-13,40,USD
2696,US,Google Search,2024-10-20,26,USD
2697,US,Google Search,2023-06-29,34,USD
2698,US,Social Media,2025-04-30,22,USD
2699,US,Influencer,2025-03-08,45,USD
2700,US,Direct,2024-12-02,40,USD
2701,US,Social Media,2024-04-20,29,USD
2702,US,Social Media,2024-12-13,19,USD
2703,US,Direct,2024-05-05,18,USD
2704,US,Social Media,2024-10-08,47,USD
2705,US,Influencer,2023-07-06,30,USD
2706,US,Social Media,2025-04-10,43,USD
2707,US,Social Media,2023-05-19,23,USD
2708,US,Google Search,2023-03-06,18,USD
2709,US,Social Media,2025-01-03,67,USD
2710,US,Social Media,2025-03-05,36,USD
2711,US,Email Marketing,2024-04-13,40,USD
2712,US,Direct,2023-02-07,30,USD
2713,US,Direct,2023-10-28,28,USD
2714,US,Google Search,2023-07-26,34,USD
2715,US,Direct,2023-02-14,22,USD
2716,US,Social Media,2025-03-21,34,USD
2717,US,Direct,2023-07-24,51,USD
2718,US,Direct,2025-06-26,35,USD
2719,US,Direct,2023-02-12,53,USD
2720,US,Google Search,2023-11-20,18,USD
2721,US,Social Media,2025-08-13,31,USD
2722,US,Social Media,2023-11-14,26,USD
2723,US,Google Search,2024-06-11,34,USD
2724,US,Direct,2024-02-12,34,USD
2725,US,Direct,2025-04-14,27,USD
2726,US,Email Marketing,2024-07-10,31,USD
2727,UK,Google Search,2024-04-29,44,GBP
2728,US,Influencer,2023-09-17,18,USD
2729,US,Influencer,2023-02-07,43,USD
2730,US,Direct,2025-02-10,44,USD
2731,US,Direct,2024-10-24,38,USD
2732,US,Direct,2023-07-15,35,USD
2733,US,Social Media,2023-10-20,34,USD
2734,US,Email Marketing,2024-01-01,24,USD
2735,US,Google Search,2025-06-01,28,USD
2736,US,Email Marketing,2025-03-10,35,USD
2737,US,Google Search,2023-02-18,21,USD
2738,US,Influencer,2025-06-05,38,USD
2739,US,Social Media,2024-11-02,41,USD
2740,US,Direct,2023-12-06,23,USD
2741,US,Email Marketing,2023-10-07,18,USD
2742,US,Google Search,2023-05-08,23,USD
2743,US,Influencer,2025-03-29,44,USD
2744,US,Influencer,2024-01-12,30,USD
2745,US,Google Search,2024-03-23,44,USD
2746,US,Google Search,2025-06-29,28,USD
2747,US,Social Media,2024-02-14,46,USD
2748,US,Email Marketing,2025-01-31,39,USD
2749,US,Google Search,2024-03-26,31,USD
2750,US,Direct,2025-07-05,34,USD
2751,US,Direct,2024-01-31,26,USD
2752,US,Google Search,2023-12-14,36,USD
2753,US,Social Media,2023-07-11,54,USD
2754,US,Direct,2024-05-23,18,USD
2755,US,Social Media,2024-12-09,43,USD
2756,US,Google Search,2024-05-24,50,USD
2757,US,Direct,2024-01-12,41,USD
2758,US,Google Search,2025-08-04,33,USD
2759,US,Social Media,2025-03-27,31,USD
2760,US,Google Search,2024-06-15,18,USD
2761,US,Influencer,2023-10-01,35,USD
2762,US,Google Search,2025-03-31,45,USD
2763,US,Social Media,2023-03-26,43,USD
2764,US,Google Search,2025-01-14,18,USD
2765,US,Google Search,2024-03-10,32,USD
2766,US,Email Marketing,2023-03-22,33,USD
2767,US,Direct,2024-03-16,42,USD
2768,US,Social Media,2024-09-08,30,USD
2769,US,Google Search,2025-04-22,23,USD
2770,Japan,Google Search,2023-07-04,36,JPY
2771,US,Direct,2024-07-12,47,USD
2772,US,Direct,2023-10-28,29,USD
2773,US,Email Marketing,2023-11-25,24,USD
2774,US,Social Media,2023-04-16,43,USD
2775,France,Social Media,2023-03-23,29,EUR
2776,US,Google Search,2023-12-02,34,USD
2777,Australia,Google Search,2024-11-07,37,AUD
2778,US,Social Media,2023-10-30,50,USD
2779,US,Influencer,2023-11-10,30,USD
2780,US,Social Media,2024-04-01,41,USD
2781,US,Email Marketing,2024-09-09,28,USD
2782,US,Google Search,2025-01-04,51,USD
2783,US,Google Search,2024-03-12,38,USD
2784,US,Google Search,2023-06-20,40,USD
2785,US,Direct,2024-12-07,43,USD
2786,US,Social Media,2024-03-30,43,USD
2787,US,Google Search,2023-12-26,49,USD
2788,US,Social Media,2024-04-02,25,USD
2789,US,Influencer,2023-02-13,41,USD
2790,US,Social Media,2025-01-14,18,USD
2791,US,Direct,2025-06-09,48,USD
2792,US,Social Media,2025-07-22,35,USD
2793,US,Google Search,2023-12-28,51,USD
2794,US,Direct,2024-09-21,39,USD
2795,US,Social Media,2024-03-21,38,USD
2796,US,Direct,2023-10-09,30,USD
2797,US,Google Search,2024-10-16,18,USD
2798,US,Google Search,2025-03-21,60,USD
2799,US,Influencer,2023-02-28,34,USD
2800,US,Email Marketing,2023-03-18,46,USD
2801,US,Influencer,2024-11-18,56,USD
2802,US,Influencer,2024-10-14,18,USD
2803,US,Direct,2024-02-20,18,USD
2804,US,Google Search,2024-01-08,36,USD
2805,US,Social Media,2024-06-09,63,USD
2806,US,Social Media,2025-03-31,30,USD
2807,Australia,Google Search,2025-02-06,27,AUD
2808,US,Google Search,2024-11-26,53,USD
2809,US,Google Search,2023-06-13,32,USD
2810,US,Google Search,2023-02-01,70,USD
2811,US,Social Media,2023-05-27,36,USD
2812,US,Google Search,2025-05-19,42,USD
2813,US,Direct,2024-09-14,27,USD
2814,Australia,Email Marketing,2024-11-25,50,AUD
2815,US,Social Media,2025-03-11,23,USD
2816,US,Email Marketing,2024-03-24,23,USD
2817,US,Social Media,2023-02-05,24,USD
2818,US,Direct,2023-05-10,27,USD
2819,US,Social Media,2023-03-10,18,USD
2820,US,Direct,2023-08-30,18,USD
2821,US,Direct,2025-03-08,43,USD
2822,US,Google Search,2024-10-22,56,USD
2823,US,Google Search,2024-01-11,58,USD
2824,US,Google Search,2024-01-06,35,USD
2825,US,Influencer,2024-01-28,33,USD
2826,US,Social Media,2024-08-03,27,USD
2827,US,Influencer,2023-02-03,37,USD
2828,US,Social Media,2024-09-11,24,USD
2829,US,Influencer,2023-06-07,45,USD
2830,US,Direct,2024-11-26,32,USD
2831,US,Social Media,2024-04-05,34,USD
2832,US,Google Search,2024-01-15,44,USD
2833,US,Social Media,2024-01-16,58,USD
2834,US,Direct,2024-03-30,34,USD
2835,US,Direct,2025-02-20,45,USD
2836,US,Google Search,2023-03-20,34,USD
2837,US,Social Media,2024-08-10,36,USD
2838,US,Social Media,2023-05-21,29,USD
2839,US,Social Media,2024-06-26,27,USD
2840,US,Social Media,2024-01-11,28,USD
2841,US,Google Search,2024-02-12,47,USD
2842,US,Social Media,2023-11-18,52,USD
2843,US,Social Media,2024-10-27,29,USD
2844,US,Google Search,2023-10-13,25,USD
2845,US,Google Search,2023-09-13,23,USD
2846,US,Google Search,2023-04-27,49,USD
2847,US,Social Media,2023-01-27,42,USD
2848,US,Social Media,2025-01-23,33,USD
2849,US,Direct,2023-07-10,49,USD
2850,US,Social Media,2024-05-26,39,USD
2851,US,Google Search,2024-06-14,63,USD
2852,US,Influencer,2024-02-01,51,USD
2853,US,Email Marketing,2025-07-24,34,USD
2854,US,Google Search,2024-07-29,18,USD
2855,US,Social Media,2023-05-01,45,USD
2856,US,Google Search,2023-09-26,24,USD
2857,US,Social Media,2025-03-04,24,USD
2858,US,Social Media,2023-09-24,52,USD
2859,US,Google Search,2024-12-21,50,USD
2860,US,Email Marketing,2024-04-01,45,USD
2861,US,Google Search,2023-08-08,25,USD
2862,US,Email Marketing,2024-09-18,42,USD
2863,US,Direct,2023-10-20,55,USD
2864,US,Social Media,2024-12-11,29,USD
2865,US,Influencer,2025-07-27,30,USD
2866,US,Google Search,2024-05-17,18,USD
2867,US,Direct,2023-07-24,41,USD
2868,US,Email Marketing,2023-05-06,39,USD
2869,US,Social Media,2023-05-19,32,USD
2870,US,Direct,2025-05-23,38,USD
2871,US,Social Media,2023-03-17,40,USD
2872,US,Email Marketing,2024-04-07,44,USD
2873,US,Social Media,2023-06-26,35,USD
2874,US,Email Marketing,2025-07-09,18,USD
2875,US,Google Search,2024-12-31,27,USD
2876,US,Email Marketing,2024-03-31,41,USD
2877,US,Social Media,2023-03-31,25,USD
2878,US,Social Media,2025-04-09,54,USD
2879,US,Social Media,2024-11-29,18,USD
2880,US,Email Marketing,2025-05-15,49,USD
2881,US,Social Media,2023-11-24,62,USD
2882,US,Influencer,2024-11-14,18,USD
2883,US,Direct,2023-12-22,34,USD
2884,US,Social Media,2024-12-27,32,USD
2885,US,Social Media,2023-03-08,18,USD
2886,US,Google Search,2024-07-17,41,USD
2887,US,Google Search,2024-07-09,35,USD
2888,US,Direct,2023-10-25,18,USD
2889,US,Social Media,2025-07-01,25,USD
2890,US,Social Media,2023-11-04,34,USD
2891,US,Google Search,2025-05-21,36,USD
2892,US,Google Search,2023-06-11,44,USD
2893,US,Direct,2024-12-29,44,USD
2894,US,Email Marketing,2024-12-27,29,USD
2895,US,Social Media,2025-08-07,22,USD
2896,US,Social Media,2024-12-18,47,USD
2897,US,Social Media,2024-10-15,27,USD
2898,US,Social Media,2023-06-28,18,USD
2899,France,Direct,2025-03-23,20,EUR
2900,US,Direct,2024-01-06,21,USD
2901,US,Social Media,2024-06-04,29,USD
2902,US,Email Marketing,2023-08-18,42,USD
2903,US,Social Media,2023-05-05,33,USD
2904,US,Influencer,2023-07-25,55,USD
2905,US,Influencer,2025-03-22,18,USD
2906,US,Direct,2023-05-23,37,USD
2907,US,Social Media,2023-08-31,28,USD
2908,US,Social Media,2025-03-20,31,USD
2909,US,Email Marketing,2024-05-20,38,USD
2910,US,Social Media,2023-01-27,44,USD
2911,US,Google Search,2024-01-05,27,USD
2912,US,Social Media,2024-07-21,35,USD
2913,US,Google Search,2024-08-09,18,USD
2914,Australia,Social Media,2024-01-13,32,AUD
2915,US,Direct,2024-04-23,44,USD
2916,US,Google Search,2025-04-02,36,USD
2917,US,Direct,2024-07-18,25,USD
2918,US,Google Search,2023-05-13,29,USD
2919,US,Direct,2024-09-18,20,USD
2920,US,Direct,2025-06-24,40,USD
2921,US,Google Search,2023-03-30,46,USD
2922,US,Direct,2023-03-09,18,USD
2923,US,Google Search,2023-11-13,47,USD
2924,US,Google Search,2024-02-12,30,USD
2925,US,Direct,2025-01-04,36,USD
2926,US,Social Media,2025-01-06,29,USD
2927,US,Google Search,2024-05-05,26,USD
2928,US,Social Media,2024-06-22,31,USD
2929,US,Influencer,2024-02-25,44,USD
2930,US,Email Marketing,2025-02-26,51,USD
2931,US,Google Search,2024-02-24,43,USD
2932,US,Social Media,2025-04-23,55,USD
2933,US,Google Search,2024-08-11,18,USD
2934,US,Email Marketing,2023-03-17,21,USD
2935,US,Email Marketing,2023-05-09,24,USD
2936,US,Social Media,2023-11-21,32,USD
2937,US,Social Media,2024-10-19,46,USD
2938,US,Social Media,2023-03-17,45,USD
2939,US,Google Search,2024-04-05,30,USD
2940,US,Direct,2024-04-22,20,USD
2941,US,Social Media,2024-11-27,27,USD
2942,US,Google Search,2024-06-13,52,USD
2943,US,Social Media,2023-12-19,28,USD
2944,US,Direct,2023-05-12,18,USD
2945,US,Social Media,2025-06-18,49,USD
2946,US,Google Search,2025-04-28,43,USD
2947,US,Direct,2025-03-09,22,USD
2948,US,Social Media,2024-07-18,44,USD
2949,UK,Email Marketing,2024-10-17,39,GBP
2950,US,Social Media,2024-08-24,37,USD
2951,US,Social Media,2023-07-06,52,USD
2952,US,Social Media,2025-02-25,27,USD
2953,US,Email Marketing,2023-05-13,33,USD
2954,US,Direct,2024-03-19,28,USD
2955,US,Direct,2024-05-29,24,USD
2956,US,Social Media,2025-07-21,27,USD
2957,US,Social Media,2025-06-08,37,USD
2958,US,Social Media,2023-02-26,18,USD
2959,US,Direct,2025-05-01,36,USD
2960,US,Social Media,2023-05-08,52,USD
2961,US,Social Media,2024-06-14,25,USD
2962,US,Google Search,2023-06-06,26,USD
2963,US,Social Media,2023-11-08,48,USD
2964,US,Social Media,2023-06-18,40,USD
2965,US,Social Media,2023-06-15,47,USD
2966,US,Social Media,2023-11-27,24,USD
2967,US,Direct,2025-08-15,57,USD
2968,US,Social Media,2024-12-27,29,USD
2969,US,Google Search,2023-08-19,18,USD
2970,US,Social Media,2023-12-21,36,USD
2971,US,Email Marketing,2024-06-15,18,USD
2972,US,Social Media,2025-07-05,59,USD
2973,US,Email Marketing,2023-10-18,34,USD
2974,US,Email Marketing,2025-05-16,40,USD
2975,US,Google Search,2023-03-22,44,USD
2976,US,Email Marketing,2023-09-14,24,USD
2977,US,Social Media,2023-07-21,45,USD
2978,US,Social Media,2024-10-12,42,USD
2979,US,Google Search,2024-07-18,43,USD
2980,US,Email Marketing,2023-10-09,18,USD
2981,US,Social Media,2023-05-09,32,USD
2982,US,Social Media,2024-10-02,18,USD
2983,US,Direct,2023-11-07,32,USD
2984,US,Direct,2024-09-21,53,USD
2985,US,Influencer,2024-06-30,29,USD
2986,US,Social Media,2023-04-06,41,USD
2987,US,Direct,2024-05-29,52,USD
2988,US,Direct,2024-10-18,33,USD
2989,US,Social Media,2023-06-22,47,USD
2990,US,Social Media,2024-08-29,18,USD
2991,US,Direct,2024-08-17,45,USD
2992,US,Social Media,2023-06-07,21,USD
2993,US,Influencer,2023-06-25,25,USD
2994,US,Direct,2024-11-05,31,USD
2995,US,Social Media,2024-10-01,38,USD
2996,US,Social Media,2025-01-07,19,USD
2997,France,Influencer,2025-07-12,32,EUR
2998,US,Direct,2024-09-11,38,USD
2999,UK,Social Media,2023-12-12,26,GBP
3000,US,Google Search,2025-05-12,49,USD
3001,US,Google Search,2025-08-04,36,USD
3002,US,Direct,2024-07-31,35,USD
3003,US,Google Search,2023-02-12,39,USD
3004,US,Direct,2025-04-25,36,USD
3005,US,Social Media,2025-06-03,30,USD
3006,US,Google Search,2023-01-30,35,USD
3007,US,Social Media,2023-03-25,67,USD
3008,US,Direct,2023-02-16,41,USD
3009,US,Influencer,2024-10-18,27,USD
3010,US,Direct,2025-02-28,42,USD
3011,US,Direct,2024-08-13,43,USD
3012,UK,Google Search,2023-09-29,51,GBP
3013,US,Email Marketing,2024-10-28,44,USD
3014,Australia,Direct,2023-08-04,26,AUD
3015,US,Google Search,2025-02-24,18,USD
3016,US,Direct,2024-08-08,19,USD
3017,US,Social Media,2024-03-02,52,USD
3018,US,Google Search,2024-09-24,34,USD
3019,US,Direct,2024-10-16,45,USD
3020,US,Influencer,2023-02-01,32,USD
3021,US,Social Media,2024-05-24,31,USD
3022,US,Email Marketing,2025-06-29,40,USD
3023,US,Influencer,2024-10-04,47,USD
3024,US,Google Search,2024-07-12,22,USD
3025,US,Google Search,2023-10-24,36,USD
3026,US,Influencer,2024-10-19,66,USD
3027,US,Google Search,2023-11-06,34,USD
3028,US,Google Search,2024-05-09,48,USD
3029,US,Social Media,2023-09-08,35,USD
3030,US,Email Marketing,2025-04-04,49,USD
3031,US,Social Media,2025-04-06,18,USD
3032,US,Social Media,2024-12-02,31,USD
3033,US,Google Search,2024-02-20,24,USD
3034,US,Social Media,2023-11-01,26,USD
3035,US,Google Search,2024-04-09,40,USD
3036,US,Google Search,2023-03-16,55,USD
3037,US,Influencer,2024-12-06,36,USD
3038,US,Email Marketing,2023-03-03,30,USD
3039,US,Social Media,2023-06-11,29,USD
3040,US,Direct,2024-03-26,37,USD
3041,US,Social Media,2024-03-01,46,USD
3042,US,Social Media,2024-05-10,48,USD
3043,US,Google Search,2024-04-20,37,USD
3044,US,Google Search,2023-07-28,21,USD
3045,US,Social Media,2023-12-15,42,USD
3046,US,Direct,2024-09-13,31,USD
3047,US,Influencer,2023-05-28,31,USD
3048,US,Google Search,2023-11-17,30,USD
3049,US,Email Marketing,2025-06-01,54,USD
3050,US,Social Media,2025-01-05,52,USD
3051,US,Influencer,2023-11-23,27,USD
3052,US,Direct,2025-01-21,31,USD
3053,US,Direct,2025-05-31,22,USD
3054,US,Social Media,2023-12-20,24,USD
3055,US,Google Search,2024-02-13,59,USD
3056,US,Social Media,2023-05-14,36,USD
3057,US,Social Media,2025-02-17,45,USD
3058,US,Social Media,2024-01-15,44,USD
3059,US,Google Search,2024-06-11,69,USD
3060,US,Google Search,2024-07-29,24,USD
3061,US,Social Media,2023-04-19,28,USD
3062,US,Influencer,2023-11-23,39,USD
3063,Australia,Social Media,2023-09-05,19,AUD
3064,US,Email Marketing,2024-04-22,32,USD
3065,Australia,Direct,2023-05-06,49,AUD
3066,US,Influencer,2023-10-01,18,USD
3067,US,Google Search,2024-04-05,20,USD
3068,US,Email Marketing,2023-09-11,22,USD
3069,US,Social Media,2023-05-25,50,USD
3070,US,Email Marketing,2023-04-10,33,USD
3071,US,Influencer,2023-02-21,18,USD
3072,US,Social Media,2023-10-25,29,USD
3073,US,Direct,2024-01-29,48,USD
3074,US,Direct,2025-06-03,34,USD
3075,US,Direct,2024-09-22,39,USD
3076,US,Social Media,2024-03-04,41,USD
3077,US,Social Media,2023-09-12,31,USD
3078,US,Social Media,2025-06-05,29,USD
3079,US,Social Media,2025-07-12,26,USD
3080,US,Email Marketing,2023-06-13,40,USD
3081,US,Direct,2025-04-13,19,USD
3082,US,Social Media,2023-12-02,50,USD
3083,US,Social Media,2025-08-14,38,USD
3084,US,Direct,2024-08-14,18,USD
3085,US,Social Media,2025-01-08,32,USD
3086,US,Google Search,2023-11-17,51,USD
3087,US,Google Search,2023-07-14,52,USD
3088,US,Social Media,2025-02-20,31,USD
3089,US,Social Media,2023-06-13,18,USD
3090,US,Direct,2024-05-25,40,USD
3091,US,Direct,2024-06-11,46,USD
3092,US,Email Marketing,2024-04-23,35,USD
3093,US,Social Media,2024-05-25,31,USD
3094,US,Influencer,2025-06-19,18,USD
3095,US,Google Search,2023-11-12,34,USD
3096,US,Direct,2024-05-24,60,USD
3097,US,Google Search,2023-01-24,25,USD
3098,US,Social Media,2023-04-03,43,USD
3099,US,Email Marketing,2024-02-07,30,USD
3100,US,Direct,2024-06-01,48,USD
3101,US,Social Media,2024-04-13,35,USD
3102,UK,Social Media,2023-09-04,38,GBP
3103,US,Social Media,2023-08-09,36,USD
3104,US,Social Media,2024-08-20,18,USD
3105,US,Social Media,2023-12-28,34,USD
3106,US,Social Media,2023-02-19,57,USD
3107,US,Direct,2023-02-21,37,USD
3108,US,Social Media,2023-10-16,30,USD
3109,US,Direct,2024-05-21,49,USD
3110,US,Direct,2024-09-03,34,USD
3111,Japan,Social Media,2025-06-22,26,JPY
3112,US,Social Media,2025-05-13,61,USD
3113,US,Direct,2024-10-31,54,USD
3114,US,Google Search,2024-11-19,59,USD
3115,US,Google Search,2024-04-26,50,USD
3116,US,Google Search,2023-10-20,41,USD
3117,US,Google Search,2024-07-03,31,USD
3118,US,Social Media,2023-01-09,40,USD
3119,US,Google Search,2025-05-17,26,USD
3120,US,Email Marketing,2023-04-21,26,USD
3121,US,Direct,2024-03-17,18,USD
3122,US,Social Media,2023-05-18,28,USD
3123,US,Social Media,2025-06-22,18,USD
3124,US,Social Media,2023-09-28,33,USD
3125,US,Social Media,2025-01-14,30,USD
3126,US,Direct,2024-01-10,53,USD
3127,US,Google Search,2025-02-21,18,USD
3128,US,Google Search,2024-02-17,18,USD
3129,US,Email Marketing,2024-01-10,32,USD
3130,US,Social Media,2023-02-16,32,USD
3131,US,Email Marketing,2024-02-15,46,USD
3132,US,Social Media,2023-02-22,44,USD
3133,US,Social Media,2024-08-06,22,USD
3134,US,Social Media,2024-07-29,20,USD
3135,US,Social Media,2023-07-19,35,USD
3136,France,Social Media,2024-01-07,31,EUR
3137,US,Google Search,2024-07-20,36,USD
3138,US,Social Media,2023-10-23,36,USD
3139,US,Social Media,2023-03-17,48,USD
3140,France,Social Media,2024-01-31,46,EUR
3141,US,Google Search,2024-05-31,46,USD
3142,US,Social Media,2024-04-06,43,USD
3143,US,Social Media,2025-02-21,34,USD
3144,US,Google Search,2024-07-17,48,USD
3145,US,Social Media,2023-10-14,28,USD
3146,US,Social Media,2025-04-25,44,USD
3147,US,Social Media,2024-09-30,40,USD
3148,UK,Social Media,2024-11-27,28,GBP
3149,US,Social Media,2024-09-17,33,USD
3150,US,Social Media,2023-05-02,29,USD
3151,US,Google Search,2023-05-12,48,USD
3152,US,Influencer,2023-04-10,48,USD
3153,US,Social Media,2024-02-08,18,USD
3154,US,Google Search,2024-01-18,26,USD
3155,US,Google Search,2025-03-24,34,USD
3156,US,Email Marketing,2023-12-14,44,USD
3157,US,Google Search,2024-07-25,18,USD
3158,US,Email Marketing,2024-01-10,19,USD
3159,US,Social Media,2025-02-12,24,USD
3160,US,Social Media,2023-05-28,33,USD
3161,US,Social Media,2023-07-23,48,USD
3162,US,Influencer,2024-09-08,20,USD
3163,US,Google Search,2024-06-05,45,USD
3164,US,Social Media,2024-02-16,23,USD
3165,US,Social Media,2024-05-27,38,USD
3166,US,Social Media,2023-02-11,56,USD
3167,US,Social Media,2023-02-16,18,USD
3168,Australia,Social Media,2023-02-09,39,AUD
3169,US,Social Media,2023-05-21,18,USD
3170,US,Email Marketing,2024-12-31,29,USD
3171,US,Google Search,2023-12-08,38,USD
3172,US,Direct,2025-04-03,28,USD
3173,US,Google Search,2024-04-30,46,USD
3174,US,Google Search,2024-06-15,30,USD
3175,US,Direct,2024-04-12,33,USD
3176,US,Influencer,2023-06-02,45,USD
3177,US,Google Search,2024-09-12,55,USD
3178,US,Email Marketing,2025-07-03,43,USD
3179,US,Social Media,2024-06-11,28,USD
3180,US,Direct,2023-05-24,50,USD
3181,US,Email Marketing,2023-12-02,29,USD
3182,US,Direct,2025-08-11,48,USD
3183,US,Influencer,2024-09-19,18,USD
3184,Japan,Google Search,2023-11-23,38,JPY
3185,US,Google Search,2023-06-16,41,USD
3186,US,Direct,2024-02-07,42,USD
3187,US,Email Marketing,2024-09-23,34,USD
3188,US,Influencer,2025-01-27,36,USD
3189,US,Email Marketing,2025-05-12,36,USD
3190,US,Google Search,2023-11-03,46,USD
3191,US,Direct,2024-08-30,61,USD
3192,US,Google Search,2023-12-11,35,USD
3193,US,Social Media,2024-06-03,30,USD
3194,France,Social Media,2025-04-28,29,EUR
3195,US,Google Search,2024-06-05,22,USD
3196,US,Direct,2024-06-29,39,USD
3197,US,Social Media,2024-05-16,28,USD
3198,US,Google Search,2024-12-26,37,USD
3199,US,Google Search,2024-07-30,18,USD
3200,US,Email Marketing,2023-11-03,46,USD
3201,US,Email Marketing,2024-05-01,29,USD
3202,US,Google Search,2025-04-15,61,USD
3203,US,Google Search,2023-01-18,18,USD
3204,US,Direct,2024-01-13,28,USD
3205,US,Influencer,2023-12-06,45,USD
3206,US,Direct,2024-11-20,23,USD
3207,US,Influencer,2023-04-23,32,USD
3208,US,Google Search,2024-03-02,51,USD
3209,US,Google Search,2024-08-20,70,USD
3210,France,Influencer,2023-11-12,43,EUR
3211,US,Google Search,2025-03-26,18,USD
3212,US,Google Search,2025-07-09,22,USD
3213,US,Email Marketing,2025-01-12,31,USD
3214,US,Google Search,2025-06-12,38,USD
3215,US,Social Media,2024-12-05,18,USD
3216,US,Direct,2024-10-06,32,USD
3217,US,Social Media,2023-01-28,18,USD
3218,US,Social Media,2024-09-03,47,USD
3219,US,Social Media,2024-04-30,21,USD
3220,US,Google Search,2023-09-29,39,USD
3221,US,Social Media,2024-11-02,24,USD
3222,US,Google Search,2025-03-12,48,USD
3223,US,Google Search,2025-03-05,22,USD
3224,US,Google Search,2024-08-15,46,USD
3225,US,Google Search,2024-08-14,33,USD
3226,US,Google Search,2023-08-22,61,USD
3227,US,Direct,2025-01-08,58,USD
3228,US,Google Search,2023-02-22,39,USD
3229,US,Direct,2024-08-20,26,USD
3230,US,Social Media,2024-05-06,36,USD
3231,US,Direct,2023-06-24,18,USD
3232,US,Social Media,2024-06-20,57,USD
3233,US,Google Search,2024-10-06,37,USD
3234,US,Direct,2025-01-08,24,USD
3235,US,Google Search,2024-09-26,25,USD
3236,US,Google Search,2025-03-04,29,USD
3237,US,Google Search,2025-05-11,35,USD
3238,US,Email Marketing,2024-01-25,54,USD
3239,US,Influencer,2023-06-01,33,USD
3240,US,Direct,2025-04-21,32,USD
3241,US,Google Search,2024-11-28,36,USD
3242,US,Email Marketing,2023-09-06,43,USD
3243,US,Google Search,2023-02-02,36,USD
3244,US,Influencer,2024-08-09,32,USD
3245,US,Google Search,2024-12-18,18,USD
3246,US,Email Marketing,2023-04-23,38,USD
3247,US,Social Media,2023-07-15,42,USD
3248,US,Social Media,2023-01-20,50,USD
3249,US,Direct,2024-03-27,61,USD
3250,US,Google Search,2023-11-18,46,USD
3251,US,Social Media,2024-03-04,42,USD
3252,US,Social Media,2023-06-05,38,USD
3253,US,Email Marketing,2024-02-27,41,USD
3254,US,Direct,2024-12-08,39,USD
3255,US,Social Media,2023-07-28,37,USD
3256,US,Email Marketing,2024-02-25,18,USD
3257,US,Social Media,2024-05-28,18,USD
3258,US,Influencer,2025-03-04,23,USD
3259,Australia,Direct,2024-09-18,36,AUD
3260,US,Google Search,2025-07-31,49,USD
3261,US,Direct,2024-04-27,27,USD
3262,US,Influencer,2025-06-12,19,USD
3263,US,Direct,2025-05-18,24,USD
3264,US,Email Marketing,2025-01-23,45,USD
3265,US,Influencer,2025-01-14,37,USD
3266,US,Influencer,2023-03-05,48,USD
3267,US,Google Search,2024-12-23,59,USD
3268,US,Social Media,2023-05-22,18,USD
3269,US,Google Search,2024-06-15,22,USD
3270,US,Social Media,2023-08-01,38,USD
3271,US,Social Media,2024-07-28,34,USD
3272,US,Social Media,2023-11-29,36,USD
3273,US,Direct,2024-11-09,38,USD
3274,US,Social Media,2024-05-04,46,USD
3275,US,Influencer,2024-06-22,44,USD
3276,US,Social Media,2024-01-21,24,USD
3277,US,Social Media,2023-11-18,27,USD
3278,US,Social Media,2023-06-27,43,USD
3279,Australia,Social Media,2024-04-15,36,AUD
3280,France,Google Search,2025-07-23,37,EUR
3281,US,Google Search,2024-06-29,32,USD
3282,US,Influencer,2023-12-17,19,USD
3283,US,Google Search,2024-07-13,42,USD
3284,US,Social Media,2023-12-29,61,USD
3285,US,Social Media,2024-11-23,24,USD
3286,US,Social Media,2025-03-01,27,USD
3287,US,Social Media,2025-06-07,47,USD
3288,US,Google Search,2025-01-08,35,USD
3289,US,Google Search,2024-11-28,40,USD
3290,US,Email Marketing,2024-10-20,21,USD
3291,US,Direct,2025-04-02,20,USD
3292,US,Google Search,2024-12-10,28,USD
3293,US,Social Media,2023-09-28,40,USD
3294,US,Google Search,2024-09-16,28,USD
3295,US,Google Search,2024-05-10,31,USD
3296,US,Direct,2023-07-16,34,USD
3297,US,Direct,2023-09-10,40,USD
3298,US,Direct,2023-10-13,23,USD
3299,US,Direct,2024-07-25,33,USD
3300,US,Social Media,2023-11-02,28,USD
3301,US,Direct,2023-08-19,18,USD
3302,US,Google Search,2023-11-01,47,USD
3303,US,Direct,2025-02-28,18,USD
3304,US,Social Media,2023-10-23,31,USD
3305,US,Direct,2024-12-22,27,USD
3306,Australia,Google Search,2023-08-01,42,AUD
3307,US,Direct,2024-12-07,29,USD
3308,US,Social Media,2024-12-22,37,USD
3309,US,Social Media,2024-05-15,27,USD
3310,US,Social Media,2023-11-21,48,USD
3311,US,Social Media,2024-05-06,18,USD
3312,US,Social Media,2023-12-24,22,USD
3313,US,Email Marketing,2024-07-27,24,USD
3314,US,Google Search,2025-08-14,18,USD
3315,US,Direct,2025-08-14,42,USD
3316,US,Direct,2025-03-25,55,USD
3317,US,Google Search,2025-01-08,26,USD
3318,Australia,Social Media,2023-10-08,34,AUD
3319,US,Google Search,2023-10-22,35,USD
3320,US,Social Media,2023-05-05,49,USD
3321,US,Social Media,2024-08-10,41,USD
3322,US,Email Marketing,2024-11-23,35,USD
3323,US,Google Search,2024-07-10,33,USD
3324,US,Social Media,2024-01-24,48,USD
3325,US,Email Marketing,2025-07-06,46,USD
3326,US,Social Media,2024-02-09,37,USD
3327,US,Google Search,2025-04-18,49,USD
3328,US,Google Search,2023-12-20,41,USD
3329,US,Social Media,2025-03-02,39,USD
3330,US,Social Media,2025-04-03,49,USD
3331,US,Google Search,2023-05-30,18,USD
3332,US,Direct,2023-10-25,40,USD
3333,US,Social Media,2023-02-13,31,USD
3334,US,Google Search,2023-10-22,41,USD
3335,US,Influencer,2025-01-01,26,USD
3336,US,Direct,2023-03-22,32,USD
3337,US,Direct,2023-12-21,33,USD
3338,US,Social Media,2025-08-04,32,USD
3339,US,Social Media,2024-03-28,29,USD
3340,US,Social Media,2024-11-02,47,USD
3341,US,Social Media,2023-09-20,30,USD
3342,US,Google Search,2025-02-04,25,USD
3343,US,Direct,2024-05-05,18,USD
3344,US,Google Search,2023-08-08,56,USD
3345,US,Social Media,2023-07-26,37,USD
3346,US,Social Media,2025-04-27,32,USD
3347,US,Google Search,2024-07-05,18,USD
3348,US,Google Search,2023-10-05,43,USD
3349,US,Social Media,2025-08-13,25,USD
3350,US,Google Search,2024-07-29,43,USD
3351,US,Email Marketing,2024-12-13,30,USD
3352,US,Direct,2023-10-06,46,USD
3353,US,Social Media,2023-05-21,53,USD
3354,US,Social Media,2023-04-22,48,USD
3355,US,Direct,2024-09-22,41,USD
3356,US,Social Media,2025-01-28,27,USD
3357,US,Email Marketing,2024-08-23,54,USD
3358,US,Email Marketing,2023-09-03,25,USD
3359,US,Google Search,2023-09-06,18,USD
3360,US,Social Media,2023-02-21,32,USD
3361,US,Google Search,2024-11-16,21,USD
3362,US,Influencer,2025-07-15,41,USD
3363,US,Direct,2024-06-27,30,USD
3364,US,Direct,2023-08-20,54,USD
3365,US,Google Search,2024-10-15,44,USD
3366,US,Google Search,2023-08-27,54,USD
3367,US,Social Media,2023-02-23,39,USD
3368,US,Direct,2023-04-13,44,USD
3369,US,Google Search,2024-02-28,30,USD
3370,US,Direct,2023-12-05,45,USD
3371,US,Google Search,2025-01-04,21,USD
3372,US,Social Media,2024-04-28,36,USD
3373,US,Influencer,2023-04-13,45,USD
3374,US,Google Search,2024-11-28,38,USD
3375,US,Direct,2025-02-28,41,USD
3376,US,Influencer,2023-05-21,37,USD
3377,US,Social Media,2023-01-06,34,USD
3378,US,Google Search,2024-07-17,45,USD
3379,US,Google Search,2025-08-09,54,USD
3380,US,Influencer,2023-06-11,27,USD
3381,US,Social Media,2024-02-21,55,USD
3382,US,Direct,2024-10-30,42,USD
3383,US,Direct,2025-08-15,33,USD
3384,US,Social Media,2025-06-20,29,USD
3385,US,Social Media,2025-06-18,48,USD
3386,UK,Social Media,2024-05-02,41,GBP
3387,US,Influencer,2024-05-03,41,USD
3388,US,Social Media,2024-10-28,25,USD
3389,US,Email Marketing,2023-07-24,33,USD
3390,US,Google Search,2025-02-13,30,USD
3391,US,Influencer,2023-10-22,29,USD
3392,US,Google Search,2023-11-25,33,USD
3393,US,Social Media,2023-10-20,37,USD
3394,Japan,Social Media,2024-10-23,32,JPY
3395,US,Direct,2023-03-02,25,USD
3396,US,Google Search,2025-07-18,53,USD
3397,US,Direct,2025-02-26,33,USD
3398,US,Social Media,2023-04-02,31,USD
3399,US,Email Marketing,2024-10-29,42,USD
3400,US,Google Search,2024-08-10,30,USD
3401,US,Social Media,2023-08-26,36,USD
3402,US,Direct,2024-07-01,52,USD
3403,US,Social Media,2025-01-26,34,USD
3404,US,Email Marketing,2025-01-10,29,USD
3405,US,Google Search,2025-05-20,30,USD
3406,US,Social Media,2025-08-17,53,USD
3407,US,Direct,2023-02-08,30,USD
3408,US,Email Marketing,2025-07-24,48,USD
3409,US,Social Media,2025-08-01,49,USD
3410,US,Social Media,2023-06-29,21,USD
3411,US,Email Marketing,2024-03-03,43,USD
3412,US,Direct,2025-06-22,26,USD
3413,US,Social Media,2025-05-07,35,USD
3414,US,Google Search,2023-06-30,31,USD
3415,US,Social Media,2025-08-14,50,USD
3416,US,Social Media,2025-07-30,49,USD
3417,US,Direct,2023-02-07,39,USD
3418,US,Social Media,2025-05-06,18,USD
3419,US,Social Media,2024-02-11,40,USD
3420,US,Direct,2025-03-17,44,USD
3421,US,Google Search,2024-05-22,38,USD
3422,US,Social Media,2023-07-10,35,USD
3423,US,Influencer,2025-08-17,39,USD
3424,US,Influencer,2025-02-05,51,USD
3425,US,Direct,2025-06-12,45,USD
3426,US,Social Media,2025-08-06,18,USD
3427,US,Direct,2023-10-24,30,USD
3428,US,Social Media,2025-06-16,27,USD
3429,US,Influencer,2023-02-08,28,USD
3430,US,Direct,2023-01-10,18,USD
3431,US,Influencer,2023-11-02,26,USD
3432,US,Google Search,2024-08-04,43,USD
3433,US,Direct,2024-09-09,30,USD
3434,US,Social Media,2023-04-20,36,USD
3435,US,Direct,2025-08-08,18,USD
3436,US,Google Search,2023-12-10,18,USD
3437,US,Influencer,2023-10-19,18,USD
3438,US,Influencer,2024-04-10,18,USD
3439,US,Google Search,2024-10-18,40,USD
3440,US,Direct,2024-07-10,50,USD
3441,US,Google Search,2024-06-20,47,USD
3442,US,Social Media,2024-05-20,35,USD
3443,US,Email Marketing,2025-06-29,31,USD
3444,US,Direct,2023-05-18,20,USD
3445,US,Google Search,2025-05-21,46,USD
3446,US,Direct,2024-05-31,30,USD
3447,US,Influencer,2024-04-24,39,USD
3448,US,Google Search,2023-10-07,33,USD
3449,US,Social Media,2023-07-17,23,USD
3450,US,Google Search,2025-04-08,22,USD
3451,US,Email Marketing,2023-04-26,22,USD
3452,US,Social Media,2023-12-05,42,USD
3453,US,Social Media,2023-06-16,23,USD
3454,US,Social Media,2025-01-18,36,USD
3455,US,Direct,2024-04-14,41,USD
3456,US,Social Media,2024-10-25,43,USD
3457,France,Social Media,2023-09-21,32,EUR
3458,US,Social Media,2025-01-05,38,USD
3459,US,Direct,2023-07-10,18,USD
3460,US,Direct,2023-01-15,44,USD
3461,US,Social Media,2025-01-24,21,USD
3462,US,Social Media,2023-12-12,33,USD
3463,US,Social Media,2025-03-20,22,USD
3464,US,Social Media,2023-10-30,36,USD
3465,Australia,Social Media,2024-08-04,30,AUD
3466,US,Google Search,2024-11-21,37,USD
3467,US,Influencer,2025-02-14,23,USD
3468,US,Influencer,2023-07-17,61,USD
3469,US,Google Search,2023-06-29,33,USD
3470,US,Social Media,2024-09-17,39,USD
3471,US,Social Media,2025-05-26,32,USD
3472,US,Direct,2024-10-16,37,USD
3473,US,Google Search,2025-07-07,23,USD
3474,US,Google Search,2024-02-20,28,USD
3475,US,Social Media,2025-04-26,46,USD
3476,US,Influencer,2024-03-13,31,USD
3477,US,Social Media,2024-06-11,38,USD
3478,US,Social Media,2023-12-02,32,USD
3479,US,Google Search,2023-03-30,30,USD
3480,US,Influencer,2024-02-15,38,USD
3481,US,Google Search,2024-11-16,30,USD
3482,US,Google Search,2023-04-08,52,USD
3483,US,Direct,2023-07-09,38,USD
3484,US,Influencer,2023-05-24,34,USD
3485,US,Social Media,2024-05-03,31,USD
3486,US,Google Search,2023-11-28,51,USD
3487,US,Google Search,2025-08-16,26,USD
3488,US,Direct,2023-09-12,27,USD
3489,US,Direct,2023-01-07,33,USD
3490,US,Email Marketing,2023-09-25,18,USD
3491,UK,Google Search,2024-01-28,49,GBP
3492,US,Social Media,2023-08-30,54,USD
3493,US,Direct,2024-04-02,40,USD
3494,US,Google Search,2025-02-10,18,USD
3495,US,Google Search,2023-10-01,38,USD
3496,US,Google Search,2023-12-04,48,USD
3497,US,Google Search,2023-11-06,32,USD
3498,US,Social Media,2024-08-19,23,USD
3499,US,Social Media,2025-01-10,32,USD
3500,US,Google Search,2024-08-09,42,USD
3501,US,Social Media,2023-01-12,35,USD
3502,US,Google Search,2023-09-25,43,USD
3503,US,Direct,2024-10-31,34,USD
3504,US,Direct,2024-01-04,32,USD
3505,France,Google Search,2024-12-10,35,EUR
3506,US,Influencer,2023-08-30,51,USD
3507,US,Direct,2023-03-05,39,USD
3508,US,Google Search,2024-11-14,18,USD
3509,US,Email Marketing,2023-05-02,32,USD
3510,US,Email Marketing,2024-04-21,45,USD
3511,US,Direct,2023-11-11,34,USD
3512,UK,Social Media,2023-06-13,30,GBP
3513,US,Social Media,2024-02-20,32,USD
3514,US,Social Media,2024-12-03,33,USD
3515,US,Social Media,2024-05-29,39,USD
3516,US,Email Marketing,2025-08-03,25,USD
3517,US,Social Media,2025-07-05,24,USD
3518,US,Direct,2025-06-28,41,USD
3519,US,Email Marketing,2024-12-21,18,USD
3520,US,Google Search,2025-02-27,52,USD
3521,US,Google Search,2023-11-15,22,USD
3522,US,Google Search,2024-12-07,18,USD
3523,US,Social Media,2023-05-01,51,USD
3524,US,Google Search,2024-10-16,30,USD
3525,US,Google Search,2025-07-27,43,USD
3526,US,Social Media,2023-10-30,30,USD
3527,US,Email Marketing,2024-01-12,19,USD
3528,US,Google Search,2024-09-21,20,USD
3529,US,Google Search,2023-08-15,43,USD
3530,US,Social Media,2023-08-13,51,USD
3531,US,Email Marketing,2023-05-17,53,USD
3532,US,Email Marketing,2024-05-04,40,USD
3533,US,Direct,2023-06-06,47,USD
3534,US,Google Search,2024-04-10,31,USD
3535,US,Direct,2025-02-04,34,USD
3536,US,Google Search,2024-09-12,51,USD
3537,US,Influencer,2024-01-18,42,USD
3538,US,Direct,2024-03-01,35,USD
3539,US,Direct,2024-12-19,49,USD
3540,US,Email Marketing,2024-07-16,59,USD
3541,US,Email Marketing,2025-07-23,18,USD
3542,US,Google Search,2024-04-27,28,USD
3543,US,Social Media,2025-02-14,34,USD
3544,US,Direct,2024-07-04,32,USD
3545,US,Google Search,2025-04-01,32,USD
3546,US,Social Media,2024-11-11,29,USD
3547,US,Influencer,2025-04-25,46,USD
3548,US,Social Media,2023-08-12,41,USD
3549,US,Direct,2025-02-19,51,USD
3550,US,Social Media,2023-09-11,49,USD
3551,US,Direct,2024-11-27,46,USD
3552,US,Social Media,2025-02-11,34,USD
3553,US,Direct,2024-09-02,21,USD
3554,US,Direct,2025-06-13,35,USD
3555,US,Email Marketing,2025-03-17,50,USD
3556,US,Social Media,2023-03-25,28,USD
3557,US,Google Search,2024-06-22,32,USD
3558,US,Influencer,2024-04-02,39,USD
3559,US,Direct,2024-06-24,32,USD
3560,US,Social Media,2024-12-21,34,USD
3561,US,Social Media,2024-01-06,33,USD
3562,US,Google Search,2023-03-21,54,USD
3563,US,Influencer,2025-07-28,42,USD
3564,US,Google Search,2024-07-31,39,USD
3565,US,Direct,2023-04-25,18,USD
3566,UK,Email Marketing,2023-03-05,29,GBP
3567,US,Direct,2025-04-28,29,USD
3568,US,Google Search,2024-07-14,31,USD
3569,US,Email Marketing,2025-07-13,47,USD
3570,US,Social Media,2024-06-01,18,USD
3571,US,Direct,2023-07-27,18,USD
3572,US,Influencer,2024-08-09,23,USD
3573,US,Direct,2024-07-03,27,USD
3574,US,Email Marketing,2023-06-03,49,USD
3575,US,Social Media,2023-06-18,24,USD
3576,US,Influencer,2023-12-02,30,USD
3577,US,Social Media,2025-05-24,46,USD
3578,US,Social Media,2024-06-16,18,USD
3579,US,Social Media,2024-03-28,18,USD
3580,US,Google Search,2023-04-30,35,USD
3581,US,Direct,2024-11-27,49,USD
3582,US,Google Search,2023-07-30,19,USD
3583,US,Influencer,2025-01-04,24,USD
3584,US,Influencer,2024-08-20,20,USD
3585,US,Social Media,2024-05-15,34,USD
3586,US,Social Media,2023-04-04,21,USD
3587,US,Direct,2025-07-09,50,USD
3588,US,Social Media,2024-06-06,18,USD
3589,US,Google Search,2024-04-01,29,USD
3590,US,Direct,2025-04-08,19,USD
3591,US,Social Media,2023-02-26,68,USD
3592,US,Google Search,2024-04-09,31,USD
3593,US,Direct,2023-05-16,23,USD
3594,US,Google Search,2024-06-09,43,USD
3595,US,Direct,2024-03-01,52,USD
3596,US,Social Media,2024-04-12,50,USD
3597,US,Google Search,2024-07-31,29,USD
3598,US,Social Media,2023-03-01,39,USD
3599,US,Social Media,2024-07-26,48,USD
3600,US,Social Media,2024-04-18,36,USD
3601,US,Google Search,2024-11-19,40,USD
3602,US,Google Search,2025-04-06,39,USD
3603,US,Social Media,2023-11-12,18,USD
3604,US,Direct,2025-01-10,39,USD
3605,US,Social Media,2023-01-23,25,USD
3606,UK,Social Media,2024-02-10,26,GBP
3607,US,Google Search,2023-09-18,40,USD
3608,US,Google Search,2025-04-16,45,USD
3609,US,Direct,2023-01-04,44,USD
3610,US,Google Search,2025-02-02,39,USD
3611,US,Direct,2023-08-12,47,USD
3612,US,Google Search,2024-08-15,33,USD
3613,US,Google Search,2023-03-16,29,USD
3614,US,Influencer,2023-02-16,21,USD
3615,Japan,Social Media,2024-03-09,29,JPY
3616,US,Google Search,2023-12-19,30,USD
3617,US,Social Media,2024-12-18,25,USD
3618,US,Direct,2023-03-07,47,USD
3619,US,Direct,2024-07-08,28,USD
3620,US,Influencer,2023-03-03,45,USD
3621,US,Social Media,2025-08-15,51,USD
3622,US,Influencer,2025-07-04,32,USD
3623,US,Social Media,2023-03-12,51,USD
3624,US,Social Media,2025-08-14,40,USD
3625,US,Google Search,2024-04-28,38,USD
3626,UK,Social Media,2023-02-02,43,GBP
3627,US,Email Marketing,2023-10-21,42,USD
3628,US,Direct,2024-02-23,31,USD
3629,US,Social Media,2023-07-04,18,USD
3630,US,Direct,2025-02-26,40,USD
3631,US,Social Media,2023-05-19,30,USD
3632,US,Social Media,2025-02-23,38,USD
3633,US,Direct,2024-10-18,34,USD
3634,US,Direct,2025-01-16,36,USD
3635,US,Influencer,2024-10-23,31,USD
3636,US,Email Marketing,2024-03-06,51,USD
3637,US,Social Media,2024-01-19,27,USD
3638,US,Social Media,2025-07-01,38,USD
3639,US,Google Search,2024-01-27,30,USD
3640,US,Google Search,2024-04-04,36,USD
3641,US,Social Media,2025-06-09,26,USD
3642,US,Influencer,2025-07-28,39,USD
3643,US,Google Search,2025-07-17,47,USD
3644,US,Google Search,2024-01-22,44,USD
3645,US,Social Media,2024-01-20,37,USD
3646,US,Influencer,2023-03-24,43,USD
3647,US,Influencer,2024-11-30,42,USD
3648,US,Social Media,2024-11-08,29,USD
3649,US,Influencer,2025-06-14,43,USD
3650,US,Social Media,2024-07-06,30,USD
3651,US,Social Media,2023-05-17,42,USD
3652,US,Social Media,2024-10-31,56,USD
3653,US,Social Media,2025-05-30,30,USD
3654,US,Google Search,2023-12-23,51,USD
3655,US,Social Media,2023-05-02,41,USD
3656,US,Email Marketing,2023-07-02,30,USD
3657,US,Social Media,2024-07-04,55,USD
3658,Japan,Social Media,2024-02-07,39,JPY
3659,US,Direct,2024-06-25,38,USD
3660,US,Influencer,2023-05-11,38,USD
3661,US,Influencer,2025-01-15,23,USD
3662,US,Google Search,2023-08-17,27,USD
3663,US,Social Media,2025-05-04,45,USD
3664,US,Social Media,2023-01-04,25,USD
3665,US,Direct,2025-02-13,36,USD
3666,US,Influencer,2023-01-24,33,USD
3667,US,Social Media,2023-11-02,23,USD
3668,US,Google Search,2024-04-19,35,USD
3669,US,Social Media,2024-11-20,30,USD
3670,US,Social Media,2025-01-06,43,USD
3671,US,Social Media,2024-07-11,44,USD
3672,US,Influencer,2024-03-10,26,USD
3673,US,Email Marketing,2024-06-28,39,USD
3674,Australia,Social Media,2024-01-24,34,AUD
3675,US,Email Marketing,2025-04-23,41,USD
3676,US,Email Marketing,2023-08-24,20,USD
3677,US,Social Media,2023-09-11,52,USD
3678,US,Influencer,2024-04-16,18,USD
3679,US,Social Media,2023-12-21,39,USD
3680,US,Social Media,2023-06-08,53,USD
3681,US,Social Media,2023-10-10,38,USD
3682,US,Google Search,2023-07-13,54,USD
3683,US,Email Marketing,2025-08-17,18,USD
3684,US,Google Search,2025-06-15,38,USD
3685,US,Google Search,2025-01-12,29,USD
3686,US,Influencer,2025-02-22,38,USD
3687,US,Social Media,2023-04-26,23,USD
3688,US,Direct,2023-02-02,20,USD
3689,US,Google Search,2025-04-08,31,USD
3690,US,Google Search,2024-11-07,50,USD
3691,Australia,Direct,2024-03-05,57,AUD
3692,US,Google Search,2024-09-21,46,USD
3693,US,Influencer,2025-02-23,30,USD
3694,US,Google Search,2025-08-16,44,USD
3695,US,Influencer,2025-06-23,46,USD
3696,US,Google Search,2025-06-29,32,USD
3697,US,Direct,2023-01-17,57,USD
3698,US,Social Media,2023-09-04,49,USD
3699,US,Social Media,2023-07-31,47,USD
3700,US,Google Search,2023-03-10,58,USD
3701,US,Social Media,2023-04-14,20,USD
3702,US,Email Marketing,2024-08-31,40,USD
3703,US,Direct,2023-02-04,18,USD
3704,France,Direct,2024-04-02,27,EUR
3705,US,Email Marketing,2024-09-04,25,USD
3706,US,Social Media,2024-11-19,47,USD
3707,US,Direct,2024-12-21,44,USD
3708,Japan,Social Media,2025-06-12,28,JPY
3709,US,Email Marketing,2023-02-19,43,USD
3710,US,Google Search,2023-09-08,43,USD
3711,US,Influencer,2025-01-28,41,USD
3712,US,Influencer,2023-02-15,32,USD
3713,US,Google Search,2024-02-16,18,USD
3714,US,Social Media,2024-03-25,43,USD
3715,US,Social Media,2023-08-28,41,USD
3716,US,Email Marketing,2024-07-06,51,USD
3717,US,Influencer,2023-08-11,23,USD
3718,US,Direct,2025-02-11,41,USD
3719,US,Social Media,2025-06-03,30,USD
3720,US,Google Search,2025-03-05,28,USD
3721,US,Direct,2023-02-27,18,USD
3722,US,Social Media,2023-05-24,44,USD
3723,US,Social Media,2024-05-30,52,USD
3724,US,Social Media,2023-10-24,18,USD
3725,US,Direct,2023-08-28,39,USD
3726,US,Google Search,2025-04-15,41,USD
3727,US,Email Marketing,2025-07-27,50,USD
3728,US,Direct,2025-01-19,48,USD
3729,US,Social Media,2024-08-12,41,USD
3730,US,Google Search,2023-11-23,31,USD
3731,US,Direct,2024-08-14,45,USD
3732,US,Google Search,2024-09-04,53,USD
3733,US,Social Media,2025-03-02,36,USD
3734,US,Google Search,2024-11-19,42,USD
3735,US,Social Media,2025-04-18,47,USD
3736,US,Direct,2023-11-25,20,USD
3737,US,Direct,2023-08-31,37,USD
3738,US,Social Media,2023-11-06,45,USD
3739,US,Google Search,2025-06-16,24,USD
3740,US,Direct,2023-05-27,59,USD
3741,US,Social Media,2024-11-07,34,USD
3742,US,Google Search,2024-06-17,18,USD
3743,US,Social Media,2023-08-15,18,USD
3744,US,Influencer,2024-02-28,39,USD
3745,US,Social Media,2023-11-04,41,USD
3746,US,Email Marketing,2023-10-09,34,USD
3747,US,Influencer,2023-03-04,48,USD
3748,US,Google Search,2024-07-24,43,USD
3749,US,Google Search,2024-08-28,42,USD
3750,US,Email Marketing,2025-06-19,18,USD
3751,UK,Google Search,2025-01-22,30,GBP
3752,US,Google Search,2025-07-22,37,USD
3753,US,Google Search,2023-06-29,23,USD
3754,US,Social Media,2024-10-03,38,USD
3755,US,Direct,2024-11-26,22,USD
3756,US,Direct,2024-03-13,18,USD
3757,US,Google Search,2024-07-23,38,USD
3758,US,Google Search,2024-05-22,34,USD
3759,US,Direct,2023-02-18,25,USD
3760,US,Social Media,2023-12-19,46,USD
3761,US,Google Search,2024-10-20,34,USD
3762,US,Email Marketing,2024-11-18,38,USD
3763,US,Google Search,2024-01-26,32,USD
3764,US,Google Search,2025-03-15,25,USD
3765,US,Direct,2024-06-21,32,USD
3766,US,Influencer,2023-11-23,40,USD
3767,US,Direct,2024-12-14,53,USD
3768,US,Social Media,2024-03-02,46,USD
3769,US,Social Media,2024-02-23,19,USD
3770,US,Influencer,2023-06-02,31,USD
3771,US,Influencer,2023-11-04,38,USD
3772,US,Direct,2024-01-21,22,USD
3773,US,Social Media,2023-07-08,36,USD
3774,US,Influencer,2025-02-11,35,USD
3775,US,Social Media,2024-07-04,35,USD
3776,US,Social Media,2024-04-29,18,USD
3777,US,Social Media,2023-09-04,50,USD
3778,US,Email Marketing,2025-05-19,20,USD
3779,US,Direct,2023-08-19,46,USD
3780,US,Social Media,2023-11-04,39,USD
3781,US,Social Media,2025-05-28,41,USD
3782,US,Google Search,2024-12-25,42,USD
3783,US,Social Media,2023-05-28,29,USD
3784,US,Social Media,2025-04-05,36,USD
3785,US,Google Search,2024-04-19,44,USD
3786,US,Google Search,2025-07-25,29,USD
3787,US,Social Media,2023-03-01,37,USD
3788,US,Direct,2024-07-29,38,USD
3789,US,Influencer,2024-02-27,43,USD
3790,US,Google Search,2024-03-02,18,USD
3791,US,Social Media,2024-07-24,31,USD
3792,Australia,Social Media,2024-06-26,54,AUD
3793,US,Influencer,2023-05-18,45,USD
3794,US,Google Search,2024-02-02,39,USD
3795,US,Social Media,2023-09-06,18,USD
3796,US,Google Search,2023-09-19,37,USD
3797,US,Social Media,2023-07-28,44,USD
3798,US,Influencer,2023-12-05,39,USD
3799,US,Social Media,2024-10-24,37,USD
3800,US,Google Search,2023-03-22,23,USD
3801,France,Google Search,2025-08-02,33,EUR
3802,US,Email Marketing,2024-04-05,20,USD
3803,US,Google Search,2025-05-17,44,USD
3804,UK,Social Media,2024-01-15,19,GBP
3805,US,Google Search,2023-04-05,18,USD
3806,US,Social Media,2024-07-02,32,USD
3807,US,Direct,2025-01-11,33,USD
3808,US,Social Media,2025-04-29,37,USD
3809,US,Influencer,2023-07-15,21,USD
3810,US,Direct,2023-02-22,48,USD
3811,US,Email Marketing,2023-10-02,25,USD
3812,US,Google Search,2024-01-22,29,USD
3813,US,Social Media,2024-11-20,41,USD
3814,Japan,Direct,2024-09-11,27,JPY
3815,US,Social Media,2024-09-09,29,USD
3816,US,Direct,2023-02-10,30,USD
3817,US,Direct,2025-06-13,23,USD
3818,US,Social Media,2023-03-16,20,USD
3819,US,Google Search,2023-07-12,29,USD
3820,US,Email Marketing,2025-04-03,32,USD
3821,US,Social Media,2025-02-18,25,USD
3822,US,Social Media,2024-08-24,43,USD
3823,US,Direct,2025-01-11,28,USD
3824,US,Social Media,2024-11-18,42,USD
3825,US,Influencer,2024-07-26,41,USD
3826,US,Email Marketing,2023-08-11,59,USD
3827,US,Social Media,2024-05-05,41,USD
3828,US,Influencer,2023-08-02,22,USD
3829,US,Influencer,2025-06-09,39,USD
3830,US,Influencer,2025-07-17,31,USD
3831,US,Google Search,2023-12-07,31,USD
3832,US,Influencer,2023-11-07,51,USD
3833,US,Direct,2025-07-19,21,USD
3834,US,Google Search,2023-01-16,55,USD
3835,US,Social Media,2023-08-05,20,USD
3836,US,Direct,2025-08-17,40,USD
3837,US,Social Media,2023-07-14,38,USD
3838,US,Direct,2025-01-29,21,USD
3839,US,Social Media,2023-05-01,33,USD
3840,US,Social Media,2025-02-03,25,USD
3841,US,Social Media,2025-02-11,54,USD
3842,US,Email Marketing,2024-05-05,46,USD
3843,US,Social Media,2025-07-25,46,USD
3844,US,Google Search,2023-09-06,19,USD
3845,US,Direct,2024-12-13,37,USD
3846,US,Social Media,2024-09-10,46,USD
3847,US,Influencer,2024-12-21,50,USD
3848,US,Social Media,2023-07-29,28,USD
3849,US,Social Media,2024-02-11,18,USD
3850,US,Google Search,2025-07-26,47,USD
3851,US,Social Media,2023-09-03,43,USD
3852,US,Social Media,2024-07-19,41,USD
3853,US,Direct,2023-11-26,35,USD
3854,US,Direct,2025-03-05,36,USD
3855,US,Google Search,2023-10-17,28,USD
3856,US,Google Search,2024-01-25,56,USD
3857,US,Google Search,2024-04-22,18,USD
3858,US,Google Search,2024-06-30,27,USD
3859,US,Email Marketing,2024-10-26,24,USD
3860,US,Direct,2024-01-03,23,USD
3861,US,Social Media,2023-11-12,39,USD
3862,US,Email Marketing,2023-09-25,22,USD
3863,US,Social Media,2024-01-04,22,USD
3864,US,Influencer,2024-06-09,25,USD
3865,US,Direct,2025-06-22,29,USD
3866,US,Google Search,2024-05-24,34,USD
3867,US,Social Media,2024-04-22,45,USD
3868,US,Direct,2023-04-11,42,USD
3869,US,Direct,2025-04-02,22,USD
3870,US,Social Media,2025-01-09,18,USD
3871,US,Influencer,2024-04-25,20,USD
3872,US,Google Search,2025-02-18,30,USD
3873,US,Social Media,2025-05-09,52,USD
3874,US,Direct,2023-11-24,37,USD
3875,US,Direct,2025-07-25,18,USD
3876,US,Direct,2023-07-28,26,USD
3877,US,Social Media,2024-01-15,27,USD
3878,US,Direct,2023-11-17,36,USD
3879,US,Direct,2024-02-28,24,USD
3880,US,Direct,2023-02-16,44,USD
3881,US,Social Media,2024-07-30,44,USD
3882,US,Social Media,2025-06-03,35,USD
3883,US,Google Search,2023-08-15,53,USD
3884,US,Email Marketing,2025-01-29,42,USD
3885,US,Direct,2023-05-30,37,USD
3886,US,Social Media,2023-01-17,31,USD
3887,US,Social Media,2023-09-25,44,USD
3888,US,Email Marketing,2024-07-20,46,USD
3889,US,Direct,2025-08-15,18,USD
3890,US,Social Media,2024-08-21,29,USD
3891,US,Google Search,2024-08-16,36,USD
3892,US,Social Media,2025-01-07,32,USD
3893,US,Social Media,2024-03-03,40,USD
3894,US,Email Marketing,2023-10-30,37,USD
3895,US,Social Media,2023-06-06,26,USD
3896,US,Social Media,2023-07-20,21,USD
3897,US,Google Search,2023-12-04,40,USD
3898,US,Direct,2023-08-24,18,USD
3899,US,Google Search,2024-01-24,18,USD
3900,US,Social Media,2024-08-06,34,USD
3901,US,Direct,2025-05-03,29,USD
3902,US,Social Media,2023-09-09,21,USD
3903,US,Social Media,2024-05-26,46,USD
3904,US,Email Marketing,2024-07-17,40,USD
3905,US,Social Media,2024-11-01,39,USD
3906,US,Direct,2024-12-02,22,USD
3907,US,Google Search,2023-12-12,42,USD
3908,US,Google Search,2023-09-21,37,USD
3909,US,Direct,2025-02-20,29,USD
3910,US,Google Search,2025-04-21,21,USD
3911,US,Influencer,2024-05-15,33,USD
3912,US,Email Marketing,2025-01-10,54,USD
3913,US,Social Media,2024-10-19,51,USD
3914,US,Influencer,2025-01-27,37,USD
3915,US,Google Search,2024-05-17,24,USD
3916,US,Influencer,2024-04-16,28,USD
3917,US,Influencer,2023-06-22,34,USD
3918,US,Google Search,2025-01-20,50,USD
3919,US,Social Media,2025-03-25,31,USD
3920,US,Email Marketing,2023-12-27,36,USD
3921,US,Social Media,2023-06-23,65,USD
3922,US,Google Search,2023-05-24,29,USD
3923,US,Social Media,2025-01-07,40,USD
3924,US,Google Search,2024-07-13,18,USD
3925,US,Direct,2024-05-15,24,USD
3926,US,Social Media,2023-07-08,31,USD
3927,US,Google Search,2025-07-27,47,USD
3928,US,Google Search,2025-06-29,19,USD
3929,US,Social Media,2024-07-09,37,USD
3930,US,Social Media,2024-10-19,48,USD
3931,US,Social Media,2023-03-02,35,USD
3932,US,Google Search,2024-06-20,24,USD
3933,US,Google Search,2023-02-04,21,USD
3934,US,Direct,2025-05-09,27,USD
3935,US,Social Media,2025-05-17,38,USD
3936,US,Google Search,2023-03-18,33,USD
3937,US,Direct,2025-04-17,22,USD
3938,US,Direct,2024-11-15,28,USD
3939,US,Email Marketing,2023-02-19,27,USD
3940,Australia,Google Search,2025-02-21,32,AUD
3941,US,Direct,2023-01-07,18,USD
3942,US,Email Marketing,2024-02-27,37,USD
3943,US,Google Search,2023-05-21,19,USD
3944,Australia,Direct,2025-05-12,22,AUD
3945,US,Google Search,2024-10-07,24,USD
3946,US,Email Marketing,2023-08-25,31,USD
3947,US,Social Media,2023-03-11,30,USD
3948,US,Email Marketing,2024-12-25,41,USD
3949,US,Google Search,2023-06-04,50,USD
3950,US,Email Marketing,2023-01-10,38,USD
3951,US,Influencer,2023-08-12,34,USD
3952,US,Direct,2024-06-01,49,USD
3953,US,Google Search,2024-04-11,31,USD
3954,US,Influencer,2024-01-18,39,USD
3955,US,Google Search,2023-03-03,45,USD
3956,US,Email Marketing,2024-09-24,18,USD
3957,US,Email Marketing,2024-10-15,18,USD
3958,US,Direct,2024-11-13,40,USD
3959,US,Social Media,2025-08-14,28,USD
3960,US,Direct,2024-09-23,25,USD
3961,US,Direct,2025-07-23,24,USD
3962,US,Social Media,2024-05-09,21,USD
3963,US,Social Media,2024-11-06,48,USD
3964,US,Social Media,2024-05-14,32,USD
3965,US,Direct,2023-01-17,29,USD
3966,US,Social Media,2023-01-07,41,USD
3967,US,Direct,2024-06-28,19,USD
3968,US,Influencer,2024-07-18,42,USD
3969,US,Social Media,2024-02-26,41,USD
3970,US,Google Search,2023-01-13,25,USD
3971,US,Influencer,2023-01-18,43,USD
3972,US,Social Media,2024-06-26,31,USD
3973,US,Social Media,2025-01-09,35,USD
3974,US,Social Media,2023-10-09,45,USD
3975,US,Influencer,2024-07-02,44,USD
3976,US,Social Media,2023-10-21,39,USD
3977,France,Social Media,2023-01-18,33,EUR
3978,US,Direct,2024-05-29,41,USD
3979,UK,Influencer,2025-04-12,30,GBP
3980,US,Direct,2024-12-15,30,USD
3981,US,Social Media,2024-11-21,36,USD
3982,US,Google Search,2024-03-16,39,USD
3983,US,Influencer,2025-04-05,47,USD
3984,Australia,Direct,2025-07-20,37,AUD
3985,US,Social Media,2023-07-03,27,USD
3986,US,Google Search,2023-04-20,25,USD
3987,US,Social Media,2025-07-29,36,USD
3988,US,Google Search,2023-04-09,31,USD
3989,US,Email Marketing,2024-06-20,57,USD
3990,Australia,Email Marketing,2023-06-02,23,AUD
3991,US,Direct,2023-09-04,37,USD
3992,UK,Google Search,2023-07-16,19,GBP
3993,US,Google Search,2024-09-26,36,USD
3994,US,Social Media,2024-06-23,28,USD
3995,US,Social Media,2023-09-16,27,USD
3996,US,Influencer,2025-04-14,45,USD
3997,US,Direct,2023-12-29,48,USD
3998,US,Direct,2023-10-01,59,USD
3999,US,Email Marketing,2025-03-25,37,USD
4000,Australia,Direct,2024-02-11,19,AUD
4001,US,Direct,2023-03-22,25,USD
4002,US,Direct,2024-01-18,28,USD
4003,US,Social Media,2024-02-20,37,USD
4004,US,Google Search,2024-04-15,34,USD
4005,US,Google Search,2024-08-01,29,USD
4006,US,Social Media,2023-09-07,18,USD
4007,US,Direct,2024-12-14,45,USD
4008,US,Influencer,2023-08-20,51,USD
4009,France,Social Media,2023-11-04,36,EUR
4010,US,Google Search,2024-12-01,18,USD
4011,US,Google Search,2025-04-27,40,USD
4012,Australia,Social Media,2025-05-18,18,AUD
4013,US,Social Media,2023-03-24,36,USD
4014,US,Social Media,2024-10-31,26,USD
4015,US,Google Search,2025-05-28,23,USD
4016,US,Social Media,2024-10-27,42,USD
4017,US,Google Search,2025-02-16,25,USD
4018,US,Direct,2023-02-02,32,USD
4019,US,Direct,2023-04-06,46,USD
4020,US,Social Media,2024-02-20,44,USD
4021,US,Google Search,2024-01-24,32,USD
4022,US,Social Media,2024-01-22,33,USD
4023,US,Google Search,2024-07-19,23,USD
4024,US,Social Media,2024-05-02,36,USD
4025,US,Social Media,2023-02-27,56,USD
4026,US,Google Search,2024-10-14,41,USD
4027,US,Email Marketing,2023-01-10,43,USD
4028,US,Google Search,2024-12-20,24,USD
4029,US,Google Search,2023-06-25,34,USD
4030,US,Email Marketing,2023-03-26,34,USD
4031,US,Influencer,2024-05-26,29,USD
4032,US,Google Search,2025-05-15,47,USD
4033,US,Email Marketing,2024-03-20,35,USD
4034,US,Social Media,2024-10-22,37,USD
4035,US,Google Search,2025-03-14,50,USD
4036,US,Influencer,2023-12-06,37,USD
4037,US,Email Marketing,2024-08-02,35,USD
4038,US,Social Media,2025-05-28,34,USD
4039,US,Influencer,2023-04-08,34,USD
4040,US,Direct,2025-07-05,28,USD
4041,US,Google Search,2024-06-24,38,USD
4042,US,Email Marketing,2025-07-30,34,USD
4043,US,Social Media,2023-02-13,54,USD
4044,US,Social Media,2023-08-24,27,USD
4045,US,Google Search,2023-08-05,40,USD
4046,US,Direct,2025-07-11,37,USD
4047,France,Influencer,2025-06-07,30,EUR
4048,US,Direct,2024-12-09,32,USD
4049,US,Direct,2025-06-27,23,USD
4050,US,Google Search,2024-08-03,29,USD
4051,US,Google Search,2024-05-01,19,USD
4052,US,Social Media,2023-10-05,23,USD
4053,US,Social Media,2023-02-17,25,USD
4054,US,Direct,2025-08-04,48,USD
4055,US,Influencer,2023-03-18,29,USD
4056,US,Direct,2024-12-01,23,USD
4057,US,Social Media,2025-08-05,57,USD
4058,US,Email Marketing,2023-10-15,39,USD
4059,US,Social Media,2025-07-09,18,USD
4060,US,Influencer,2024-07-10,42,USD
4061,US,Google Search,2024-07-31,23,USD
4062,US,Social Media,2024-11-04,25,USD
4063,US,Social Media,2023-02-03,21,USD
4064,France,Direct,2023-07-03,26,EUR
4065,US,Social Media,2025-08-09,18,USD
4066,US,Email Marketing,2025-05-20,36,USD
4067,US,Direct,2023-11-19,44,USD
4068,US,Google Search,2023-01-17,35,USD
4069,US,Google Search,2023-08-01,40,USD
4070,US,Social Media,2024-08-24,21,USD
4071,US,Google Search,2023-05-28,36,USD
4072,US,Social Media,2025-02-09,46,USD
4073,US,Google Search,2025-04-20,30,USD
4074,US,Social Media,2024-12-30,36,USD
4075,US,Influencer,2025-04-20,28,USD
4076,US,Email Marketing,2024-02-12,23,USD
4077,US,Direct,2025-08-09,29,USD
4078,US,Google Search,2023-03-20,44,USD
4079,US,Social Media,2023-11-03,48,USD
4080,US,Google Search,2023-06-16,20,USD
4081,US,Social Media,2024-07-31,35,USD
4082,US,Social Media,2023-09-04,18,USD
4083,US,Direct,2024-08-03,30,USD
4084,US,Google Search,2025-05-04,43,USD
4085,US,Google Search,2025-05-19,47,USD
4086,US,Email Marketing,2024-02-03,18,USD
4087,US,Google Search,2024-11-24,29,USD
4088,US,Direct,2025-07-07,42,USD
4089,US,Google Search,2024-07-07,50,USD
4090,US,Social Media,2023-12-06,42,USD
4091,US,Google Search,2024-01-29,18,USD
4092,US,Social Media,2025-02-12,28,USD
4093,US,Social Media,2025-01-27,32,USD
4094,US,Email Marketing,2023-05-24,29,USD
4095,US,Social Media,2025-03-20,21,USD
4096,US,Social Media,2024-12-06,68,USD
4097,UK,Direct,2025-01-11,29,GBP
4098,US,Social Media,2023-03-22,18,USD
4099,US,Email Marketing,2024-05-27,39,USD
4100,US,Social Media,2025-02-02,30,USD
4101,US,Social Media,2023-12-21,34,USD
4102,US,Influencer,2023-02-24,45,USD
4103,US,Direct,2023-04-11,40,USD
4104,US,Direct,2024-03-23,45,USD
4105,US,Direct,2023-08-26,24,USD
4106,US,Influencer,2025-05-08,20,USD
4107,US,Google Search,2023-03-19,40,USD
4108,US,Direct,2023-12-15,33,USD
4109,US,Google Search,2024-09-11,51,USD
4110,US,Direct,2025-02-26,26,USD
4111,US,Email Marketing,2024-09-20,50,USD
4112,US,Social Media,2024-09-01,18,USD
4113,US,Google Search,2024-02-11,49,USD
4114,US,Social Media,2025-03-03,31,USD
4115,Japan,Social Media,2023-12-01,50,JPY
4116,US,Google Search,2023-01-31,26,USD
4117,US,Email Marketing,2024-10-11,31,USD
4118,US,Google Search,2023-10-07,18,USD
4119,US,Social Media,2025-03-13,29,USD
4120,US,Direct,2024-04-06,34,USD
4121,US,Email Marketing,2024-05-17,25,USD
4122,US,Influencer,2023-08-22,37,USD
4123,US,Direct,2023-12-31,30,USD
4124,US,Social Media,2024-07-20,18,USD
4125,US,Google Search,2024-01-20,24,USD
4126,US,Social Media,2024-03-18,52,USD
4127,US,Direct,2023-07-10,43,USD
4128,US,Social Media,2024-11-27,20,USD
4129,US,Influencer,2024-08-22,51,USD
4130,US,Google Search,2024-11-07,37,USD
4131,US,Influencer,2024-01-25,45,USD
4132,US,Google Search,2023-03-29,45,USD
4133,US,Influencer,2025-03-01,24,USD
4134,US,Social Media,2024-09-25,23,USD
4135,US,Email Marketing,2023-10-30,48,USD
4136,US,Social Media,2025-03-28,37,USD
4137,US,Social Media,2023-09-10,32,USD
4138,US,Social Media,2024-12-31,44,USD
4139,US,Social Media,2023-03-17,49,USD
4140,US,Social Media,2023-03-26,28,USD
4141,US,Email Marketing,2023-10-02,43,USD
4142,US,Google Search,2023-06-07,22,USD
4143,US,Social Media,2024-01-25,41,USD
4144,US,Social Media,2024-12-29,18,USD
4145,US,Google Search,2025-03-13,42,USD
4146,US,Google Search,2024-10-11,26,USD
4147,US,Google Search,2023-06-07,49,USD
4148,US,Google Search,2025-01-27,60,USD
4149,US,Google Search,2024-02-03,35,USD
4150,US,Direct,2023-11-21,43,USD
4151,US,Google Search,2024-01-05,35,USD
4152,US,Social Media,2023-04-20,35,USD
4153,US,Direct,2023-04-04,29,USD
4154,US,Email Marketing,2023-01-06,18,USD
4155,US,Google Search,2023-11-12,18,USD
4156,US,Influencer,2024-03-31,39,USD
4157,US,Social Media,2024-01-04,23,USD
4158,US,Social Media,2025-02-18,18,USD
4159,US,Direct,2023-10-04,30,USD
4160,US,Email Marketing,2023-04-15,18,USD
4161,US,Social Media,2023-05-16,55,USD
4162,US,Google Search,2023-03-31,34,USD
4163,US,Social Media,2023-07-11,18,USD
4164,US,Direct,2024-03-17,33,USD
4165,US,Google Search,2024-04-04,28,USD
4166,US,Influencer,2024-07-24,34,USD
4167,US,Social Media,2024-07-22,39,USD
4168,US,Email Marketing,2024-06-08,24,USD
4169,US,Google Search,2024-02-22,53,USD
4170,US,Google Search,2023-04-16,46,USD
4171,US,Google Search,2023-01-27,49,USD
4172,US,Direct,2023-04-02,53,USD
4173,US,Direct,2023-12-29,18,USD
4174,US,Google Search,2024-07-21,31,USD
4175,US,Influencer,2023-04-06,20,USD
4176,US,Social Media,2024-09-03,18,USD
4177,US,Social Media,2024-09-04,53,USD
4178,US,Email Marketing,2025-03-14,45,USD
4179,US,Social Media,2023-11-29,31,USD
4180,France,Google Search,2025-06-03,29,EUR
4181,US,Email Marketing,2024-01-30,18,USD
4182,US,Email Marketing,2023-01-13,29,USD
4183,US,Google Search,2023-10-26,28,USD
4184,US,Influencer,2024-02-28,41,USD
4185,US,Direct,2024-02-02,28,USD
4186,US,Social Media,2025-03-08,34,USD
4187,US,Social Media,2023-03-28,33,USD
4188,US,Social Media,2025-01-12,37,USD
4189,US,Direct,2025-07-11,34,USD
4190,US,Social Media,2024-07-26,55,USD
4191,US,Social Media,2025-07-15,21,USD
4192,US,Social Media,2023-09-06,31,USD
4193,US,Social Media,2024-08-08,52,USD
4194,US,Social Media,2024-06-17,38,USD
4195,US,Direct,2023-06-23,26,USD
4196,US,Influencer,2024-12-02,26,USD
4197,Japan,Email Marketing,2024-01-25,28,JPY
4198,US,Social Media,2023-06-23,27,USD
4199,Australia,Direct,2023-05-23,25,AUD
4200,US,Email Marketing,2023-10-03,42,USD
4201,US,Email Marketing,2023-11-05,30,USD
4202,US,Direct,2023-10-02,32,USD
4203,US,Social Media,2024-05-19,24,USD
4204,US,Social Media,2023-05-30,43,USD
4205,US,Social Media,2023-03-06,38,USD
4206,US,Email Marketing,2023-06-21,19,USD
4207,US,Google Search,2024-03-21,34,USD
4208,US,Influencer,2023-10-10,31,USD
4209,US,Google Search,2024-03-07,37,USD
4210,US,Social Media,2023-11-03,25,USD
4211,US,Email Marketing,2024-05-10,43,USD
4212,US,Influencer,2025-03-12,42,USD
4213,US,Google Search,2023-03-20,43,USD
4214,Japan,Social Media,2024-01-05,46,JPY
4215,US,Social Media,2023-09-15,24,USD
4216,US,Social Media,2023-09-10,26,USD
4217,US,Direct,2025-01-08,24,USD
4218,US,Direct,2024-10-02,24,USD
4219,US,Email Marketing,2024-05-22,35,USD
4220,US,Email Marketing,2024-08-31,40,USD
4221,US,Social Media,2024-09-23,34,USD
4222,US,Social Media,2023-07-20,41,USD
4223,US,Social Media,2024-04-13,26,USD
4224,US,Social Media,2023-04-20,30,USD
4225,US,Social Media,2023-05-19,18,USD
4226,US,Google Search,2023-11-08,41,USD
4227,US,Social Media,2023-01-07,28,USD
4228,France,Google Search,2024-02-10,26,EUR
4229,US,Social Media,2023-12-07,25,USD
4230,US,Google Search,2025-05-11,34,USD
4231,US,Social Media,2024-09-27,54,USD
4232,Australia,Email Marketing,2024-01-25,18,AUD
4233,US,Direct,2025-04-03,35,USD
4234,US,Social Media,2025-06-01,21,USD
4235,US,Social Media,2023-12-04,30,USD
4236,US,Social Media,2024-03-26,57,USD
4237,US,Google Search,2023-12-09,43,USD
4238,US,Email Marketing,2024-03-16,30,USD
4239,US,Google Search,2025-04-15,21,USD
4240,US,Email Marketing,2025-04-23,22,USD
4241,US,Direct,2025-05-30,27,USD
4242,US,Google Search,2024-10-28,44,USD
4243,US,Social Media,2024-08-31,45,USD
4244,US,Social Media,2023-05-20,38,USD
4245,US,Social Media,2023-11-04,39,USD
4246,US,Google Search,2023-11-25,36,USD
4247,US,Social Media,2024-09-09,38,USD
4248,US,Social Media,2024-12-12,32,USD
4249,US,Direct,2023-07-25,42,USD
4250,US,Influencer,2024-05-05,40,USD
4251,US,Direct,2023-11-18,23,USD
4252,Australia,Social Media,2023-07-01,37,AUD
4253,US,Email Marketing,2024-02-12,48,USD
4254,US,Google Search,2023-11-23,39,USD
4255,US,Social Media,2023-10-26,30,USD
4256,US,Social Media,2025-01-22,41,USD
4257,US,Email Marketing,2024-12-12,54,USD
4258,US,Direct,2024-10-10,32,USD
4259,US,Google Search,2024-05-17,27,USD
4260,US,Social Media,2024-08-12,29,USD
4261,US,Social Media,2025-03-11,38,USD
4262,US,Email Marketing,2023-09-06,49,USD
4263,US,Influencer,2023-11-30,20,USD
4264,US,Direct,2024-01-21,40,USD
4265,US,Email Marketing,2023-10-15,29,USD
4266,US,Social Media,2025-04-16,26,USD
4267,US,Influencer,2025-03-15,33,USD
4268,US,Email Marketing,2024-02-07,25,USD
4269,Japan,Direct,2024-01-09,32,JPY
4270,US,Google Search,2023-04-27,26,USD
4271,US,Google Search,2025-08-12,44,USD
4272,Australia,Influencer,2024-07-31,46,AUD
4273,US,Google Search,2023-07-24,37,USD
4274,US,Email Marketing,2024-08-29,18,USD
4275,US,Social Media,2024-07-12,18,USD
4276,US,Social Media,2023-07-04,46,USD
4277,US,Email Marketing,2024-11-29,24,USD
4278,Australia,Google Search,2025-02-25,23,AUD
4279,US,Social Media,2024-07-17,36,USD
4280,US,Google Search,2023-01-28,26,USD
4281,US,Google Search,2025-01-14,34,USD
4282,US,Direct,2024-04-17,45,USD
4283,US,Social Media,2024-12-26,32,USD
4284,US,Influencer,2023-08-03,61,USD
4285,US,Google Search,2024-03-24,39,USD
4286,US,Influencer,2025-03-27,35,USD
4287,US,Direct,2023-10-26,24,USD
4288,US,Social Media,2025-05-01,26,USD
4289,France,Social Media,2024-12-10,28,EUR
4290,US,Social Media,2023-03-12,44,USD
4291,US,Social Media,2025-04-18,50,USD
4292,US,Social Media,2025-05-18,31,USD
4293,US,Direct,2025-03-25,26,USD
4294,US,Social Media,2025-03-25,18,USD
4295,US,Social Media,2024-02-23,27,USD
4296,US,Social Media,2024-11-20,37,USD
4297,US,Social Media,2024-05-26,20,USD
4298,US,Google Search,2023-05-23,53,USD
4299,US,Email Marketing,2024-10-10,50,USD
4300,US,Influencer,2023-11-07,34,USD
4301,US,Influencer,2023-09-05,18,USD
4302,US,Email Marketing,2023-09-16,54,USD
4303,Australia,Social Media,2024-11-05,27,AUD
4304,US,Social Media,2023-06-07,42,USD
4305,US,Influencer,2025-01-02,39,USD
4306,US,Social Media,2024-03-09,23,USD
4307,US,Google Search,2025-03-19,41,USD
4308,France,Social Media,2024-01-22,28,EUR
4309,US,Google Search,2023-03-17,24,USD
4310,US,Google Search,2024-04-04,46,USD
4311,Australia,Google Search,2024-09-04,40,AUD
4312,US,Direct,2024-05-05,34,USD
4313,US,Influencer,2024-08-19,42,USD
4314,US,Direct,2024-02-15,38,USD
4315,US,Social Media,2024-07-01,26,USD
4316,US,Social Media,2024-06-02,46,USD
4317,US,Social Media,2025-08-03,39,USD
4318,US,Google Search,2025-07-31,48,USD
4319,US,Social Media,2025-06-09,28,USD
4320,UK,Social Media,2024-12-09,32,GBP
4321,US,Google Search,2024-03-04,19,USD
4322,US,Direct,2024-07-10,51,USD
4323,US,Social Media,2023-02-07,19,USD
4324,US,Google Search,2025-03-20,45,USD
4325,US,Google Search,2024-01-04,22,USD
4326,US,Social Media,2024-12-19,48,USD
4327,US,Google Search,2025-07-05,50,USD
4328,US,Google Search,2025-04-11,23,USD
4329,US,Direct,2024-07-03,19,USD
4330,US,Social Media,2024-08-31,46,USD
4331,US,Email Marketing,2024-10-15,20,USD
4332,US,Email Marketing,2025-07-25,31,USD
4333,US,Direct,2023-03-29,30,USD
4334,US,Google Search,2023-04-22,37,USD
4335,US,Email Marketing,2025-02-26,29,USD
4336,US,Social Media,2023-09-12,22,USD
4337,US,Email Marketing,2024-11-04,44,USD
4338,US,Social Media,2024-11-11,18,USD
4339,US,Social Media,2023-12-30,30,USD
4340,US,Google Search,2023-06-20,45,USD
4341,US,Influencer,2024-10-24,45,USD
4342,US,Social Media,2024-09-19,18,USD
4343,US,Email Marketing,2023-02-15,40,USD
4344,US,Google Search,2024-07-30,27,USD
4345,US,Email Marketing,2024-10-22,43,USD
4346,US,Direct,2024-11-24,41,USD
4347,US,Email Marketing,2024-10-24,42,USD
4348,US,Social Media,2024-02-14,30,USD
4349,US,Social Media,2025-02-09,34,USD
4350,US,Influencer,2023-12-06,18,USD
4351,US,Google Search,2025-03-26,67,USD
4352,US,Social Media,2024-03-16,53,USD
4353,US,Social Media,2023-04-19,38,USD
4354,US,Email Marketing,2023-01-11,27,USD
4355,US,Influencer,2023-04-11,33,USD
4356,US,Social Media,2023-09-22,37,USD
4357,US,Email Marketing,2023-08-16,32,USD
4358,US,Social Media,2024-06-06,48,USD
4359,US,Direct,2025-02-03,50,USD
4360,US,Influencer,2024-06-15,34,USD
4361,US,Influencer,2024-07-25,49,USD
4362,US,Email Marketing,2024-08-17,31,USD
4363,US,Social Media,2024-12-05,31,USD
4364,US,Google Search,2024-08-12,42,USD
4365,US,Google Search,2023-08-15,28,USD
4366,US,Google Search,2024-04-01,28,USD
4367,US,Google Search,2024-01-19,38,USD
4368,US,Direct,2024-02-05,44,USD
4369,US,Direct,2024-04-19,26,USD
4370,US,Social Media,2025-03-01,44,USD
4371,US,Social Media,2024-11-26,43,USD
4372,US,Social Media,2024-08-25,44,USD
4373,US,Direct,2024-12-08,40,USD
4374,US,Social Media,2024-05-27,23,USD
4375,US,Direct,2023-06-04,31,USD
4376,US,Social Media,2023-12-20,30,USD
4377,US,Google Search,2023-01-26,25,USD
4378,US,Direct,2024-05-09,58,USD
4379,US,Social Media,2023-04-18,49,USD
4380,UK,Email Marketing,2023-10-30,57,GBP
4381,US,Google Search,2024-03-01,25,USD
4382,US,Social Media,2025-07-31,29,USD
4383,US,Social Media,2023-03-29,37,USD
4384,US,Google Search,2023-04-29,35,USD
4385,US,Social Media,2025-05-01,32,USD
4386,US,Google Search,2025-01-17,21,USD
4387,US,Google Search,2023-05-26,24,USD
4388,US,Google Search,2023-12-23,19,USD
4389,UK,Social Media,2023-11-16,45,GBP
4390,US,Google Search,2023-12-18,39,USD
4391,UK,Direct,2024-04-11,39,GBP
4392,US,Google Search,2025-03-14,43,USD
4393,US,Email Marketing,2023-07-31,40,USD
4394,US,Social Media,2024-06-17,45,USD
4395,US,Google Search,2024-05-09,25,USD
4396,US,Email Marketing,2023-12-23,29,USD
4397,US,Direct,2024-05-02,18,USD
4398,US,Email Marketing,2023-04-10,23,USD
4399,US,Direct,2024-03-24,70,USD
4400,US,Social Media,2025-01-09,41,USD
4401,US,Social Media,2024-12-14,34,USD
4402,US,Direct,2024-04-08,28,USD
4403,US,Social Media,2023-11-23,36,USD
4404,US,Google Search,2023-03-10,29,USD
4405,US,Direct,2023-11-04,18,USD
4406,US,Direct,2023-02-15,41,USD
4407,US,Direct,2025-04-09,35,USD
4408,US,Social Media,2024-12-28,42,USD
4409,US,Direct,2023-04-28,24,USD
4410,Japan,Email Marketing,2023-01-24,36,JPY
4411,US,Email Marketing,2025-05-19,32,USD
4412,US,Google Search,2023-12-18,42,USD
4413,US,Social Media,2024-10-25,25,USD
4414,US,Email Marketing,2023-04-22,18,USD
4415,US,Google Search,2024-11-24,34,USD
4416,US,Influencer,2025-03-30,46,USD
4417,US,Social Media,2023-06-18,40,USD
4418,US,Google Search,2025-08-10,34,USD
4419,US,Social Media,2025-01-28,45,USD
4420,France,Direct,2023-09-07,44,EUR
4421,US,Social Media,2024-06-12,42,USD
4422,US,Social Media,2023-06-28,31,USD
4423,US,Influencer,2024-07-19,41,USD
4424,US,Influencer,2023-06-13,18,USD
4425,US,Social Media,2023-12-05,36,USD
4426,US,Google Search,2024-07-27,25,USD
4427,US,Google Search,2024-03-12,27,USD
4428,US,Direct,2024-04-18,22,USD
4429,US,Social Media,2023-08-26,25,USD
4430,US,Google Search,2025-03-27,53,USD
4431,US,Google Search,2024-02-19,39,USD
4432,US,Google Search,2024-10-06,37,USD
4433,US,Google Search,2023-07-08,31,USD
4434,US,Direct,2023-07-10,45,USD
4435,US,Direct,2024-10-17,32,USD
4436,US,Social Media,2024-11-04,30,USD
4437,US,Google Search,2024-03-18,34,USD
4438,US,Influencer,2024-02-10,41,USD
4439,US,Social Media,2023-01-30,18,USD
4440,US,Google Search,2025-01-25,34,USD
4441,US,Google Search,2024-09-20,39,USD
4442,US,Google Search,2025-06-23,35,USD
4443,US,Social Media,2023-07-22,18,USD
4444,US,Social Media,2024-04-05,42,USD
4445,US,Google Search,2024-08-29,28,USD
4446,US,Google Search,2024-03-15,24,USD
4447,US,Google Search,2024-02-03,58,USD
4448,US,Social Media,2023-01-05,44,USD
4449,US,Email Marketing,2024-12-22,28,USD
4450,US,Google Search,2023-08-08,18,USD
4451,US,Social Media,2023-07-30,32,USD
4452,US,Email Marketing,2023-10-13,36,USD
4453,US,Social Media,2025-02-09,29,USD
4454,US,Influencer,2024-12-21,52,USD
4455,US,Email Marketing,2025-04-08,19,USD
4456,UK,Google Search,2025-03-26,20,GBP
4457,US,Social Media,2023-03-06,27,USD
4458,US,Google Search,2024-08-14,34,USD
4459,US,Google Search,2023-04-15,25,USD
4460,US,Influencer,2025-03-29,37,USD
4461,US,Google Search,2025-06-11,50,USD
4462,US,Influencer,2024-07-03,34,USD
4463,US,Influencer,2023-07-11,29,USD
4464,US,Social Media,2024-01-10,27,USD
4465,US,Email Marketing,2023-11-30,42,USD
4466,US,Direct,2023-07-21,50,USD
4467,US,Email Marketing,2024-04-13,49,USD
4468,US,Email Marketing,2023-04-27,47,USD
4469,US,Google Search,2023-09-26,34,USD
4470,US,Social Media,2024-11-17,53,USD
4471,US,Email Marketing,2025-06-02,50,USD
4472,US,Social Media,2024-05-16,18,USD
4473,US,Social Media,2024-06-24,38,USD
4474,US,Direct,2024-10-16,39,USD
4475,US,Social Media,2023-11-17,27,USD
4476,US,Direct,2024-09-03,18,USD
4477,US,Direct,2024-02-02,42,USD
4478,US,Social Media,2024-09-17,51,USD
4479,US,Direct,2024-02-06,37,USD
4480,US,Google Search,2024-08-24,50,USD
4481,US,Direct,2023-04-27,50,USD
4482,US,Direct,2023-12-23,33,USD
4483,US,Influencer,2023-12-27,40,USD
4484,US,Google Search,2025-05-15,41,USD
4485,US,Google Search,2024-04-13,37,USD
4486,US,Google Search,2024-09-24,21,USD
4487,US,Email Marketing,2023-06-26,37,USD
4488,US,Social Media,2025-04-13,32,USD
4489,US,Direct,2024-11-20,46,USD
4490,US,Social Media,2024-12-23,31,USD
4491,US,Social Media,2025-03-30,28,USD
4492,US,Direct,2023-11-01,40,USD
4493,Australia,Google Search,2025-07-29,29,AUD
4494,US,Direct,2024-09-21,40,USD
4495,US,Social Media,2024-08-27,31,USD
4496,US,Direct,2023-03-28,23,USD
4497,Japan,Social Media,2024-11-19,62,JPY
4498,US,Google Search,2023-05-18,50,USD
4499,US,Google Search,2023-11-17,27,USD
4500,US,Social Media,2023-05-01,33,USD
4501,US,Social Media,2023-09-02,28,USD
4502,US,Social Media,2023-11-09,22,USD
4503,US,Social Media,2023-04-30,42,USD
4504,US,Influencer,2023-07-07,66,USD
4505,France,Social Media,2024-01-18,40,EUR
4506,US,Social Media,2024-12-11,23,USD
4507,US,Email Marketing,2023-05-25,30,USD
4508,US,Google Search,2024-06-07,45,USD
4509,US,Google Search,2024-02-02,33,USD
4510,US,Google Search,2024-03-04,23,USD
4511,US,Influencer,2024-09-02,26,USD
4512,US,Google Search,2023-05-22,27,USD
4513,US,Direct,2024-08-11,64,USD
4514,US,Social Media,2024-01-28,39,USD
4515,US,Email Marketing,2024-03-09,34,USD
4516,US,Google Search,2023-07-10,31,USD
4517,US,Influencer,2024-05-13,53,USD
4518,US,Direct,2024-10-12,18,USD
4519,US,Social Media,2024-07-04,48,USD
4520,US,Influencer,2024-12-11,34,USD
4521,US,Google Search,2025-07-30,52,USD
4522,US,Google Search,2024-10-22,31,USD
4523,US,Influencer,2025-08-11,18,USD
4524,US,Direct,2023-06-27,26,USD
4525,US,Email Marketing,2024-07-22,24,USD
4526,US,Direct,2023-06-20,27,USD
4527,France,Email Marketing,2024-05-16,36,EUR
4528,US,Email Marketing,2023-10-23,25,USD
4529,US,Influencer,2023-05-24,33,USD
4530,US,Social Media,2023-07-11,18,USD
4531,US,Google Search,2023-11-19,18,USD
4532,US,Google Search,2025-05-12,25,USD
4533,US,Social Media,2024-04-06,21,USD
4534,US,Social Media,2024-09-26,23,USD
4535,US,Direct,2023-02-24,49,USD
4536,US,Google Search,2025-06-05,41,USD
4537,US,Google Search,2024-01-03,28,USD
4538,US,Direct,2023-01-10,56,USD
4539,US,Social Media,2024-05-11,27,USD
4540,US,Google Search,2023-05-20,20,USD
4541,US,Direct,2023-07-19,18,USD
4542,US,Direct,2025-04-14,53,USD
4543,US,Social Media,2024-01-29,48,USD
4544,US,Direct,2024-07-29,33,USD
4545,US,Email Marketing,2024-06-01,42,USD
4546,US,Direct,2024-10-30,18,USD
4547,US,Social Media,2024-05-21,24,USD
4548,US,Google Search,2024-02-23,55,USD
4549,US,Google Search,2024-12-02,52,USD
4550,US,Direct,2024-05-18,26,USD
4551,US,Influencer,2024-03-01,28,USD
4552,US,Google Search,2024-12-28,41,USD
4553,US,Email Marketing,2025-05-10,25,USD
4554,US,Influencer,2024-03-30,33,USD
4555,US,Google Search,2024-05-15,20,USD
4556,US,Google Search,2023-06-21,36,USD
4557,US,Social Media,2023-03-26,45,USD
4558,US,Google Search,2024-08-01,42,USD
4559,US,Social Media,2023-02-01,38,USD
4560,US,Direct,2025-03-25,18,USD
4561,US,Social Media,2025-02-18,27,USD
4562,US,Google Search,2023-08-14,49,USD
4563,US,Influencer,2023-10-27,35,USD
4564,US,Social Media,2023-02-03,44,USD
4565,US,Google Search,2023-10-09,32,USD
4566,US,Google Search,2023-08-19,22,USD
4567,US,Social Media,2024-07-04,41,USD
4568,US,Direct,2023-10-23,40,USD
4569,US,Social Media,2023-06-22,30,USD
4570,US,Influencer,2025-03-10,24,USD
4571,US,Google Search,2024-04-13,18,USD
4572,US,Social Media,2024-08-02,29,USD
4573,US,Social Media,2025-01-30,54,USD
4574,US,Email Marketing,2025-03-02,43,USD
4575,US,Google Search,2025-02-23,53,USD
4576,US,Social Media,2024-05-22,35,USD
4577,US,Direct,2024-07-16,18,USD
4578,US,Direct,2024-06-07,25,USD
4579,Japan,Google Search,2023-04-26,28,JPY
4580,US,Google Search,2024-08-09,29,USD
4581,US,Social Media,2023-04-27,47,USD
4582,US,Social Media,2023-10-02,45,USD
4583,Japan,Google Search,2025-03-04,31,JPY
4584,US,Direct,2024-07-10,53,USD
4585,US,Email Marketing,2025-04-23,36,USD
4586,US,Google Search,2024-01-11,42,USD
4587,US,Direct,2024-07-09,21,USD
4588,US,Direct,2025-04-22,44,USD
4589,US,Social Media,2025-02-13,28,USD
4590,US,Google Search,2023-02-12,27,USD
4591,US,Social Media,2025-02-17,34,USD
4592,US,Email Marketing,2025-01-06,39,USD
4593,US,Direct,2024-03-27,42,USD
4594,US,Email Marketing,2024-07-13,23,USD
4595,US,Direct,2023-08-12,47,USD
4596,US,Google Search,2024-03-11,19,USD
4597,US,Influencer,2023-04-15,49,USD
4598,US,Google Search,2025-01-23,40,USD
4599,US,Google Search,2025-04-29,30,USD
4600,US,Direct,2024-10-31,35,USD
4601,US,Google Search,2025-02-08,32,USD
4602,US,Google Search,2023-09-11,21,USD
4603,US,Direct,2023-11-01,55,USD
4604,US,Direct,2025-06-14,32,USD
4605,US,Google Search,2023-02-03,32,USD
4606,US,Direct,2024-04-05,31,USD
4607,US,Direct,2023-09-27,31,USD
4608,US,Google Search,2023-12-23,35,USD
4609,US,Social Media,2025-06-01,32,USD
4610,US,Google Search,2025-04-16,26,USD
4611,US,Social Media,2023-03-31,30,USD
4612,US,Social Media,2024-03-25,32,USD
4613,US,Social Media,2025-06-05,42,USD
4614,US,Google Search,2023-05-01,20,USD
4615,US,Google Search,2025-03-05,41,USD
4616,US,Social Media,2025-04-11,18,USD
4617,US,Social Media,2023-08-31,38,USD
4618,US,Email Marketing,2023-08-03,19,USD
4619,US,Google Search,2025-04-10,21,USD
4620,US,Direct,2025-01-25,38,USD
4621,US,Social Media,2024-08-25,41,USD
4622,US,Email Marketing,2024-12-06,29,USD
4623,US,Google Search,2023-12-26,29,USD
4624,US,Direct,2025-05-31,35,USD
4625,US,Social Media,2024-12-28,29,USD
4626,US,Social Media,2024-09-16,61,USD
4627,US,Influencer,2024-10-09,30,USD
4628,US,Social Media,2024-03-14,38,USD
4629,US,Email Marketing,2023-06-19,27,USD
4630,US,Influencer,2024-09-22,54,USD
4631,US,Direct,2023-05-23,44,USD
4632,Australia,Social Media,2025-03-14,40,AUD
4633,US,Direct,2023-07-31,41,USD
4634,US,Social Media,2025-04-13,18,USD
4635,US,Google Search,2023-07-31,30,USD
4636,US,Social Media,2025-04-04,18,USD
4637,US,Social Media,2023-03-02,51,USD
4638,US,Social Media,2024-08-06,39,USD
4639,US,Social Media,2023-12-26,35,USD
4640,US,Social Media,2024-06-29,35,USD
4641,US,Social Media,2023-10-15,35,USD
4642,US,Direct,2024-09-03,53,USD
4643,US,Google Search,2024-07-05,38,USD
4644,France,Social Media,2023-06-22,18,EUR
4645,US,Social Media,2023-11-28,27,USD
4646,US,Influencer,2024-12-21,18,USD
4647,US,Google Search,2023-10-27,39,USD
4648,US,Social Media,2023-10-24,61,USD
4649,US,Google Search,2024-08-09,42,USD
4650,US,Social Media,2023-10-01,43,USD
4651,US,Google Search,2025-05-28,65,USD
4652,US,Social Media,2024-06-10,55,USD
4653,US,Google Search,2025-07-10,30,USD
4654,US,Email Marketing,2024-11-26,23,USD
4655,US,Direct,2025-04-14,34,USD
4656,US,Google Search,2023-04-08,45,USD
4657,US,Google Search,2023-05-19,31,USD
4658,Japan,Google Search,2025-02-07,34,JPY
4659,US,Influencer,2025-03-15,30,USD
4660,US,Social Media,2024-02-26,30,USD
4661,US,Social Media,2025-07-29,35,USD
4662,US,Direct,2023-03-02,28,USD
4663,US,Influencer,2023-10-11,27,USD
4664,US,Direct,2025-06-06,41,USD
4665,US,Email Marketing,2024-11-02,21,USD
4666,US,Social Media,2023-05-10,64,USD
4667,US,Direct,2024-12-19,33,USD
4668,US,Direct,2025-06-05,34,USD
4669,US,Direct,2023-05-16,31,USD
4670,US,Direct,2023-09-13,18,USD
4671,US,Influencer,2023-05-30,33,USD
4672,US,Direct,2024-12-29,44,USD
4673,US,Email Marketing,2023-11-26,47,USD
4674,US,Direct,2025-04-28,29,USD
4675,US,Direct,2023-09-11,32,USD
4676,US,Google Search,2025-02-18,37,USD
4677,UK,Google Search,2025-05-13,28,GBP
4678,US,Social Media,2024-11-23,19,USD
4679,US,Influencer,2024-02-07,39,USD
4680,US,Social Media,2024-05-16,30,USD
4681,US,Google Search,2023-05-26,43,USD
4682,US,Email Marketing,2024-08-14,44,USD
4683,US,Google Search,2024-10-09,22,USD
4684,France,Google Search,2023-10-03,40,EUR
4685,US,Influencer,2024-10-04,55,USD
4686,US,Email Marketing,2024-02-29,43,USD
4687,US,Social Media,2024-01-20,25,USD
4688,US,Google Search,2024-04-07,34,USD
4689,US,Social Media,2023-03-19,44,USD
4690,US,Google Search,2024-10-10,41,USD
4691,US,Direct,2025-03-24,34,USD
4692,US,Influencer,2025-06-20,31,USD
4693,US,Direct,2025-02-26,43,USD
4694,US,Social Media,2023-04-06,36,USD
4695,US,Social Media,2024-02-17,33,USD
4696,US,Google Search,2024-06-11,48,USD
4697,US,Direct,2025-02-06,33,USD
4698,US,Direct,2023-10-12,59,USD
4699,US,Direct,2024-12-12,29,USD
4700,US,Social Media,2025-08-16,41,USD
4701,US,Email Marketing,2025-06-17,37,USD
4702,US,Social Media,2024-01-13,40,USD
4703,US,Email Marketing,2024-04-10,38,USD
4704,US,Email Marketing,2024-05-14,31,USD
4705,US,Google Search,2023-12-02,49,USD
4706,US,Direct,2024-08-18,28,USD
4707,US,Social Media,2023-01-03,30,USD
4708,US,Social Media,2025-06-08,40,USD
4709,US,Social Media,2025-03-03,21,USD
4710,US,Google Search,2025-05-17,21,USD
4711,US,Social Media,2025-01-20,47,USD
4712,US,Google Search,2023-04-06,44,USD
4713,US,Google Search,2025-01-18,49,USD
4714,US,Direct,2024-04-14,21,USD
4715,US,Google Search,2024-10-12,27,USD
4716,US,Social Media,2024-11-11,37,USD
4717,US,Influencer,2024-12-15,53,USD
4718,US,Social Media,2024-01-02,42,USD
4719,US,Social Media,2025-05-20,34,USD
4720,US,Google Search,2023-03-06,35,USD
4721,US,Social Media,2025-03-25,18,USD
4722,US,Google Search,2024-07-01,31,USD
4723,US,Social Media,2024-02-12,35,USD
4724,US,Google Search,2023-08-12,38,USD
4725,US,Social Media,2024-03-15,41,USD
4726,US,Email Marketing,2025-04-24,58,USD
4727,US,Social Media,2023-08-05,40,USD
4728,US,Direct,2024-05-21,47,USD
4729,US,Email Marketing,2023-10-02,27,USD
4730,US,Social Media,2023-11-27,37,USD
4731,US,Google Search,2025-04-28,19,USD
4732,US,Direct,2023-10-18,40,USD
4733,US,Email Marketing,2023-12-12,50,USD
4734,US,Social Media,2024-07-14,21,USD
4735,US,Google Search,2024-08-14,49,USD
4736,US,Social Media,2023-05-14,29,USD
4737,US,Email Marketing,2024-08-02,35,USD
4738,US,Influencer,2025-05-22,36,USD
4739,US,Email Marketing,2024-05-11,27,USD
4740,US,Social Media,2025-03-18,51,USD
4741,US,Direct,2023-12-18,38,USD
4742,US,Social Media,2025-07-04,41,USD
4743,US,Google Search,2024-11-29,62,USD
4744,US,Influencer,2025-02-19,25,USD
4745,US,Email Marketing,2023-02-19,21,USD
4746,US,Direct,2023-02-17,36,USD
4747,US,Google Search,2023-04-12,38,USD
4748,US,Social Media,2024-10-03,27,USD
4749,US,Influencer,2025-03-13,46,USD
4750,US,Google Search,2025-05-06,19,USD
4751,US,Social Media,2024-04-15,44,USD
4752,US,Social Media,2023-01-17,49,USD
4753,US,Email Marketing,2023-05-08,18,USD
4754,US,Social Media,2025-08-09,33,USD
4755,US,Email Marketing,2025-05-28,18,USD
4756,US,Social Media,2023-06-11,36,USD
4757,US,Social Media,2024-03-27,18,USD
4758,US,Google Search,2024-04-12,37,USD
4759,US,Google Search,2023-01-01,32,USD
4760,US,Google Search,2024-03-14,38,USD
4761,US,Direct,2023-07-27,42,USD
4762,US,Google Search,2024-12-06,44,USD
4763,US,Google Search,2025-07-20,31,USD
4764,US,Google Search,2023-05-16,27,USD
4765,US,Social Media,2025-06-22,48,USD
4766,US,Direct,2024-10-27,54,USD
4767,US,Social Media,2023-11-06,25,USD
4768,US,Influencer,2023-06-12,42,USD
4769,US,Email Marketing,2025-06-14,24,USD
4770,US,Direct,2025-08-13,26,USD
4771,US,Google Search,2025-06-16,54,USD
4772,US,Google Search,2023-10-08,40,USD
4773,US,Social Media,2023-04-06,56,USD
4774,Japan,Google Search,2024-11-01,40,JPY
4775,US,Email Marketing,2024-01-05,42,USD
4776,US,Social Media,2023-09-14,44,USD
4777,US,Email Marketing,2023-03-26,20,USD
4778,France,Direct,2024-01-16,18,EUR
4779,US,Social Media,2024-11-11,24,USD
4780,US,Direct,2025-07-14,36,USD
4781,US,Google Search,2024-10-26,31,USD
4782,US,Influencer,2023-06-19,41,USD
4783,US,Email Marketing,2023-02-23,30,USD
4784,US,Social Media,2024-02-10,31,USD
4785,US,Social Media,2024-10-02,23,USD
4786,US,Influencer,2023-11-09,45,USD
4787,US,Google Search,2025-01-13,27,USD
4788,US,Google Search,2024-12-17,31,USD
4789,US,Email Marketing,2025-02-12,29,USD
4790,US,Social Media,2023-08-28,35,USD
4791,US,Direct,2024-03-15,41,USD
4792,US,Email Marketing,2024-11-02,29,USD
4793,US,Google Search,2023-04-04,31,USD
4794,US,Social Media,2024-12-21,42,USD
4795,US,Direct,2023-04-08,43,USD
4796,US,Social Media,2023-01-02,43,USD
4797,US,Influencer,2023-08-07,41,USD
4798,US,Social Media,2024-05-03,23,USD
4799,US,Google Search,2023-03-21,40,USD
4800,US,Google Search,2023-05-16,44,USD
4801,US,Social Media,2024-08-30,30,USD
4802,US,Google Search,2023-08-20,34,USD
4803,US,Social Media,2024-06-15,49,USD
4804,US,Influencer,2024-11-27,61,USD
4805,US,Email Marketing,2024-03-31,51,USD
4806,US,Social Media,2023-01-10,25,USD
4807,US,Social Media,2023-01-09,56,USD
4808,US,Social Media,2024-12-13,33,USD
4809,US,Direct,2023-12-18,32,USD
4810,US,Google Search,2025-04-16,43,USD
4811,US,Direct,2023-05-04,24,USD
4812,US,Direct,2025-05-30,18,USD
4813,US,Direct,2024-03-08,53,USD
4814,US,Social Media,2024-12-11,33,USD
4815,US,Social Media,2023-05-16,50,USD
4816,US,Google Search,2024-05-04,32,USD
4817,US,Email Marketing,2023-03-14,20,USD
4818,US,Social Media,2023-08-23,45,USD
4819,US,Social Media,2024-01-28,26,USD
4820,US,Social Media,2023-04-02,36,USD
4821,US,Direct,2025-01-18,18,USD
4822,US,Social Media,2025-04-05,38,USD
4823,US,Email Marketing,2023-04-15,37,USD
4824,US,Influencer,2023-04-16,43,USD
4825,US,Direct,2023-11-17,27,USD
4826,US,Google Search,2024-01-12,18,USD
4827,US,Social Media,2025-06-21,38,USD
4828,US,Google Search,2023-11-03,33,USD
4829,US,Email Marketing,2023-05-21,29,USD
4830,US,Email Marketing,2024-01-27,28,USD
4831,US,Social Media,2025-03-03,18,USD
4832,US,Google Search,2025-04-12,34,USD
4833,US,Social Media,2025-02-10,38,USD
4834,US,Social Media,2025-06-14,31,USD
4835,US,Social Media,2023-05-17,53,USD
4836,US,Direct,2024-10-18,44,USD
4837,US,Influencer,2024-11-24,39,USD
4838,US,Social Media,2023-05-27,51,USD
4839,US,Google Search,2023-03-12,32,USD
4840,US,Social Media,2024-06-27,33,USD
4841,US,Social Media,2024-07-30,38,USD
4842,US,Google Search,2023-01-09,51,USD
4843,US,Email Marketing,2024-09-16,43,USD
4844,US,Google Search,2024-10-27,36,USD
4845,US,Google Search,2023-06-18,46,USD
4846,US,Google Search,2024-03-26,43,USD
4847,US,Direct,2023-12-26,25,USD
4848,US,Google Search,2025-01-09,23,USD
4849,US,Google Search,2023-08-07,18,USD
4850,US,Social Media,2024-10-05,41,USD
4851,US,Influencer,2025-02-05,30,USD
4852,US,Social Media,2023-06-05,45,USD
4853,US,Google Search,2025-07-30,45,USD
4854,US,Social Media,2024-02-26,33,USD
4855,US,Social Media,2024-09-22,35,USD
4856,US,Social Media,2024-12-04,28,USD
4857,US,Social Media,2024-03-29,22,USD
4858,US,Influencer,2025-05-30,50,USD
4859,US,Google Search,2023-08-11,38,USD
4860,US,Google Search,2023-03-30,48,USD
4861,US,Email Marketing,2025-07-07,21,USD
4862,US,Social Media,2023-04-13,26,USD
4863,US,Social Media,2023-05-24,27,USD
4864,US,Direct,2025-02-09,25,USD
4865,US,Social Media,2023-05-07,31,USD
4866,US,Google Search,2024-08-26,48,USD
4867,US,Direct,2025-01-17,29,USD
4868,US,Email Marketing,2024-01-29,18,USD
4869,US,Email Marketing,2023-12-26,21,USD
4870,US,Social Media,2024-03-15,18,USD
4871,US,Social Media,2023-11-19,29,USD
4872,US,Social Media,2025-03-21,33,USD
4873,US,Email Marketing,2023-05-24,18,USD
4874,US,Social Media,2023-09-11,29,USD
4875,US,Google Search,2023-10-11,44,USD
4876,US,Direct,2024-10-22,21,USD
4877,US,Social Media,2023-03-28,20,USD
4878,US,Email Marketing,2023-09-12,21,USD
4879,US,Google Search,2024-07-20,26,USD
4880,US,Direct,2024-09-07,35,USD
4881,US,Social Media,2024-09-06,21,USD
4882,US,Google Search,2025-01-08,51,USD
4883,US,Direct,2024-09-14,35,USD
4884,US,Email Marketing,2023-10-19,44,USD
4885,US,Email Marketing,2025-03-08,30,USD
4886,US,Email Marketing,2024-12-08,30,USD
4887,US,Direct,2023-01-28,18,USD
4888,UK,Social Media,2025-05-18,38,GBP
4889,US,Google Search,2025-05-17,18,USD
4890,Australia,Google Search,2024-11-05,53,AUD
4891,US,Social Media,2025-06-15,55,USD
4892,US,Influencer,2023-11-05,41,USD
4893,US,Social Media,2023-07-30,29,USD
4894,France,Social Media,2024-06-14,34,EUR
4895,US,Social Media,2024-09-13,18,USD
4896,US,Social Media,2024-06-05,40,USD
4897,US,Influencer,2023-07-13,37,USD
4898,UK,Direct,2025-02-04,18,GBP
4899,Japan,Influencer,2024-02-06,58,JPY
4900,US,Google Search,2023-10-30,33,USD
4901,US,Google Search,2024-10-23,47,USD
4902,US,Email Marketing,2023-02-25,45,USD
4903,US,Social Media,2025-03-13,32,USD
4904,US,Google Search,2025-07-08,47,USD
4905,US,Email Marketing,2025-03-23,18,USD
4906,US,Email Marketing,2023-09-03,51,USD
4907,US,Email Marketing,2024-05-21,51,USD
4908,US,Social Media,2024-01-31,18,USD
4909,US,Direct,2023-04-26,36,USD
4910,US,Direct,2023-09-04,54,USD
4911,US,Direct,2024-05-26,30,USD
4912,US,Social Media,2024-10-15,34,USD
4913,US,Social Media,2024-08-31,36,USD
4914,US,Social Media,2023-03-14,31,USD
4915,US,Social Media,2024-06-24,41,USD
4916,Australia,Email Marketing,2025-06-29,18,AUD
4917,US,Social Media,2023-01-13,31,USD
4918,US,Social Media,2024-01-05,32,USD
4919,US,Social Media,2025-08-14,42,USD
4920,US,Email Marketing,2023-11-21,40,USD
4921,US,Influencer,2023-05-16,43,USD
4922,US,Google Search,2024-02-01,18,USD
4923,US,Influencer,2025-05-31,18,USD
4924,US,Email Marketing,2025-05-09,33,USD
4925,US,Social Media,2024-08-05,30,USD
4926,US,Social Media,2024-03-06,35,USD
4927,US,Direct,2024-01-10,18,USD
4928,US,Influencer,2024-07-13,28,USD
4929,US,Email Marketing,2024-11-30,32,USD
4930,US,Social Media,2023-06-26,41,USD
4931,US,Direct,2025-02-20,27,USD
4932,US,Google Search,2024-04-27,19,USD
4933,US,Google Search,2025-02-27,33,USD
4934,US,Influencer,2023-03-16,45,USD
4935,US,Social Media,2023-01-18,33,USD
4936,US,Direct,2024-08-24,18,USD
4937,US,Social Media,2023-03-11,18,USD
4938,US,Influencer,2023-01-15,32,USD
4939,US,Social Media,2023-09-26,43,USD
4940,US,Email Marketing,2023-08-09,46,USD
4941,France,Google Search,2023-02-10,18,EUR
4942,US,Google Search,2025-08-02,41,USD
4943,US,Social Media,2023-03-03,25,USD
4944,US,Direct,2025-03-19,27,USD
4945,US,Google Search,2024-02-12,49,USD
4946,US,Influencer,2024-06-02,31,USD
4947,US,Direct,2023-10-21,36,USD
4948,US,Influencer,2024-10-05,29,USD
4949,Japan,Social Media,2024-12-30,18,JPY
4950,US,Social Media,2024-05-28,61,USD
4951,US,Influencer,2025-02-24,18,USD
4952,US,Direct,2024-03-01,30,USD
4953,US,Influencer,2024-03-09,48,USD
4954,US,Social Media,2024-12-19,51,USD
4955,US,Direct,2024-02-16,35,USD
4956,US,Social Media,2023-03-26,37,USD
4957,US,Direct,2024-10-17,43,USD
4958,US,Influencer,2024-07-03,43,USD
4959,Japan,Social Media,2024-07-04,33,JPY
4960,US,Social Media,2024-09-22,38,USD
4961,France,Social Media,2023-06-06,18,EUR
4962,US,Direct,2023-10-12,33,USD
4963,US,Direct,2023-03-27,30,USD
4964,US,Google Search,2023-11-14,46,USD
4965,US,Influencer,2023-03-22,23,USD
4966,US,Google Search,2024-06-07,46,USD
4967,US,Influencer,2025-08-01,55,USD
4968,US,Direct,2023-07-28,30,USD
4969,US,Social Media,2025-04-07,18,USD
4970,US,Direct,2023-06-09,54,USD
4971,US,Social Media,2024-07-03,23,USD
4972,US,Social Media,2023-12-01,18,USD
4973,US,Influencer,2024-02-05,30,USD
4974,US,Direct,2024-08-23,37,USD
4975,US,Direct,2024-10-11,37,USD
4976,US,Direct,2025-02-20,43,USD
4977,Australia,Google Search,2025-05-04,21,AUD
4978,US,Direct,2024-10-27,50,USD
4979,US,Direct,2024-11-28,28,USD
4980,US,Google Search,2024-10-20,40,USD
4981,US,Direct,2023-03-09,46,USD
4982,US,Google Search,2023-11-14,26,USD
4983,US,Direct,2024-12-16,22,USD
4984,US,Email Marketing,2024-03-23,27,USD
4985,US,Social Media,2025-01-17,38,USD
4986,US,Direct,2025-05-16,32,USD
4987,US,Direct,2023-09-02,18,USD
4988,US,Google Search,2023-03-01,21,USD
4989,US,Social Media,2023-09-08,20,USD
4990,US,Influencer,2023-03-30,18,USD
4991,US,Social Media,2025-08-04,35,USD
4992,US,Direct,2024-03-20,18,USD
4993,US,Google Search,2023-04-29,32,USD
4994,US,Social Media,2024-04-09,38,USD
4995,US,Influencer,2024-09-18,40,USD
4996,US,Influencer,2024-09-15,21,USD
4997,US,Influencer,2023-02-26,19,USD
4998,US,Google Search,2023-11-13,19,USD
4999,US,Direct,2024-11-13,44,USD
5000,US,Google Search,2025-01-29,45,USD
